ID,행정동,행정동_idx,배정허브,허브_idx
S01,사직동,0,용두,80
S01,삼청동,1,용두,80
S01,부암동,2,용두,80
S01,평창동,3,신이문,127
S01,무악동,4,용두,80
S01,교남동,5,용두,80
S01,가회동,6,용두,80
S01,종로1·2·3·4가동,7,용두,80
S01,종로5·6가동,8,용두,80
S01,이화동,9,용두,80
S01,창신1동,10,용두,80
S01,창신2동,11,용두,80
S01,창신3동,12,용두,80
S01,숭인1동,13,용두,80
S01,숭인2동,14,용두,80
S01,청운효자동,15,용두,80
S01,혜화동,16,용두,80
S01,소공동,17,용두,80
S01,회현동,18,용두,80
S01,명동,19,용두,80
S01,필동,20,용두,80
S01,장충동,21,용두,80
S01,광희동,22,용두,80
S01,을지로동,23,용두,80
S01,신당5동,24,용두,80
S01,황학동,25,용두,80
S01,중림동,26,충정로,101
S01,신당동,27,용두,80
S01,다산동,28,용두,80
S01,약수동,29,용두,80
S01,청구동,30,용두,80
S01,동화동,31,용두,80
S01,후암동,32,용두,80
S01,용산2가동,33,용두,80
S01,남영동,34,용두,80
S01,원효로2동,35,구로,113
S01,효창동,36,충정로,101
S01,용문동,37,충정로,101
S01,이촌1동,38,총신대입구,99
S01,이촌2동,39,총신대입구,99
S01,이태원1동,40,용두,80
S01,이태원2동,41,용두,80
S01,서빙고동,42,총신대입구,99
S01,보광동,43,용두,80
S01,청파동,44,충정로,101
S01,원효로1동,45,충정로,101
S01,한강로동,46,총신대입구,99
S01,한남동,47,용두,80
S01,왕십리2동,48,용두,80
S01,마장동,49,용두,80
S01,사근동,50,용두,80
S01,행당1동,51,용두,80
S01,행당2동,52,용두,80
S01,응봉동,53,용두,80
S01,금호1가동,54,용두,80
S01,금호4가동,55,용두,80
S01,성수1가1동,56,용두,80
S01,성수1가2동,57,용두,80
S01,성수2가1동,58,용두,80
S01,성수2가3동,59,용두,80
S01,송정동,60,용두,80
S01,용답동,61,용두,80
S01,왕십리도선동,62,용두,80
S01,금호2·3가동,63,용두,80
S01,옥수동,64,용두,80
S01,화양동,65,용두,80
S01,군자동,66,용두,80
S01,중곡1동,67,신이문,127
S01,중곡2동,68,신이문,127
S01,중곡3동,69,신이문,127
S01,중곡4동,70,신이문,127
S01,능동,71,용두,80
S01,구의1동,72,수서,52
S01,구의2동,73,신이문,127
S01,구의3동,74,오금,76
S01,광장동,75,신이문,127
S01,자양1동,76,수서,52
S01,자양2동,77,수서,52
S01,자양3동,78,수서,52
S01,자양4동,79,용두,80
S01,회기동,80,신이문,127
S01,휘경1동,81,신이문,127
S01,휘경2동,82,신이문,127
S01,청량리동,83,신이문,127
S01,용신동,84,용두,80
S01,제기동,85,용두,80
S01,전농1동,86,용두,80
S01,전농2동,87,신이문,127
S01,답십리2동,88,용두,80
S01,장안1동,89,신이문,127
S01,장안2동,90,신이문,127
S01,이문1동,91,신이문,127
S01,이문2동,92,신이문,127
S01,답십리1동,93,용두,80
S01,면목2동,94,신이문,127
S01,면목4동,95,신이문,127
S01,면목5동,96,신이문,127
S01,면목7동,97,신이문,127
S01,상봉1동,98,신이문,127
S01,상봉2동,99,신이문,127
S01,중화1동,100,신이문,127
S01,중화2동,101,신이문,127
S01,묵1동,102,신이문,127
S01,묵2동,103,신이문,127
S01,망우3동,104,신이문,127
S01,신내1동,105,신이문,127
S01,신내2동,106,신이문,127
S01,면목본동,107,신이문,127
S01,면목3·8동,108,신이문,127
S01,망우본동,109,신이문,127
S01,돈암1동,110,용두,80
S01,돈암2동,111,용두,80
S01,안암동,112,용두,80
S01,보문동,113,용두,80
S01,정릉1동,114,신이문,127
S01,정릉2동,115,신이문,127
S01,정릉3동,116,신이문,127
S01,정릉4동,117,창동,97
S01,길음1동,118,신이문,127
S01,길음2동,119,신이문,127
S01,월곡1동,120,신이문,127
S01,월곡2동,121,신이문,127
S01,장위1동,122,신이문,127
S01,장위2동,123,신이문,127
S01,장위3동,124,신이문,127
S01,성북동,125,용두,80
S01,삼선동,126,용두,80
S01,동선동,127,용두,80
S01,종암동,128,신이문,127
S01,석관동,129,신이문,127
S01,번1동,130,창동,97
S01,번2동,131,창동,97
S01,번3동,132,신이문,127
S01,수유1동,133,창동,97
S01,수유2동,134,창동,97
S01,수유3동,135,창동,97
S01,삼양동,136,창동,97
S01,미아동,137,창동,97
S01,송중동,138,신이문,127
S01,송천동,139,신이문,127
S01,삼각산동,140,창동,97
S01,우이동,141,창동,97
S01,인수동,142,창동,97
S01,쌍문1동,143,창동,97
S01,쌍문2동,144,창동,97
S01,쌍문3동,145,창동,97
S01,쌍문4동,146,창동,97
S01,방학1동,147,창동,97
S01,방학2동,148,창동,97
S01,방학3동,149,창동,97
S01,창1동,150,창동,97
S01,창2동,151,창동,97
S01,창3동,152,창동,97
S01,창4동,153,창동,97
S01,창5동,154,창동,97
S01,도봉1동,155,창동,97
S01,도봉2동,156,창동,97
S01,월계1동,157,신이문,127
S01,월계2동,158,창동,97
S01,월계3동,159,신이문,127
S01,공릉2동,160,신이문,127
S01,하계1동,161,창동,97
S01,하계2동,162,창동,97
S01,중계본동,163,창동,97
S01,중계1동,164,창동,97
S01,중계4동,165,창동,97
S01,상계1동,166,창동,97
S01,상계2동,167,창동,97
S01,상계5동,168,창동,97
S01,상계8동,169,창동,97
S01,상계9동,170,창동,97
S01,상계10동,171,창동,97
S01,상계3·4동,172,창동,97
S01,상계6·7동,173,창동,97
S01,중계2·3동,174,창동,97
S01,공릉1동,175,신이문,127
S01,녹번동,176,녹번,17
S01,불광1동,177,녹번,17
S01,갈현1동,178,녹번,17
S01,갈현2동,179,녹번,17
S01,구산동,180,녹번,17
S01,대조동,181,녹번,17
S01,응암1동,182,녹번,17
S01,응암2동,183,녹번,17
S01,신사1동,184,양천구청,72
S01,신사2동,185,양천구청,72
S01,증산동,186,양천구청,72
S01,수색동,187,양천구청,72
S01,진관동,188,녹번,17
S01,불광2동,189,녹번,17
S01,응암3동,190,양천구청,72
S01,역촌동,191,녹번,17
S01,천연동,192,용두,80
S01,홍제1동,193,용두,80
S01,홍제3동,194,용두,80
S01,홍제2동,195,용두,80
S01,홍은1동,196,용두,80
S01,홍은2동,197,용두,80
S01,남가좌1동,198,양천구청,72
S01,남가좌2동,199,양천구청,72
S01,북가좌1동,200,양천구청,72
S01,북가좌2동,201,양천구청,72
S01,충현동,202,충정로,101
S01,북아현동,203,충정로,101
S01,신촌동,204,충정로,101
S01,연희동,205,구로,113
S01,용강동,206,구로,113
S01,대흥동,207,충정로,101
S01,염리동,208,충정로,101
S01,신수동,209,구로,113
S01,서교동,210,구로,113
S01,합정동,211,구로,113
S01,망원1동,212,양천구청,72
S01,망원2동,213,구로,113
S01,연남동,214,구로,113
S01,성산1동,215,양천구청,72
S01,성산2동,216,양천구청,72
S01,상암동,217,양천구청,72
S01,도화동,218,구로,113
S01,서강동,219,양천구청,72
S01,공덕동,220,충정로,101
S01,아현동,221,충정로,101
S01,목1동,222,양천구청,72
S01,목2동,223,양천구청,72
S01,목3동,224,양천구청,72
S01,목4동,225,양천구청,72
S01,신월1동,226,양천구청,72
S01,신월2동,227,양천구청,72
S01,신월3동,228,양천구청,72
S01,신월4동,229,양천구청,72
S01,신월5동,230,양천구청,72
S01,신월6동,231,양천구청,72
S01,신월7동,232,양천구청,72
S01,신정1동,233,양천구청,72
S01,신정2동,234,양천구청,72
S01,신정3동,235,양천구청,72
S01,신정6동,236,양천구청,72
S01,신정7동,237,양천구청,72
S01,목5동,238,양천구청,72
S01,신정4동,239,양천구청,72
S01,염창동,240,양천구청,72
S01,등촌1동,241,양천구청,72
S01,등촌2동,242,양천구청,72
S01,등촌3동,243,양천구청,72
S01,화곡본동,244,양천구청,72
S01,화곡2동,245,양천구청,72
S01,화곡3동,246,양천구청,72
S01,화곡4동,247,양천구청,72
S01,화곡6동,248,양천구청,72
S01,화곡8동,249,양천구청,72
S01,가양2동,250,양천구청,72
S01,가양3동,251,양천구청,72
S01,발산1동,252,양천구청,72
S01,공항동,253,양천구청,72
S01,방화1동,254,양천구청,72
S01,방화2동,255,양천구청,72
S01,화곡1동,256,양천구청,72
S01,우장산동,257,양천구청,72
S01,가양1동,258,양천구청,72
S01,방화3동,259,양천구청,72
S01,신도림동,260,구로,113
S01,구로1동,261,구로,113
S01,구로3동,262,구로,113
S01,구로4동,263,구로,113
S01,구로5동,264,구로,113
S01,고척1동,265,양천구청,72
S01,고척2동,266,양천구청,72
S01,개봉2동,267,양천구청,72
S01,개봉3동,268,양천구청,72
S01,오류1동,269,양천구청,72
S01,수궁동,270,양천구청,72
S01,가리봉동,271,구로,113
S01,구로2동,272,구로,113
S01,개봉1동,273,양천구청,72
S01,오류2동,274,양천구청,72
S01,항동,275,양천구청,72
S01,가산동,276,구로,113
S01,독산1동,277,구로,113
S01,독산2동,278,구로,113
S01,독산3동,279,구로,113
S01,독산4동,280,구로,113
S01,시흥1동,281,구로,113
S01,시흥2동,282,구로,113
S01,시흥3동,283,구로,113
S01,시흥4동,284,구로,113
S01,시흥5동,285,구로,113
S01,여의동,286,구로,113
S01,당산1동,287,구로,113
S01,당산2동,288,구로,113
S01,양평1동,289,양천구청,72
S01,양평2동,290,양천구청,72
S01,신길1동,291,구로,113
S01,신길3동,292,구로,113
S01,신길4동,293,구로,113
S01,신길5동,294,구로,113
S01,신길6동,295,구로,113
S01,신길7동,296,구로,113
S01,대림1동,297,구로,113
S01,대림2동,298,구로,113
S01,대림3동,299,구로,113
S01,영등포본동,300,구로,113
S01,영등포동,301,구로,113
S01,도림동,302,구로,113
S01,문래동,303,구로,113
S01,노량진2동,304,구로,113
S01,상도1동,305,총신대입구,99
S01,상도2동,306,구로,113
S01,상도3동,307,구로,113
S01,상도4동,308,구로,113
S01,사당1동,309,총신대입구,99
S01,사당3동,310,총신대입구,99
S01,사당4동,311,총신대입구,99
S01,사당5동,312,총신대입구,99
S01,대방동,313,구로,113
S01,신대방1동,314,구로,113
S01,신대방2동,315,구로,113
S01,흑석동,316,총신대입구,99
S01,노량진1동,317,총신대입구,99
S01,사당2동,318,총신대입구,99
S01,보라매동,319,구로,113
S01,청림동,320,총신대입구,99
S01,행운동,321,총신대입구,99
S01,낙성대동,322,총신대입구,99
S01,중앙동,323,총신대입구,99
S01,인헌동,324,총신대입구,99
S01,남현동,325,총신대입구,99
S01,서원동,326,구로,113
S01,신원동,327,구로,113
S01,서림동,328,총신대입구,99
S01,신사동,329,구로,113
S01,신림동,330,구로,113
S01,난향동,331,구로,113
S01,조원동,332,구로,113
S01,대학동,333,구로,113
S01,은천동,334,구로,113
S01,성현동,335,총신대입구,99
S01,청룡동,336,총신대입구,99
S01,난곡동,337,구로,113
S01,삼성동,338,구로,113
S01,미성동,339,구로,113
S01,서초1동,340,교대,7
S01,서초2동,341,교대,7
S01,서초3동,342,교대,7
S01,서초4동,343,교대,7
S01,잠원동,344,교대,7
S01,반포본동,345,총신대입구,99
S01,반포1동,346,교대,7
S01,반포2동,347,총신대입구,99
S01,반포3동,348,용두,80
S01,반포4동,349,총신대입구,99
S01,방배본동,350,총신대입구,99
S01,방배1동,351,총신대입구,99
S01,방배2동,352,총신대입구,99
S01,방배3동,353,총신대입구,99
S01,방배4동,354,총신대입구,99
S01,양재1동,355,수서,52
S01,양재2동,356,수서,52
S01,내곡동,357,수서,52
S01,신사동,358,용두,80
S01,개포3동,359,수서,52
S01,논현1동,360,교대,7
S01,논현2동,361,수서,52
S01,삼성1동,362,수서,52
S01,삼성2동,363,수서,52
S01,대치1동,364,수서,52
S01,대치4동,365,수서,52
S01,역삼1동,366,수서,52
S01,역삼2동,367,수서,52
S01,도곡1동,368,수서,52
S01,도곡2동,369,수서,52
S01,개포1동,370,수서,52
S01,개포4동,371,수서,52
S01,일원본동,372,수서,52
S01,일원1동,373,수서,52
S01,수서동,374,수서,52
S01,세곡동,375,수서,52
S01,압구정동,376,용두,80
S01,청담동,377,수서,52
S01,대치2동,378,수서,52
S01,개포2동,379,수서,52
S01,풍납1동,380,오금,76
S01,풍납2동,381,오금,76
S01,거여1동,382,오금,76
S01,거여2동,383,오금,76
S01,마천1동,384,오금,76
S01,마천2동,385,오금,76
S01,방이1동,386,오금,76
S01,방이2동,387,오금,76
S01,오륜동,388,오금,76
S01,오금동,389,오금,76
S01,송파1동,390,오금,76
S01,송파2동,391,오금,76
S01,석촌동,392,수서,52
S01,삼전동,393,수서,52
S01,가락본동,394,오금,76
S01,가락1동,395,수서,52
S01,가락2동,396,오금,76
S01,문정1동,397,수서,52
S01,문정2동,398,수서,52
S01,잠실본동,399,수서,52
S01,잠실4동,400,오금,76
S01,잠실6동,401,수서,52
S01,잠실7동,402,수서,52
S01,잠실2동,403,수서,52
S01,잠실3동,404,수서,52
S01,장지동,405,수서,52
S01,위례동,406,오금,76
S01,명일1동,407,오금,76
S01,명일2동,408,오금,76
S01,고덕1동,409,오금,76
S01,고덕2동,410,오금,76
S01,암사2동,411,오금,76
S01,암사3동,412,오금,76
S01,천호1동,413,오금,76
S01,천호3동,414,오금,76
S01,성내1동,415,오금,76
S01,성내2동,416,오금,76
S01,성내3동,417,오금,76
S01,둔촌1동,418,오금,76
S01,둔촌2동,419,오금,76
S01,암사1동,420,오금,76
S01,천호2동,421,오금,76
S01,길동,422,오금,76
S01,강일동,423,오금,76
S01,상일1동,424,오금,76
S01,상일2동,425,오금,76
S02,사직동,0,신설동,62
S02,삼청동,1,신설동,62
S02,부암동,2,신설동,62
S02,평창동,3,창동,97
S02,무악동,4,충정로,101
S02,교남동,5,충정로,101
S02,가회동,6,신설동,62
S02,종로1·2·3·4가동,7,신설동,62
S02,종로5·6가동,8,신설동,62
S02,이화동,9,신설동,62
S02,창신1동,10,신설동,62
S02,창신2동,11,신설동,62
S02,창신3동,12,신설동,62
S02,숭인1동,13,신설동,62
S02,숭인2동,14,신설동,62
S02,청운효자동,15,신설동,62
S02,혜화동,16,신설동,62
S02,소공동,17,신설동,62
S02,회현동,18,충정로,101
S02,명동,19,신설동,62
S02,필동,20,신설동,62
S02,장충동,21,신설동,62
S02,광희동,22,신설동,62
S02,을지로동,23,신설동,62
S02,신당5동,24,신설동,62
S02,황학동,25,신설동,62
S02,중림동,26,충정로,101
S02,신당동,27,신설동,62
S02,다산동,28,신설동,62
S02,약수동,29,신설동,62
S02,청구동,30,신설동,62
S02,동화동,31,신설동,62
S02,후암동,32,충정로,101
S02,용산2가동,33,신설동,62
S02,남영동,34,충정로,101
S02,원효로2동,35,구로,113
S02,효창동,36,구로,113
S02,용문동,37,구로,113
S02,이촌1동,38,대방,119
S02,이촌2동,39,대방,119
S02,이태원1동,40,신설동,62
S02,이태원2동,41,신설동,62
S02,서빙고동,42,대방,119
S02,보광동,43,신설동,62
S02,청파동,44,충정로,101
S02,원효로1동,45,대방,119
S02,한강로동,46,대방,119
S02,한남동,47,신설동,62
S02,왕십리2동,48,신설동,62
S02,마장동,49,용답,79
S02,사근동,50,용답,79
S02,행당1동,51,용답,79
S02,행당2동,52,신설동,62
S02,응봉동,53,용답,79
S02,금호1가동,54,신설동,62
S02,금호4가동,55,신설동,62
S02,성수1가1동,56,용답,79
S02,성수1가2동,57,용답,79
S02,성수2가1동,58,용답,79
S02,성수2가3동,59,용답,79
S02,송정동,60,용답,79
S02,용답동,61,용답,79
S02,왕십리도선동,62,신설동,62
S02,금호2·3가동,63,신설동,62
S02,옥수동,64,신설동,62
S02,화양동,65,용답,79
S02,군자동,66,용답,79
S02,중곡1동,67,신이문,127
S02,중곡2동,68,신이문,127
S02,중곡3동,69,신이문,127
S02,중곡4동,70,신이문,127
S02,능동,71,용답,79
S02,구의1동,72,용답,79
S02,구의2동,73,신이문,127
S02,구의3동,74,용답,79
S02,광장동,75,용답,79
S02,자양1동,76,용답,79
S02,자양2동,77,용답,79
S02,자양3동,78,용답,79
S02,자양4동,79,용답,79
S02,회기동,80,신이문,127
S02,휘경1동,81,신이문,127
S02,휘경2동,82,신이문,127
S02,청량리동,83,신이문,127
S02,용신동,84,신설동,62
S02,제기동,85,신이문,127
S02,전농1동,86,신이문,127
S02,전농2동,87,신이문,127
S02,답십리2동,88,용답,79
S02,장안1동,89,신이문,127
S02,장안2동,90,신이문,127
S02,이문1동,91,신이문,127
S02,이문2동,92,신이문,127
S02,답십리1동,93,용답,79
S02,면목2동,94,신이문,127
S02,면목4동,95,신이문,127
S02,면목5동,96,신이문,127
S02,면목7동,97,신이문,127
S02,상봉1동,98,신이문,127
S02,상봉2동,99,신이문,127
S02,중화1동,100,신이문,127
S02,중화2동,101,신이문,127
S02,묵1동,102,광운대,112
S02,묵2동,103,신이문,127
S02,망우3동,104,신이문,127
S02,신내1동,105,신이문,127
S02,신내2동,106,광운대,112
S02,면목본동,107,신이문,127
S02,면목3·8동,108,신이문,127
S02,망우본동,109,신이문,127
S02,돈암1동,110,광운대,112
S02,돈암2동,111,광운대,112
S02,안암동,112,신이문,127
S02,보문동,113,신설동,62
S02,정릉1동,114,광운대,112
S02,정릉2동,115,광운대,112
S02,정릉3동,116,창동,97
S02,정릉4동,117,창동,97
S02,길음1동,118,광운대,112
S02,길음2동,119,광운대,112
S02,월곡1동,120,광운대,112
S02,월곡2동,121,광운대,112
S02,장위1동,122,광운대,112
S02,장위2동,123,광운대,112
S02,장위3동,124,광운대,112
S02,성북동,125,신설동,62
S02,삼선동,126,신설동,62
S02,동선동,127,광운대,112
S02,종암동,128,신이문,127
S02,석관동,129,신이문,127
S02,번1동,130,창동,97
S02,번2동,131,창동,97
S02,번3동,132,광운대,112
S02,수유1동,133,창동,97
S02,수유2동,134,창동,97
S02,수유3동,135,창동,97
S02,삼양동,136,창동,97
S02,미아동,137,창동,97
S02,송중동,138,광운대,112
S02,송천동,139,창동,97
S02,삼각산동,140,창동,97
S02,우이동,141,창동,97
S02,인수동,142,창동,97
S02,쌍문1동,143,창동,97
S02,쌍문2동,144,창동,97
S02,쌍문3동,145,창동,97
S02,쌍문4동,146,창동,97
S02,방학1동,147,창동,97
S02,방학2동,148,창동,97
S02,방학3동,149,창동,97
S02,창1동,150,창동,97
S02,창2동,151,창동,97
S02,창3동,152,창동,97
S02,창4동,153,창동,97
S02,창5동,154,창동,97
S02,도봉1동,155,창동,97
S02,도봉2동,156,창동,97
S02,월계1동,157,광운대,112
S02,월계2동,158,창동,97
S02,월계3동,159,광운대,112
S02,공릉2동,160,광운대,112
S02,하계1동,161,광운대,112
S02,하계2동,162,광운대,112
S02,중계본동,163,창동,97
S02,중계1동,164,창동,97
S02,중계4동,165,창동,97
S02,상계1동,166,창동,97
S02,상계2동,167,창동,97
S02,상계5동,168,창동,97
S02,상계8동,169,창동,97
S02,상계9동,170,창동,97
S02,상계10동,171,창동,97
S02,상계3·4동,172,창동,97
S02,상계6·7동,173,창동,97
S02,중계2·3동,174,창동,97
S02,공릉1동,175,광운대,112
S02,녹번동,176,불광,39
S02,불광1동,177,불광,39
S02,갈현1동,178,불광,39
S02,갈현2동,179,양천구청,72
S02,구산동,180,양천구청,72
S02,대조동,181,신정네거리,64
S02,응암1동,182,신정네거리,64
S02,응암2동,183,신정네거리,64
S02,신사1동,184,양천구청,72
S02,신사2동,185,양천구청,72
S02,증산동,186,신정네거리,64
S02,수색동,187,양천구청,72
S02,진관동,188,불광,39
S02,불광2동,189,불광,39
S02,응암3동,190,양천구청,72
S02,역촌동,191,양천구청,72
S02,천연동,192,충정로,101
S02,홍제1동,193,양천구청,72
S02,홍제3동,194,창동,97
S02,홍제2동,195,충정로,101
S02,홍은1동,196,창동,97
S02,홍은2동,197,양천구청,72
S02,남가좌1동,198,양천구청,72
S02,남가좌2동,199,양천구청,72
S02,북가좌1동,200,신정네거리,64
S02,북가좌2동,201,양천구청,72
S02,충현동,202,충정로,101
S02,북아현동,203,아현,67
S02,신촌동,204,아현,67
S02,연희동,205,양천구청,72
S02,용강동,206,구로,113
S02,대흥동,207,구로,113
S02,염리동,208,구로,113
S02,신수동,209,구로,113
S02,서교동,210,양천구청,72
S02,합정동,211,양천구청,72
S02,망원1동,212,양천구청,72
S02,망원2동,213,양천구청,72
S02,연남동,214,양천구청,72
S02,성산1동,215,양천구청,72
S02,성산2동,216,양천구청,72
S02,상암동,217,양천구청,72
S02,도화동,218,구로,113
S02,서강동,219,양천구청,72
S02,공덕동,220,구로,113
S02,아현동,221,아현,67
S02,목1동,222,양천구청,72
S02,목2동,223,신정네거리,64
S02,목3동,224,신정네거리,64
S02,목4동,225,신정네거리,64
S02,신월1동,226,개봉,111
S02,신월2동,227,신정네거리,64
S02,신월3동,228,개봉,111
S02,신월4동,229,개봉,111
S02,신월5동,230,개봉,111
S02,신월6동,231,개봉,111
S02,신월7동,232,개봉,111
S02,신정1동,233,양천구청,72
S02,신정2동,234,양천구청,72
S02,신정3동,235,개봉,111
S02,신정6동,236,양천구청,72
S02,신정7동,237,개봉,111
S02,목5동,238,양천구청,72
S02,신정4동,239,신정네거리,64
S02,염창동,240,신정네거리,64
S02,등촌1동,241,신정네거리,64
S02,등촌2동,242,신정네거리,64
S02,등촌3동,243,신정네거리,64
S02,화곡본동,244,신정네거리,64
S02,화곡2동,245,신정네거리,64
S02,화곡3동,246,신정네거리,64
S02,화곡4동,247,신정네거리,64
S02,화곡6동,248,신정네거리,64
S02,화곡8동,249,신정네거리,64
S02,가양2동,250,신정네거리,64
S02,가양3동,251,신정네거리,64
S02,발산1동,252,개봉,111
S02,공항동,253,개봉,111
S02,방화1동,254,개봉,111
S02,방화2동,255,개봉,111
S02,화곡1동,256,신정네거리,64
S02,우장산동,257,신정네거리,64
S02,가양1동,258,신정네거리,64
S02,방화3동,259,신정네거리,64
S02,신도림동,260,구로,113
S02,구로1동,261,개봉,111
S02,구로3동,262,개봉,111
S02,구로4동,263,개봉,111
S02,구로5동,264,구로,113
S02,고척1동,265,개봉,111
S02,고척2동,266,개봉,111
S02,개봉2동,267,개봉,111
S02,개봉3동,268,개봉,111
S02,오류1동,269,개봉,111
S02,수궁동,270,개봉,111
S02,가리봉동,271,개봉,111
S02,구로2동,272,개봉,111
S02,개봉1동,273,개봉,111
S02,오류2동,274,개봉,111
S02,항동,275,개봉,111
S02,가산동,276,개봉,111
S02,독산1동,277,독산,122
S02,독산2동,278,독산,122
S02,독산3동,279,독산,122
S02,독산4동,280,독산,122
S02,시흥1동,281,독산,122
S02,시흥2동,282,독산,122
S02,시흥3동,283,독산,122
S02,시흥4동,284,독산,122
S02,시흥5동,285,독산,122
S02,여의동,286,구로,113
S02,당산1동,287,구로,113
S02,당산2동,288,구로,113
S02,양평1동,289,양천구청,72
S02,양평2동,290,양천구청,72
S02,신길1동,291,구로,113
S02,신길3동,292,구로,113
S02,신길4동,293,구로,113
S02,신길5동,294,구로,113
S02,신길6동,295,구로,113
S02,신길7동,296,구로,113
S02,대림1동,297,개봉,111
S02,대림2동,298,개봉,111
S02,대림3동,299,구로,113
S02,영등포본동,300,구로,113
S02,영등포동,301,구로,113
S02,도림동,302,구로,113
S02,문래동,303,구로,113
S02,노량진2동,304,구로,113
S02,상도1동,305,독산,122
S02,상도2동,306,구로,113
S02,상도3동,307,구로,113
S02,상도4동,308,구로,113
S02,사당1동,309,총신대입구,99
S02,사당3동,310,총신대입구,99
S02,사당4동,311,총신대입구,99
S02,사당5동,312,독산,122
S02,대방동,313,구로,113
S02,신대방1동,314,독산,122
S02,신대방2동,315,독산,122
S02,흑석동,316,대방,119
S02,노량진1동,317,구로,113
S02,사당2동,318,총신대입구,99
S02,보라매동,319,독산,122
S02,청림동,320,독산,122
S02,행운동,321,독산,122
S02,낙성대동,322,독산,122
S02,중앙동,323,독산,122
S02,인헌동,324,독산,122
S02,남현동,325,독산,122
S02,서원동,326,독산,122
S02,신원동,327,독산,122
S02,서림동,328,독산,122
S02,신사동,329,독산,122
S02,신림동,330,독산,122
S02,난향동,331,독산,122
S02,조원동,332,독산,122
S02,대학동,333,독산,122
S02,은천동,334,독산,122
S02,성현동,335,독산,122
S02,청룡동,336,독산,122
S02,난곡동,337,독산,122
S02,삼성동,338,독산,122
S02,미성동,339,독산,122
S02,서초1동,340,교대,7
S02,서초2동,341,교대,7
S02,서초3동,342,총신대입구,99
S02,서초4동,343,교대,7
S02,잠원동,344,청량리,98
S02,반포본동,345,총신대입구,99
S02,반포1동,346,총신대입구,99
S02,반포2동,347,총신대입구,99
S02,반포3동,348,신설동,62
S02,반포4동,349,총신대입구,99
S02,방배본동,350,총신대입구,99
S02,방배1동,351,총신대입구,99
S02,방배2동,352,총신대입구,99
S02,방배3동,353,총신대입구,99
S02,방배4동,354,총신대입구,99
S02,양재1동,355,수서,52
S02,양재2동,356,수서,52
S02,내곡동,357,수서,52
S02,신사동,358,청량리,98
S02,개포3동,359,수서,52
S02,논현1동,360,신설동,62
S02,논현2동,361,청량리,98
S02,삼성1동,362,수서,52
S02,삼성2동,363,용답,79
S02,대치1동,364,수서,52
S02,대치4동,365,수서,52
S02,역삼1동,366,수서,52
S02,역삼2동,367,수서,52
S02,도곡1동,368,수서,52
S02,도곡2동,369,수서,52
S02,개포1동,370,수서,52
S02,개포4동,371,수서,52
S02,일원본동,372,수서,52
S02,일원1동,373,수서,52
S02,수서동,374,수서,52
S02,세곡동,375,수서,52
S02,압구정동,376,청량리,98
S02,청담동,377,용답,79
S02,대치2동,378,수서,52
S02,개포2동,379,수서,52
S02,풍납1동,380,신이문,127
S02,풍납2동,381,가락시장,0
S02,거여1동,382,오금,76
S02,거여2동,383,오금,76
S02,마천1동,384,오금,76
S02,마천2동,385,오금,76
S02,방이1동,386,오금,76
S02,방이2동,387,가락시장,0
S02,오륜동,388,오금,76
S02,오금동,389,오금,76
S02,송파1동,390,가락시장,0
S02,송파2동,391,가락시장,0
S02,석촌동,392,가락시장,0
S02,삼전동,393,수서,52
S02,가락본동,394,가락시장,0
S02,가락1동,395,수서,52
S02,가락2동,396,가락시장,0
S02,문정1동,397,가락시장,0
S02,문정2동,398,수서,52
S02,잠실본동,399,수서,52
S02,잠실4동,400,가락시장,0
S02,잠실6동,401,가락시장,0
S02,잠실7동,402,수서,52
S02,잠실2동,403,가락시장,0
S02,잠실3동,404,수서,52
S02,장지동,405,가락시장,0
S02,위례동,406,가락시장,0
S02,명일1동,407,오금,76
S02,명일2동,408,오금,76
S02,고덕1동,409,오금,76
S02,고덕2동,410,오금,76
S02,암사2동,411,신이문,127
S02,암사3동,412,용답,79
S02,천호1동,413,용답,79
S02,천호3동,414,신이문,127
S02,성내1동,415,오금,76
S02,성내2동,416,오금,76
S02,성내3동,417,오금,76
S02,둔촌1동,418,오금,76
S02,둔촌2동,419,오금,76
S02,암사1동,420,용답,79
S02,천호2동,421,용답,79
S02,길동,422,오금,76
S02,강일동,423,오금,76
S02,상일1동,424,오금,76
S02,상일2동,425,오금,76
S05,사직동,0,용답,79
S05,삼청동,1,용답,79
S05,부암동,2,용답,79
S05,평창동,3,광운대,112
S05,무악동,4,충정로,101
S05,교남동,5,충정로,101
S05,가회동,6,용답,79
S05,종로1·2·3·4가동,7,용답,79
S05,종로5·6가동,8,용답,79
S05,이화동,9,용답,79
S05,창신1동,10,용답,79
S05,창신2동,11,용답,79
S05,창신3동,12,용답,79
S05,숭인1동,13,용답,79
S05,숭인2동,14,용답,79
S05,청운효자동,15,용답,79
S05,혜화동,16,용답,79
S05,소공동,17,용답,79
S05,회현동,18,용답,79
S05,명동,19,용답,79
S05,필동,20,용답,79
S05,장충동,21,용답,79
S05,광희동,22,용답,79
S05,을지로동,23,용답,79
S05,신당5동,24,용답,79
S05,황학동,25,용답,79
S05,중림동,26,충정로,101
S05,신당동,27,용답,79
S05,다산동,28,용답,79
S05,약수동,29,용답,79
S05,청구동,30,용답,79
S05,동화동,31,용답,79
S05,후암동,32,충정로,101
S05,용산2가동,33,용답,79
S05,남영동,34,충정로,101
S05,원효로2동,35,구로,113
S05,효창동,36,구로,113
S05,용문동,37,구로,113
S05,이촌1동,38,구로,113
S05,이촌2동,39,구로,113
S05,이태원1동,40,용답,79
S05,이태원2동,41,용답,79
S05,서빙고동,42,총신대입구,99
S05,보광동,43,용답,79
S05,청파동,44,충정로,101
S05,원효로1동,45,구로,113
S05,한강로동,46,구로,113
S05,한남동,47,용답,79
S05,왕십리2동,48,용답,79
S05,마장동,49,용답,79
S05,사근동,50,용답,79
S05,행당1동,51,용답,79
S05,행당2동,52,용답,79
S05,응봉동,53,용답,79
S05,금호1가동,54,용답,79
S05,금호4가동,55,용답,79
S05,성수1가1동,56,용답,79
S05,성수1가2동,57,용답,79
S05,성수2가1동,58,용답,79
S05,성수2가3동,59,용답,79
S05,송정동,60,용답,79
S05,용답동,61,용답,79
S05,왕십리도선동,62,용답,79
S05,금호2·3가동,63,용답,79
S05,옥수동,64,용답,79
S05,화양동,65,용답,79
S05,군자동,66,용답,79
S05,중곡1동,67,용답,79
S05,중곡2동,68,용답,79
S05,중곡3동,69,용답,79
S05,중곡4동,70,용답,79
S05,능동,71,용답,79
S05,구의1동,72,용답,79
S05,구의2동,73,용답,79
S05,구의3동,74,용답,79
S05,광장동,75,용답,79
S05,자양1동,76,용답,79
S05,자양2동,77,용답,79
S05,자양3동,78,용답,79
S05,자양4동,79,용답,79
S05,회기동,80,용답,79
S05,휘경1동,81,광운대,112
S05,휘경2동,82,용답,79
S05,청량리동,83,용답,79
S05,용신동,84,용답,79
S05,제기동,85,용답,79
S05,전농1동,86,용답,79
S05,전농2동,87,용답,79
S05,답십리2동,88,용답,79
S05,장안1동,89,용답,79
S05,장안2동,90,용답,79
S05,이문1동,91,광운대,112
S05,이문2동,92,광운대,112
S05,답십리1동,93,용답,79
S05,면목2동,94,용답,79
S05,면목4동,95,용답,79
S05,면목5동,96,용답,79
S05,면목7동,97,용답,79
S05,상봉1동,98,광운대,112
S05,상봉2동,99,광운대,112
S05,중화1동,100,광운대,112
S05,중화2동,101,광운대,112
S05,묵1동,102,광운대,112
S05,묵2동,103,광운대,112
S05,망우3동,104,광운대,112
S05,신내1동,105,광운대,112
S05,신내2동,106,광운대,112
S05,면목본동,107,용답,79
S05,면목3·8동,108,용답,79
S05,망우본동,109,광운대,112
S05,돈암1동,110,광운대,112
S05,돈암2동,111,광운대,112
S05,안암동,112,용답,79
S05,보문동,113,용답,79
S05,정릉1동,114,광운대,112
S05,정릉2동,115,광운대,112
S05,정릉3동,116,광운대,112
S05,정릉4동,117,광운대,112
S05,길음1동,118,광운대,112
S05,길음2동,119,광운대,112
S05,월곡1동,120,광운대,112
S05,월곡2동,121,광운대,112
S05,장위1동,122,광운대,112
S05,장위2동,123,광운대,112
S05,장위3동,124,광운대,112
S05,성북동,125,용답,79
S05,삼선동,126,용답,79
S05,동선동,127,용답,79
S05,종암동,128,광운대,112
S05,석관동,129,광운대,112
S05,번1동,130,창동,97
S05,번2동,131,광운대,112
S05,번3동,132,광운대,112
S05,수유1동,133,창동,97
S05,수유2동,134,창동,97
S05,수유3동,135,창동,97
S05,삼양동,136,창동,97
S05,미아동,137,창동,97
S05,송중동,138,광운대,112
S05,송천동,139,광운대,112
S05,삼각산동,140,광운대,112
S05,우이동,141,창동,97
S05,인수동,142,창동,97
S05,쌍문1동,143,창동,97
S05,쌍문2동,144,창동,97
S05,쌍문3동,145,창동,97
S05,쌍문4동,146,창동,97
S05,방학1동,147,창동,97
S05,방학2동,148,창동,97
S05,방학3동,149,창동,97
S05,창1동,150,창동,97
S05,창2동,151,창동,97
S05,창3동,152,창동,97
S05,창4동,153,창동,97
S05,창5동,154,창동,97
S05,도봉1동,155,창동,97
S05,도봉2동,156,창동,97
S05,월계1동,157,광운대,112
S05,월계2동,158,광운대,112
S05,월계3동,159,광운대,112
S05,공릉2동,160,광운대,112
S05,하계1동,161,광운대,112
S05,하계2동,162,광운대,112
S05,중계본동,163,창동,97
S05,중계1동,164,창동,97
S05,중계4동,165,창동,97
S05,상계1동,166,창동,97
S05,상계2동,167,창동,97
S05,상계5동,168,창동,97
S05,상계8동,169,창동,97
S05,상계9동,170,창동,97
S05,상계10동,171,창동,97
S05,상계3·4동,172,창동,97
S05,상계6·7동,173,창동,97
S05,중계2·3동,174,창동,97
S05,공릉1동,175,광운대,112
S05,녹번동,176,불광,39
S05,불광1동,177,불광,39
S05,갈현1동,178,불광,39
S05,갈현2동,179,불광,39
S05,구산동,180,불광,39
S05,대조동,181,불광,39
S05,응암1동,182,불광,39
S05,응암2동,183,구로,113
S05,신사1동,184,불광,39
S05,신사2동,185,양천구청,72
S05,증산동,186,양천구청,72
S05,수색동,187,구로,113
S05,진관동,188,불광,39
S05,불광2동,189,불광,39
S05,응암3동,190,양천구청,72
S05,역촌동,191,불광,39
S05,천연동,192,충정로,101
S05,홍제1동,193,충정로,101
S05,홍제3동,194,충정로,101
S05,홍제2동,195,충정로,101
S05,홍은1동,196,충정로,101
S05,홍은2동,197,구로,113
S05,남가좌1동,198,구로,113
S05,남가좌2동,199,구로,113
S05,북가좌1동,200,구로,113
S05,북가좌2동,201,구로,113
S05,충현동,202,충정로,101
S05,북아현동,203,충정로,101
S05,신촌동,204,충정로,101
S05,연희동,205,구로,113
S05,용강동,206,구로,113
S05,대흥동,207,구로,113
S05,염리동,208,구로,113
S05,신수동,209,구로,113
S05,서교동,210,구로,113
S05,합정동,211,구로,113
S05,망원1동,212,구로,113
S05,망원2동,213,구로,113
S05,연남동,214,구로,113
S05,성산1동,215,구로,113
S05,성산2동,216,구로,113
S05,상암동,217,구로,113
S05,도화동,218,구로,113
S05,서강동,219,구로,113
S05,공덕동,220,충정로,101
S05,아현동,221,충정로,101
S05,목1동,222,양천구청,72
S05,목2동,223,양천구청,72
S05,목3동,224,양천구청,72
S05,목4동,225,양천구청,72
S05,신월1동,226,양천구청,72
S05,신월2동,227,양천구청,72
S05,신월3동,228,양천구청,72
S05,신월4동,229,양천구청,72
S05,신월5동,230,양천구청,72
S05,신월6동,231,양천구청,72
S05,신월7동,232,양천구청,72
S05,신정1동,233,양천구청,72
S05,신정2동,234,양천구청,72
S05,신정3동,235,양천구청,72
S05,신정6동,236,양천구청,72
S05,신정7동,237,양천구청,72
S05,목5동,238,양천구청,72
S05,신정4동,239,양천구청,72
S05,염창동,240,양천구청,72
S05,등촌1동,241,양천구청,72
S05,등촌2동,242,양천구청,72
S05,등촌3동,243,양천구청,72
S05,화곡본동,244,양천구청,72
S05,화곡2동,245,양천구청,72
S05,화곡3동,246,양천구청,72
S05,화곡4동,247,양천구청,72
S05,화곡6동,248,양천구청,72
S05,화곡8동,249,양천구청,72
S05,가양2동,250,양천구청,72
S05,가양3동,251,양천구청,72
S05,발산1동,252,양천구청,72
S05,공항동,253,양천구청,72
S05,방화1동,254,양천구청,72
S05,방화2동,255,양천구청,72
S05,화곡1동,256,양천구청,72
S05,우장산동,257,양천구청,72
S05,가양1동,258,양천구청,72
S05,방화3동,259,양천구청,72
S05,신도림동,260,구로,113
S05,구로1동,261,구로,113
S05,구로3동,262,구로,113
S05,구로4동,263,구로,113
S05,구로5동,264,구로,113
S05,고척1동,265,구로,113
S05,고척2동,266,양천구청,72
S05,개봉2동,267,양천구청,72
S05,개봉3동,268,양천구청,72
S05,오류1동,269,양천구청,72
S05,수궁동,270,양천구청,72
S05,가리봉동,271,구로,113
S05,구로2동,272,구로,113
S05,개봉1동,273,양천구청,72
S05,오류2동,274,양천구청,72
S05,항동,275,양천구청,72
S05,가산동,276,구로,113
S05,독산1동,277,구로,113
S05,독산2동,278,구로,113
S05,독산3동,279,구로,113
S05,독산4동,280,구로,113
S05,시흥1동,281,구로,113
S05,시흥2동,282,구로,113
S05,시흥3동,283,구로,113
S05,시흥4동,284,구로,113
S05,시흥5동,285,구로,113
S05,여의동,286,구로,113
S05,당산1동,287,구로,113
S05,당산2동,288,구로,113
S05,양평1동,289,구로,113
S05,양평2동,290,구로,113
S05,신길1동,291,구로,113
S05,신길3동,292,구로,113
S05,신길4동,293,구로,113
S05,신길5동,294,구로,113
S05,신길6동,295,구로,113
S05,신길7동,296,구로,113
S05,대림1동,297,구로,113
S05,대림2동,298,구로,113
S05,대림3동,299,구로,113
S05,영등포본동,300,구로,113
S05,영등포동,301,구로,113
S05,도림동,302,구로,113
S05,문래동,303,구로,113
S05,노량진2동,304,구로,113
S05,상도1동,305,구로,113
S05,상도2동,306,구로,113
S05,상도3동,307,구로,113
S05,상도4동,308,구로,113
S05,사당1동,309,총신대입구,99
S05,사당3동,310,총신대입구,99
S05,사당4동,311,총신대입구,99
S05,사당5동,312,총신대입구,99
S05,대방동,313,구로,113
S05,신대방1동,314,구로,113
S05,신대방2동,315,구로,113
S05,흑석동,316,총신대입구,99
S05,노량진1동,317,구로,113
S05,사당2동,318,총신대입구,99
S05,보라매동,319,구로,113
S05,청림동,320,총신대입구,99
S05,행운동,321,총신대입구,99
S05,낙성대동,322,총신대입구,99
S05,중앙동,323,구로,113
S05,인헌동,324,총신대입구,99
S05,남현동,325,총신대입구,99
S05,서원동,326,구로,113
S05,신원동,327,구로,113
S05,서림동,328,구로,113
S05,신사동,329,구로,113
S05,신림동,330,구로,113
S05,난향동,331,구로,113
S05,조원동,332,구로,113
S05,대학동,333,구로,113
S05,은천동,334,구로,113
S05,성현동,335,총신대입구,99
S05,청룡동,336,구로,113
S05,난곡동,337,구로,113
S05,삼성동,338,구로,113
S05,미성동,339,구로,113
S05,서초1동,340,총신대입구,99
S05,서초2동,341,수서,52
S05,서초3동,342,총신대입구,99
S05,서초4동,343,총신대입구,99
S05,잠원동,344,총신대입구,99
S05,반포본동,345,총신대입구,99
S05,반포1동,346,총신대입구,99
S05,반포2동,347,총신대입구,99
S05,반포3동,348,용답,79
S05,반포4동,349,총신대입구,99
S05,방배본동,350,총신대입구,99
S05,방배1동,351,총신대입구,99
S05,방배2동,352,총신대입구,99
S05,방배3동,353,총신대입구,99
S05,방배4동,354,총신대입구,99
S05,양재1동,355,수서,52
S05,양재2동,356,수서,52
S05,내곡동,357,수서,52
S05,신사동,358,용답,79
S05,개포3동,359,수서,52
S05,논현1동,360,수서,52
S05,논현2동,361,수서,52
S05,삼성1동,362,수서,52
S05,삼성2동,363,수서,52
S05,대치1동,364,수서,52
S05,대치4동,365,수서,52
S05,역삼1동,366,수서,52
S05,역삼2동,367,수서,52
S05,도곡1동,368,수서,52
S05,도곡2동,369,수서,52
S05,개포1동,370,수서,52
S05,개포4동,371,수서,52
S05,일원본동,372,수서,52
S05,일원1동,373,수서,52
S05,수서동,374,수서,52
S05,세곡동,375,수서,52
S05,압구정동,376,용답,79
S05,청담동,377,용답,79
S05,대치2동,378,수서,52
S05,개포2동,379,수서,52
S05,풍납1동,380,용답,79
S05,풍납2동,381,수서,52
S05,거여1동,382,수서,52
S05,거여2동,383,수서,52
S05,마천1동,384,수서,52
S05,마천2동,385,수서,52
S05,방이1동,386,수서,52
S05,방이2동,387,수서,52
S05,오륜동,388,수서,52
S05,오금동,389,수서,52
S05,송파1동,390,수서,52
S05,송파2동,391,수서,52
S05,석촌동,392,수서,52
S05,삼전동,393,수서,52
S05,가락본동,394,수서,52
S05,가락1동,395,수서,52
S05,가락2동,396,수서,52
S05,문정1동,397,수서,52
S05,문정2동,398,수서,52
S05,잠실본동,399,수서,52
S05,잠실4동,400,수서,52
S05,잠실6동,401,수서,52
S05,잠실7동,402,수서,52
S05,잠실2동,403,수서,52
S05,잠실3동,404,수서,52
S05,장지동,405,수서,52
S05,위례동,406,수서,52
S05,명일1동,407,수서,52
S05,명일2동,408,수서,52
S05,고덕1동,409,수서,52
S05,고덕2동,410,수서,52
S05,암사2동,411,용답,79
S05,암사3동,412,용답,79
S05,천호1동,413,수서,52
S05,천호3동,414,수서,52
S05,성내1동,415,수서,52
S05,성내2동,416,수서,52
S05,성내3동,417,수서,52
S05,둔촌1동,418,수서,52
S05,둔촌2동,419,수서,52
S05,암사1동,420,용답,79
S05,천호2동,421,용답,79
S05,길동,422,수서,52
S05,강일동,423,수서,52
S05,상일1동,424,수서,52
S05,상일2동,425,수서,52
S06,사직동,0,신설동,62
S06,삼청동,1,신설동,62
S06,부암동,2,신설동,62
S06,평창동,3,신이문,127
S06,무악동,4,충정로,101
S06,교남동,5,신설동,62
S06,가회동,6,신설동,62
S06,종로1·2·3·4가동,7,신설동,62
S06,종로5·6가동,8,신설동,62
S06,이화동,9,신설동,62
S06,창신1동,10,신설동,62
S06,창신2동,11,신설동,62
S06,창신3동,12,신설동,62
S06,숭인1동,13,신설동,62
S06,숭인2동,14,신설동,62
S06,청운효자동,15,신설동,62
S06,혜화동,16,신이문,127
S06,소공동,17,신설동,62
S06,회현동,18,신설동,62
S06,명동,19,신설동,62
S06,필동,20,신설동,62
S06,장충동,21,신설동,62
S06,광희동,22,신설동,62
S06,을지로동,23,신설동,62
S06,신당5동,24,신설동,62
S06,황학동,25,신설동,62
S06,중림동,26,충정로,101
S06,신당동,27,신설동,62
S06,다산동,28,신설동,62
S06,약수동,29,신설동,62
S06,청구동,30,신설동,62
S06,동화동,31,신설동,62
S06,후암동,32,충정로,101
S06,용산2가동,33,신설동,62
S06,남영동,34,충정로,101
S06,원효로2동,35,구로,113
S06,효창동,36,구로,113
S06,용문동,37,구로,113
S06,이촌1동,38,구로,113
S06,이촌2동,39,구로,113
S06,이태원1동,40,신설동,62
S06,이태원2동,41,신설동,62
S06,서빙고동,42,구로,113
S06,보광동,43,용답,79
S06,청파동,44,충정로,101
S06,원효로1동,45,구로,113
S06,한강로동,46,구로,113
S06,한남동,47,용답,79
S06,왕십리2동,48,용답,79
S06,마장동,49,용답,79
S06,사근동,50,용답,79
S06,행당1동,51,용답,79
S06,행당2동,52,용답,79
S06,응봉동,53,용답,79
S06,금호1가동,54,용답,79
S06,금호4가동,55,용답,79
S06,성수1가1동,56,용답,79
S06,성수1가2동,57,용답,79
S06,성수2가1동,58,용답,79
S06,성수2가3동,59,용답,79
S06,송정동,60,용답,79
S06,용답동,61,용답,79
S06,왕십리도선동,62,용답,79
S06,금호2·3가동,63,용답,79
S06,옥수동,64,용답,79
S06,화양동,65,용답,79
S06,군자동,66,용답,79
S06,중곡1동,67,신이문,127
S06,중곡2동,68,용답,79
S06,중곡3동,69,신이문,127
S06,중곡4동,70,신이문,127
S06,능동,71,용답,79
S06,구의1동,72,용답,79
S06,구의2동,73,용답,79
S06,구의3동,74,용답,79
S06,광장동,75,용답,79
S06,자양1동,76,용답,79
S06,자양2동,77,용답,79
S06,자양3동,78,용답,79
S06,자양4동,79,용답,79
S06,회기동,80,신이문,127
S06,휘경1동,81,신이문,127
S06,휘경2동,82,신이문,127
S06,청량리동,83,신이문,127
S06,용신동,84,신이문,127
S06,제기동,85,신이문,127
S06,전농1동,86,신이문,127
S06,전농2동,87,신이문,127
S06,답십리2동,88,용답,79
S06,장안1동,89,용답,79
S06,장안2동,90,신이문,127
S06,이문1동,91,신이문,127
S06,이문2동,92,신이문,127
S06,답십리1동,93,용답,79
S06,면목2동,94,신이문,127
S06,면목4동,95,신이문,127
S06,면목5동,96,신이문,127
S06,면목7동,97,신이문,127
S06,상봉1동,98,신이문,127
S06,상봉2동,99,신이문,127
S06,중화1동,100,신이문,127
S06,중화2동,101,신이문,127
S06,묵1동,102,신이문,127
S06,묵2동,103,신이문,127
S06,망우3동,104,신이문,127
S06,신내1동,105,신이문,127
S06,신내2동,106,신이문,127
S06,면목본동,107,신이문,127
S06,면목3·8동,108,신이문,127
S06,망우본동,109,신이문,127
S06,돈암1동,110,신이문,127
S06,돈암2동,111,신이문,127
S06,안암동,112,신이문,127
S06,보문동,113,신이문,127
S06,정릉1동,114,신이문,127
S06,정릉2동,115,신이문,127
S06,정릉3동,116,신이문,127
S06,정릉4동,117,창동,97
S06,길음1동,118,신이문,127
S06,길음2동,119,신이문,127
S06,월곡1동,120,신이문,127
S06,월곡2동,121,신이문,127
S06,장위1동,122,신이문,127
S06,장위2동,123,신이문,127
S06,장위3동,124,신이문,127
S06,성북동,125,신이문,127
S06,삼선동,126,신이문,127
S06,동선동,127,신이문,127
S06,종암동,128,신이문,127
S06,석관동,129,신이문,127
S06,번1동,130,창동,97
S06,번2동,131,창동,97
S06,번3동,132,신이문,127
S06,수유1동,133,창동,97
S06,수유2동,134,창동,97
S06,수유3동,135,창동,97
S06,삼양동,136,창동,97
S06,미아동,137,창동,97
S06,송중동,138,신이문,127
S06,송천동,139,신이문,127
S06,삼각산동,140,창동,97
S06,우이동,141,창동,97
S06,인수동,142,창동,97
S06,쌍문1동,143,창동,97
S06,쌍문2동,144,창동,97
S06,쌍문3동,145,창동,97
S06,쌍문4동,146,창동,97
S06,방학1동,147,창동,97
S06,방학2동,148,창동,97
S06,방학3동,149,창동,97
S06,창1동,150,창동,97
S06,창2동,151,창동,97
S06,창3동,152,창동,97
S06,창4동,153,창동,97
S06,창5동,154,창동,97
S06,도봉1동,155,창동,97
S06,도봉2동,156,창동,97
S06,월계1동,157,신이문,127
S06,월계2동,158,창동,97
S06,월계3동,159,신이문,127
S06,공릉2동,160,신이문,127
S06,하계1동,161,창동,97
S06,하계2동,162,창동,97
S06,중계본동,163,창동,97
S06,중계1동,164,창동,97
S06,중계4동,165,창동,97
S06,상계1동,166,창동,97
S06,상계2동,167,창동,97
S06,상계5동,168,창동,97
S06,상계8동,169,창동,97
S06,상계9동,170,창동,97
S06,상계10동,171,창동,97
S06,상계3·4동,172,창동,97
S06,상계6·7동,173,창동,97
S06,중계2·3동,174,창동,97
S06,공릉1동,175,신이문,127
S06,녹번동,176,불광,39
S06,불광1동,177,불광,39
S06,갈현1동,178,불광,39
S06,갈현2동,179,양천구청,72
S06,구산동,180,양천구청,72
S06,대조동,181,양천구청,72
S06,응암1동,182,양천구청,72
S06,응암2동,183,양천구청,72
S06,신사1동,184,양천구청,72
S06,신사2동,185,양천구청,72
S06,증산동,186,양천구청,72
S06,수색동,187,양천구청,72
S06,진관동,188,불광,39
S06,불광2동,189,불광,39
S06,응암3동,190,양천구청,72
S06,역촌동,191,양천구청,72
S06,천연동,192,충정로,101
S06,홍제1동,193,양천구청,72
S06,홍제3동,194,신이문,127
S06,홍제2동,195,충정로,101
S06,홍은1동,196,신이문,127
S06,홍은2동,197,양천구청,72
S06,남가좌1동,198,양천구청,72
S06,남가좌2동,199,양천구청,72
S06,북가좌1동,200,양천구청,72
S06,북가좌2동,201,양천구청,72
S06,충현동,202,충정로,101
S06,북아현동,203,충정로,101
S06,신촌동,204,양천구청,72
S06,연희동,205,양천구청,72
S06,용강동,206,구로,113
S06,대흥동,207,구로,113
S06,염리동,208,구로,113
S06,신수동,209,양천구청,72
S06,서교동,210,양천구청,72
S06,합정동,211,양천구청,72
S06,망원1동,212,양천구청,72
S06,망원2동,213,양천구청,72
S06,연남동,214,양천구청,72
S06,성산1동,215,양천구청,72
S06,성산2동,216,양천구청,72
S06,상암동,217,양천구청,72
S06,도화동,218,구로,113
S06,서강동,219,양천구청,72
S06,공덕동,220,구로,113
S06,아현동,221,충정로,101
S06,목1동,222,양천구청,72
S06,목2동,223,양천구청,72
S06,목3동,224,양천구청,72
S06,목4동,225,양천구청,72
S06,신월1동,226,신정네거리,64
S06,신월2동,227,신정네거리,64
S06,신월3동,228,신정네거리,64
S06,신월4동,229,신정네거리,64
S06,신월5동,230,신정네거리,64
S06,신월6동,231,신정네거리,64
S06,신월7동,232,신정네거리,64
S06,신정1동,233,양천구청,72
S06,신정2동,234,양천구청,72
S06,신정3동,235,양천구청,72
S06,신정6동,236,양천구청,72
S06,신정7동,237,양천구청,72
S06,목5동,238,양천구청,72
S06,신정4동,239,양천구청,72
S06,염창동,240,양천구청,72
S06,등촌1동,241,양천구청,72
S06,등촌2동,242,양천구청,72
S06,등촌3동,243,신정네거리,64
S06,화곡본동,244,신정네거리,64
S06,화곡2동,245,신정네거리,64
S06,화곡3동,246,신정네거리,64
S06,화곡4동,247,양천구청,72
S06,화곡6동,248,신정네거리,64
S06,화곡8동,249,신정네거리,64
S06,가양2동,250,신정네거리,64
S06,가양3동,251,양천구청,72
S06,발산1동,252,신정네거리,64
S06,공항동,253,신정네거리,64
S06,방화1동,254,신정네거리,64
S06,방화2동,255,신정네거리,64
S06,화곡1동,256,신정네거리,64
S06,우장산동,257,신정네거리,64
S06,가양1동,258,신정네거리,64
S06,방화3동,259,신정네거리,64
S06,신도림동,260,구로,113
S06,구로1동,261,구로,113
S06,구로3동,262,구로,113
S06,구로4동,263,구로,113
S06,구로5동,264,구로,113
S06,고척1동,265,양천구청,72
S06,고척2동,266,양천구청,72
S06,개봉2동,267,양천구청,72
S06,개봉3동,268,양천구청,72
S06,오류1동,269,양천구청,72
S06,수궁동,270,양천구청,72
S06,가리봉동,271,구로,113
S06,구로2동,272,구로,113
S06,개봉1동,273,양천구청,72
S06,오류2동,274,양천구청,72
S06,항동,275,양천구청,72
S06,가산동,276,구로,113
S06,독산1동,277,독산,122
S06,독산2동,278,독산,122
S06,독산3동,279,독산,122
S06,독산4동,280,독산,122
S06,시흥1동,281,독산,122
S06,시흥2동,282,독산,122
S06,시흥3동,283,독산,122
S06,시흥4동,284,독산,122
S06,시흥5동,285,독산,122
S06,여의동,286,구로,113
S06,당산1동,287,구로,113
S06,당산2동,288,양천구청,72
S06,양평1동,289,양천구청,72
S06,양평2동,290,양천구청,72
S06,신길1동,291,구로,113
S06,신길3동,292,구로,113
S06,신길4동,293,구로,113
S06,신길5동,294,구로,113
S06,신길6동,295,구로,113
S06,신길7동,296,구로,113
S06,대림1동,297,구로,113
S06,대림2동,298,구로,113
S06,대림3동,299,구로,113
S06,영등포본동,300,구로,113
S06,영등포동,301,구로,113
S06,도림동,302,구로,113
S06,문래동,303,구로,113
S06,노량진2동,304,구로,113
S06,상도1동,305,구로,113
S06,상도2동,306,구로,113
S06,상도3동,307,구로,113
S06,상도4동,308,구로,113
S06,사당1동,309,총신대입구,99
S06,사당3동,310,총신대입구,99
S06,사당4동,311,총신대입구,99
S06,사당5동,312,총신대입구,99
S06,대방동,313,구로,113
S06,신대방1동,314,구로,113
S06,신대방2동,315,구로,113
S06,흑석동,316,구로,113
S06,노량진1동,317,구로,113
S06,사당2동,318,총신대입구,99
S06,보라매동,319,구로,113
S06,청림동,320,구로,113
S06,행운동,321,구로,113
S06,낙성대동,322,구로,113
S06,중앙동,323,구로,113
S06,인헌동,324,총신대입구,99
S06,남현동,325,독산,122
S06,서원동,326,구로,113
S06,신원동,327,구로,113
S06,서림동,328,구로,113
S06,신사동,329,구로,113
S06,신림동,330,구로,113
S06,난향동,331,독산,122
S06,조원동,332,구로,113
S06,대학동,333,독산,122
S06,은천동,334,구로,113
S06,성현동,335,구로,113
S06,청룡동,336,구로,113
S06,난곡동,337,독산,122
S06,삼성동,338,독산,122
S06,미성동,339,독산,122
S06,서초1동,340,교대,7
S06,서초2동,341,교대,7
S06,서초3동,342,총신대입구,99
S06,서초4동,343,교대,7
S06,잠원동,344,용답,79
S06,반포본동,345,총신대입구,99
S06,반포1동,346,교대,7
S06,반포2동,347,총신대입구,99
S06,반포3동,348,용답,79
S06,반포4동,349,총신대입구,99
S06,방배본동,350,총신대입구,99
S06,방배1동,351,총신대입구,99
S06,방배2동,352,총신대입구,99
S06,방배3동,353,총신대입구,99
S06,방배4동,354,총신대입구,99
S06,양재1동,355,수서,52
S06,양재2동,356,수서,52
S06,내곡동,357,수서,52
S06,신사동,358,용답,79
S06,개포3동,359,수서,52
S06,논현1동,360,용답,79
S06,논현2동,361,용답,79
S06,삼성1동,362,수서,52
S06,삼성2동,363,용답,79
S06,대치1동,364,수서,52
S06,대치4동,365,수서,52
S06,역삼1동,366,수서,52
S06,역삼2동,367,수서,52
S06,도곡1동,368,수서,52
S06,도곡2동,369,수서,52
S06,개포1동,370,수서,52
S06,개포4동,371,수서,52
S06,일원본동,372,수서,52
S06,일원1동,373,수서,52
S06,수서동,374,수서,52
S06,세곡동,375,수서,52
S06,압구정동,376,용답,79
S06,청담동,377,용답,79
S06,대치2동,378,수서,52
S06,개포2동,379,수서,52
S06,풍납1동,380,용답,79
S06,풍납2동,381,수서,52
S06,거여1동,382,수서,52
S06,거여2동,383,수서,52
S06,마천1동,384,수서,52
S06,마천2동,385,수서,52
S06,방이1동,386,수서,52
S06,방이2동,387,수서,52
S06,오륜동,388,수서,52
S06,오금동,389,수서,52
S06,송파1동,390,수서,52
S06,송파2동,391,수서,52
S06,석촌동,392,수서,52
S06,삼전동,393,수서,52
S06,가락본동,394,수서,52
S06,가락1동,395,수서,52
S06,가락2동,396,수서,52
S06,문정1동,397,수서,52
S06,문정2동,398,수서,52
S06,잠실본동,399,수서,52
S06,잠실4동,400,수서,52
S06,잠실6동,401,수서,52
S06,잠실7동,402,수서,52
S06,잠실2동,403,수서,52
S06,잠실3동,404,수서,52
S06,장지동,405,수서,52
S06,위례동,406,수서,52
S06,명일1동,407,용답,79
S06,명일2동,408,용답,79
S06,고덕1동,409,용답,79
S06,고덕2동,410,용답,79
S06,암사2동,411,용답,79
S06,암사3동,412,용답,79
S06,천호1동,413,용답,79
S06,천호3동,414,용답,79
S06,성내1동,415,용답,79
S06,성내2동,416,용답,79
S06,성내3동,417,수서,52
S06,둔촌1동,418,수서,52
S06,둔촌2동,419,수서,52
S06,암사1동,420,용답,79
S06,천호2동,421,용답,79
S06,길동,422,용답,79
S06,강일동,423,용답,79
S06,상일1동,424,용답,79
S06,상일2동,425,용답,79
S09,사직동,0,용답,79
S09,삼청동,1,용답,79
S09,부암동,2,용답,79
S09,평창동,3,창동,97
S09,무악동,4,충정로,101
S09,교남동,5,충정로,101
S09,가회동,6,용답,79
S09,종로1·2·3·4가동,7,용답,79
S09,종로5·6가동,8,용답,79
S09,이화동,9,용답,79
S09,창신1동,10,용답,79
S09,창신2동,11,용답,79
S09,창신3동,12,용답,79
S09,숭인1동,13,용답,79
S09,숭인2동,14,용답,79
S09,청운효자동,15,용답,79
S09,혜화동,16,용답,79
S09,소공동,17,용답,79
S09,회현동,18,용답,79
S09,명동,19,용답,79
S09,필동,20,용답,79
S09,장충동,21,용답,79
S09,광희동,22,용답,79
S09,을지로동,23,용답,79
S09,신당5동,24,용답,79
S09,황학동,25,용답,79
S09,중림동,26,충정로,101
S09,신당동,27,용답,79
S09,다산동,28,용답,79
S09,약수동,29,용답,79
S09,청구동,30,용답,79
S09,동화동,31,용답,79
S09,후암동,32,충정로,101
S09,용산2가동,33,용답,79
S09,남영동,34,충정로,101
S09,원효로2동,35,구로,113
S09,효창동,36,구로,113
S09,용문동,37,구로,113
S09,이촌1동,38,구로,113
S09,이촌2동,39,구로,113
S09,이태원1동,40,용답,79
S09,이태원2동,41,용답,79
S09,서빙고동,42,총신대입구,99
S09,보광동,43,용답,79
S09,청파동,44,충정로,101
S09,원효로1동,45,구로,113
S09,한강로동,46,구로,113
S09,한남동,47,용답,79
S09,왕십리2동,48,용답,79
S09,마장동,49,용답,79
S09,사근동,50,용답,79
S09,행당1동,51,용답,79
S09,행당2동,52,용답,79
S09,응봉동,53,용답,79
S09,금호1가동,54,용답,79
S09,금호4가동,55,용답,79
S09,성수1가1동,56,용답,79
S09,성수1가2동,57,용답,79
S09,성수2가1동,58,용답,79
S09,성수2가3동,59,용답,79
S09,송정동,60,용답,79
S09,용답동,61,용답,79
S09,왕십리도선동,62,용답,79
S09,금호2·3가동,63,용답,79
S09,옥수동,64,용답,79
S09,화양동,65,용답,79
S09,군자동,66,용답,79
S09,중곡1동,67,용답,79
S09,중곡2동,68,용답,79
S09,중곡3동,69,용답,79
S09,중곡4동,70,용답,79
S09,능동,71,용답,79
S09,구의1동,72,용답,79
S09,구의2동,73,용답,79
S09,구의3동,74,용답,79
S09,광장동,75,용답,79
S09,자양1동,76,용답,79
S09,자양2동,77,용답,79
S09,자양3동,78,용답,79
S09,자양4동,79,용답,79
S09,회기동,80,용답,79
S09,휘경1동,81,용답,79
S09,휘경2동,82,용답,79
S09,청량리동,83,용답,79
S09,용신동,84,용답,79
S09,제기동,85,용답,79
S09,전농1동,86,용답,79
S09,전농2동,87,용답,79
S09,답십리2동,88,용답,79
S09,장안1동,89,용답,79
S09,장안2동,90,용답,79
S09,이문1동,91,용답,79
S09,이문2동,92,용답,79
S09,답십리1동,93,용답,79
S09,면목2동,94,용답,79
S09,면목4동,95,용답,79
S09,면목5동,96,용답,79
S09,면목7동,97,용답,79
S09,상봉1동,98,용답,79
S09,상봉2동,99,용답,79
S09,중화1동,100,용답,79
S09,중화2동,101,용답,79
S09,묵1동,102,창동,97
S09,묵2동,103,창동,97
S09,망우3동,104,용답,79
S09,신내1동,105,창동,97
S09,신내2동,106,창동,97
S09,면목본동,107,용답,79
S09,면목3·8동,108,용답,79
S09,망우본동,109,용답,79
S09,돈암1동,110,용답,79
S09,돈암2동,111,용답,79
S09,안암동,112,용답,79
S09,보문동,113,용답,79
S09,정릉1동,114,용답,79
S09,정릉2동,115,용답,79
S09,정릉3동,116,창동,97
S09,정릉4동,117,창동,97
S09,길음1동,118,창동,97
S09,길음2동,119,창동,97
S09,월곡1동,120,창동,97
S09,월곡2동,121,용답,79
S09,장위1동,122,창동,97
S09,장위2동,123,창동,97
S09,장위3동,124,창동,97
S09,성북동,125,용답,79
S09,삼선동,126,용답,79
S09,동선동,127,용답,79
S09,종암동,128,용답,79
S09,석관동,129,용답,79
S09,번1동,130,창동,97
S09,번2동,131,창동,97
S09,번3동,132,창동,97
S09,수유1동,133,창동,97
S09,수유2동,134,창동,97
S09,수유3동,135,창동,97
S09,삼양동,136,창동,97
S09,미아동,137,창동,97
S09,송중동,138,창동,97
S09,송천동,139,창동,97
S09,삼각산동,140,창동,97
S09,우이동,141,창동,97
S09,인수동,142,창동,97
S09,쌍문1동,143,창동,97
S09,쌍문2동,144,창동,97
S09,쌍문3동,145,창동,97
S09,쌍문4동,146,창동,97
S09,방학1동,147,창동,97
S09,방학2동,148,창동,97
S09,방학3동,149,창동,97
S09,창1동,150,창동,97
S09,창2동,151,창동,97
S09,창3동,152,창동,97
S09,창4동,153,창동,97
S09,창5동,154,창동,97
S09,도봉1동,155,창동,97
S09,도봉2동,156,창동,97
S09,월계1동,157,창동,97
S09,월계2동,158,창동,97
S09,월계3동,159,창동,97
S09,공릉2동,160,창동,97
S09,하계1동,161,창동,97
S09,하계2동,162,창동,97
S09,중계본동,163,창동,97
S09,중계1동,164,창동,97
S09,중계4동,165,창동,97
S09,상계1동,166,창동,97
S09,상계2동,167,창동,97
S09,상계5동,168,창동,97
S09,상계8동,169,창동,97
S09,상계9동,170,창동,97
S09,상계10동,171,창동,97
S09,상계3·4동,172,창동,97
S09,상계6·7동,173,창동,97
S09,중계2·3동,174,창동,97
S09,공릉1동,175,창동,97
S09,녹번동,176,불광,39
S09,불광1동,177,불광,39
S09,갈현1동,178,불광,39
S09,갈현2동,179,불광,39
S09,구산동,180,불광,39
S09,대조동,181,불광,39
S09,응암1동,182,불광,39
S09,응암2동,183,구로,113
S09,신사1동,184,불광,39
S09,신사2동,185,양천구청,72
S09,증산동,186,양천구청,72
S09,수색동,187,구로,113
S09,진관동,188,불광,39
S09,불광2동,189,불광,39
S09,응암3동,190,양천구청,72
S09,역촌동,191,불광,39
S09,천연동,192,충정로,101
S09,홍제1동,193,충정로,101
S09,홍제3동,194,충정로,101
S09,홍제2동,195,충정로,101
S09,홍은1동,196,충정로,101
S09,홍은2동,197,구로,113
S09,남가좌1동,198,구로,113
S09,남가좌2동,199,구로,113
S09,북가좌1동,200,구로,113
S09,북가좌2동,201,구로,113
S09,충현동,202,충정로,101
S09,북아현동,203,충정로,101
S09,신촌동,204,충정로,101
S09,연희동,205,구로,113
S09,용강동,206,구로,113
S09,대흥동,207,구로,113
S09,염리동,208,구로,113
S09,신수동,209,구로,113
S09,서교동,210,구로,113
S09,합정동,211,구로,113
S09,망원1동,212,구로,113
S09,망원2동,213,구로,113
S09,연남동,214,구로,113
S09,성산1동,215,구로,113
S09,성산2동,216,구로,113
S09,상암동,217,구로,113
S09,도화동,218,구로,113
S09,서강동,219,구로,113
S09,공덕동,220,충정로,101
S09,아현동,221,충정로,101
S09,목1동,222,양천구청,72
S09,목2동,223,양천구청,72
S09,목3동,224,양천구청,72
S09,목4동,225,양천구청,72
S09,신월1동,226,양천구청,72
S09,신월2동,227,양천구청,72
S09,신월3동,228,양천구청,72
S09,신월4동,229,양천구청,72
S09,신월5동,230,양천구청,72
S09,신월6동,231,양천구청,72
S09,신월7동,232,양천구청,72
S09,신정1동,233,양천구청,72
S09,신정2동,234,양천구청,72
S09,신정3동,235,양천구청,72
S09,신정6동,236,양천구청,72
S09,신정7동,237,양천구청,72
S09,목5동,238,양천구청,72
S09,신정4동,239,양천구청,72
S09,염창동,240,양천구청,72
S09,등촌1동,241,양천구청,72
S09,등촌2동,242,양천구청,72
S09,등촌3동,243,양천구청,72
S09,화곡본동,244,양천구청,72
S09,화곡2동,245,양천구청,72
S09,화곡3동,246,양천구청,72
S09,화곡4동,247,양천구청,72
S09,화곡6동,248,양천구청,72
S09,화곡8동,249,양천구청,72
S09,가양2동,250,양천구청,72
S09,가양3동,251,양천구청,72
S09,발산1동,252,양천구청,72
S09,공항동,253,양천구청,72
S09,방화1동,254,양천구청,72
S09,방화2동,255,양천구청,72
S09,화곡1동,256,양천구청,72
S09,우장산동,257,양천구청,72
S09,가양1동,258,양천구청,72
S09,방화3동,259,양천구청,72
S09,신도림동,260,구로,113
S09,구로1동,261,구로,113
S09,구로3동,262,구로,113
S09,구로4동,263,구로,113
S09,구로5동,264,구로,113
S09,고척1동,265,구로,113
S09,고척2동,266,양천구청,72
S09,개봉2동,267,양천구청,72
S09,개봉3동,268,양천구청,72
S09,오류1동,269,양천구청,72
S09,수궁동,270,양천구청,72
S09,가리봉동,271,구로,113
S09,구로2동,272,구로,113
S09,개봉1동,273,양천구청,72
S09,오류2동,274,양천구청,72
S09,항동,275,양천구청,72
S09,가산동,276,구로,113
S09,독산1동,277,구로,113
S09,독산2동,278,구로,113
S09,독산3동,279,구로,113
S09,독산4동,280,구로,113
S09,시흥1동,281,구로,113
S09,시흥2동,282,구로,113
S09,시흥3동,283,구로,113
S09,시흥4동,284,구로,113
S09,시흥5동,285,구로,113
S09,여의동,286,구로,113
S09,당산1동,287,구로,113
S09,당산2동,288,구로,113
S09,양평1동,289,구로,113
S09,양평2동,290,구로,113
S09,신길1동,291,구로,113
S09,신길3동,292,구로,113
S09,신길4동,293,구로,113
S09,신길5동,294,구로,113
S09,신길6동,295,구로,113
S09,신길7동,296,구로,113
S09,대림1동,297,구로,113
S09,대림2동,298,구로,113
S09,대림3동,299,구로,113
S09,영등포본동,300,구로,113
S09,영등포동,301,구로,113
S09,도림동,302,구로,113
S09,문래동,303,구로,113
S09,노량진2동,304,구로,113
S09,상도1동,305,구로,113
S09,상도2동,306,구로,113
S09,상도3동,307,구로,113
S09,상도4동,308,구로,113
S09,사당1동,309,총신대입구,99
S09,사당3동,310,총신대입구,99
S09,사당4동,311,총신대입구,99
S09,사당5동,312,총신대입구,99
S09,대방동,313,구로,113
S09,신대방1동,314,구로,113
S09,신대방2동,315,구로,113
S09,흑석동,316,총신대입구,99
S09,노량진1동,317,구로,113
S09,사당2동,318,총신대입구,99
S09,보라매동,319,구로,113
S09,청림동,320,총신대입구,99
S09,행운동,321,총신대입구,99
S09,낙성대동,322,총신대입구,99
S09,중앙동,323,구로,113
S09,인헌동,324,총신대입구,99
S09,남현동,325,총신대입구,99
S09,서원동,326,구로,113
S09,신원동,327,구로,113
S09,서림동,328,구로,113
S09,신사동,329,구로,113
S09,신림동,330,구로,113
S09,난향동,331,구로,113
S09,조원동,332,구로,113
S09,대학동,333,구로,113
S09,은천동,334,구로,113
S09,성현동,335,총신대입구,99
S09,청룡동,336,구로,113
S09,난곡동,337,구로,113
S09,삼성동,338,구로,113
S09,미성동,339,구로,113
S09,서초1동,340,총신대입구,99
S09,서초2동,341,수서,52
S09,서초3동,342,총신대입구,99
S09,서초4동,343,총신대입구,99
S09,잠원동,344,총신대입구,99
S09,반포본동,345,총신대입구,99
S09,반포1동,346,총신대입구,99
S09,반포2동,347,총신대입구,99
S09,반포3동,348,용답,79
S09,반포4동,349,총신대입구,99
S09,방배본동,350,총신대입구,99
S09,방배1동,351,총신대입구,99
S09,방배2동,352,총신대입구,99
S09,방배3동,353,총신대입구,99
S09,방배4동,354,총신대입구,99
S09,양재1동,355,수서,52
S09,양재2동,356,수서,52
S09,내곡동,357,수서,52
S09,신사동,358,용답,79
S09,개포3동,359,수서,52
S09,논현1동,360,수서,52
S09,논현2동,361,수서,52
S09,삼성1동,362,수서,52
S09,삼성2동,363,수서,52
S09,대치1동,364,수서,52
S09,대치4동,365,수서,52
S09,역삼1동,366,수서,52
S09,역삼2동,367,수서,52
S09,도곡1동,368,수서,52
S09,도곡2동,369,수서,52
S09,개포1동,370,수서,52
S09,개포4동,371,수서,52
S09,일원본동,372,수서,52
S09,일원1동,373,수서,52
S09,수서동,374,수서,52
S09,세곡동,375,수서,52
S09,압구정동,376,용답,79
S09,청담동,377,용답,79
S09,대치2동,378,수서,52
S09,개포2동,379,수서,52
S09,풍납1동,380,용답,79
S09,풍납2동,381,수서,52
S09,거여1동,382,수서,52
S09,거여2동,383,수서,52
S09,마천1동,384,수서,52
S09,마천2동,385,수서,52
S09,방이1동,386,수서,52
S09,방이2동,387,수서,52
S09,오륜동,388,수서,52
S09,오금동,389,수서,52
S09,송파1동,390,수서,52
S09,송파2동,391,수서,52
S09,석촌동,392,수서,52
S09,삼전동,393,수서,52
S09,가락본동,394,수서,52
S09,가락1동,395,수서,52
S09,가락2동,396,수서,52
S09,문정1동,397,수서,52
S09,문정2동,398,수서,52
S09,잠실본동,399,수서,52
S09,잠실4동,400,수서,52
S09,잠실6동,401,수서,52
S09,잠실7동,402,수서,52
S09,잠실2동,403,수서,52
S09,잠실3동,404,수서,52
S09,장지동,405,수서,52
S09,위례동,406,수서,52
S09,명일1동,407,수서,52
S09,명일2동,408,수서,52
S09,고덕1동,409,수서,52
S09,고덕2동,410,수서,52
S09,암사2동,411,용답,79
S09,암사3동,412,용답,79
S09,천호1동,413,수서,52
S09,천호3동,414,수서,52
S09,성내1동,415,수서,52
S09,성내2동,416,수서,52
S09,성내3동,417,수서,52
S09,둔촌1동,418,수서,52
S09,둔촌2동,419,수서,52
S09,암사1동,420,용답,79
S09,천호2동,421,용답,79
S09,길동,422,수서,52
S09,강일동,423,수서,52
S09,상일1동,424,수서,52
S09,상일2동,425,수서,52
S10,사직동,0,신설동,62
S10,삼청동,1,신설동,62
S10,부암동,2,신설동,62
S10,평창동,3,창동,97
S10,무악동,4,신설동,62
S10,교남동,5,신설동,62
S10,가회동,6,신설동,62
S10,종로1·2·3·4가동,7,신설동,62
S10,종로5·6가동,8,신설동,62
S10,이화동,9,신이문,127
S10,창신1동,10,신설동,62
S10,창신2동,11,신설동,62
S10,창신3동,12,신이문,127
S10,숭인1동,13,신설동,62
S10,숭인2동,14,신설동,62
S10,청운효자동,15,신설동,62
S10,혜화동,16,신이문,127
S10,소공동,17,신설동,62
S10,회현동,18,서울역,47
S10,명동,19,신설동,62
S10,필동,20,신설동,62
S10,장충동,21,신설동,62
S10,광희동,22,신설동,62
S10,을지로동,23,신설동,62
S10,신당5동,24,신설동,62
S10,황학동,25,신설동,62
S10,중림동,26,충정로,101
S10,신당동,27,신설동,62
S10,다산동,28,신설동,62
S10,약수동,29,신설동,62
S10,청구동,30,신설동,62
S10,동화동,31,신설동,62
S10,후암동,32,서울역,47
S10,용산2가동,33,신설동,62
S10,남영동,34,서울역,47
S10,원효로2동,35,구로,113
S10,효창동,36,서울역,47
S10,용문동,37,구로,113
S10,이촌1동,38,구로,113
S10,이촌2동,39,구로,113
S10,이태원1동,40,신설동,62
S10,이태원2동,41,신설동,62
S10,서빙고동,42,용답,79
S10,보광동,43,용답,79
S10,청파동,44,서울역,47
S10,원효로1동,45,서울역,47
S10,한강로동,46,구로,113
S10,한남동,47,용답,79
S10,왕십리2동,48,신이문,127
S10,마장동,49,용답,79
S10,사근동,50,용답,79
S10,행당1동,51,용답,79
S10,행당2동,52,신이문,127
S10,응봉동,53,용답,79
S10,금호1가동,54,신이문,127
S10,금호4가동,55,용답,79
S10,성수1가1동,56,용답,79
S10,성수1가2동,57,용답,79
S10,성수2가1동,58,용답,79
S10,성수2가3동,59,용답,79
S10,송정동,60,용답,79
S10,용답동,61,용답,79
S10,왕십리도선동,62,신이문,127
S10,금호2·3가동,63,신이문,127
S10,옥수동,64,용답,79
S10,화양동,65,용답,79
S10,군자동,66,용답,79
S10,중곡1동,67,신이문,127
S10,중곡2동,68,신이문,127
S10,중곡3동,69,신이문,127
S10,중곡4동,70,신이문,127
S10,능동,71,용답,79
S10,구의1동,72,용답,79
S10,구의2동,73,신이문,127
S10,구의3동,74,용답,79
S10,광장동,75,용답,79
S10,자양1동,76,용답,79
S10,자양2동,77,용답,79
S10,자양3동,78,용답,79
S10,자양4동,79,용답,79
S10,회기동,80,신이문,127
S10,휘경1동,81,신이문,127
S10,휘경2동,82,신이문,127
S10,청량리동,83,신이문,127
S10,용신동,84,신이문,127
S10,제기동,85,신이문,127
S10,전농1동,86,신이문,127
S10,전농2동,87,신이문,127
S10,답십리2동,88,용답,79
S10,장안1동,89,신이문,127
S10,장안2동,90,신이문,127
S10,이문1동,91,신이문,127
S10,이문2동,92,신이문,127
S10,답십리1동,93,용답,79
S10,면목2동,94,신이문,127
S10,면목4동,95,신이문,127
S10,면목5동,96,신이문,127
S10,면목7동,97,신이문,127
S10,상봉1동,98,신이문,127
S10,상봉2동,99,신이문,127
S10,중화1동,100,신이문,127
S10,중화2동,101,신이문,127
S10,묵1동,102,신이문,127
S10,묵2동,103,신이문,127
S10,망우3동,104,신이문,127
S10,신내1동,105,신이문,127
S10,신내2동,106,신이문,127
S10,면목본동,107,신이문,127
S10,면목3·8동,108,신이문,127
S10,망우본동,109,신이문,127
S10,돈암1동,110,신이문,127
S10,돈암2동,111,신이문,127
S10,안암동,112,신이문,127
S10,보문동,113,신이문,127
S10,정릉1동,114,신이문,127
S10,정릉2동,115,신이문,127
S10,정릉3동,116,창동,97
S10,정릉4동,117,창동,97
S10,길음1동,118,신이문,127
S10,길음2동,119,신이문,127
S10,월곡1동,120,신이문,127
S10,월곡2동,121,신이문,127
S10,장위1동,122,신이문,127
S10,장위2동,123,신이문,127
S10,장위3동,124,신이문,127
S10,성북동,125,신이문,127
S10,삼선동,126,신이문,127
S10,동선동,127,신이문,127
S10,종암동,128,신이문,127
S10,석관동,129,신이문,127
S10,번1동,130,창동,97
S10,번2동,131,창동,97
S10,번3동,132,신이문,127
S10,수유1동,133,창동,97
S10,수유2동,134,창동,97
S10,수유3동,135,창동,97
S10,삼양동,136,창동,97
S10,미아동,137,창동,97
S10,송중동,138,신이문,127
S10,송천동,139,창동,97
S10,삼각산동,140,창동,97
S10,우이동,141,창동,97
S10,인수동,142,창동,97
S10,쌍문1동,143,창동,97
S10,쌍문2동,144,창동,97
S10,쌍문3동,145,창동,97
S10,쌍문4동,146,창동,97
S10,방학1동,147,창동,97
S10,방학2동,148,창동,97
S10,방학3동,149,창동,97
S10,창1동,150,창동,97
S10,창2동,151,창동,97
S10,창3동,152,창동,97
S10,창4동,153,창동,97
S10,창5동,154,창동,97
S10,도봉1동,155,창동,97
S10,도봉2동,156,창동,97
S10,월계1동,157,신이문,127
S10,월계2동,158,창동,97
S10,월계3동,159,신이문,127
S10,공릉2동,160,신이문,127
S10,하계1동,161,창동,97
S10,하계2동,162,창동,97
S10,중계본동,163,창동,97
S10,중계1동,164,창동,97
S10,중계4동,165,창동,97
S10,상계1동,166,창동,97
S10,상계2동,167,창동,97
S10,상계5동,168,창동,97
S10,상계8동,169,창동,97
S10,상계9동,170,창동,97
S10,상계10동,171,창동,97
S10,상계3·4동,172,창동,97
S10,상계6·7동,173,창동,97
S10,중계2·3동,174,창동,97
S10,공릉1동,175,신이문,127
S10,녹번동,176,창동,97
S10,불광1동,177,불광,39
S10,갈현1동,178,불광,39
S10,갈현2동,179,불광,39
S10,구산동,180,양천구청,72
S10,대조동,181,불광,39
S10,응암1동,182,양천구청,72
S10,응암2동,183,양천구청,72
S10,신사1동,184,양천구청,72
S10,신사2동,185,양천구청,72
S10,증산동,186,양천구청,72
S10,수색동,187,양천구청,72
S10,진관동,188,불광,39
S10,불광2동,189,불광,39
S10,응암3동,190,양천구청,72
S10,역촌동,191,양천구청,72
S10,천연동,192,신설동,62
S10,홍제1동,193,신설동,62
S10,홍제3동,194,창동,97
S10,홍제2동,195,신설동,62
S10,홍은1동,196,창동,97
S10,홍은2동,197,양천구청,72
S10,남가좌1동,198,양천구청,72
S10,남가좌2동,199,양천구청,72
S10,북가좌1동,200,양천구청,72
S10,북가좌2동,201,양천구청,72
S10,충현동,202,충정로,101
S10,북아현동,203,충정로,101
S10,신촌동,204,충정로,101
S10,연희동,205,양천구청,72
S10,용강동,206,구로,113
S10,대흥동,207,양천구청,72
S10,염리동,208,구로,113
S10,신수동,209,양천구청,72
S10,서교동,210,양천구청,72
S10,합정동,211,양천구청,72
S10,망원1동,212,양천구청,72
S10,망원2동,213,양천구청,72
S10,연남동,214,양천구청,72
S10,성산1동,215,양천구청,72
S10,성산2동,216,양천구청,72
S10,상암동,217,양천구청,72
S10,도화동,218,구로,113
S10,서강동,219,양천구청,72
S10,공덕동,220,서울역,47
S10,아현동,221,충정로,101
S10,목1동,222,양천구청,72
S10,목2동,223,양천구청,72
S10,목3동,224,양천구청,72
S10,목4동,225,양천구청,72
S10,신월1동,226,신정네거리,64
S10,신월2동,227,신정네거리,64
S10,신월3동,228,신정네거리,64
S10,신월4동,229,신정네거리,64
S10,신월5동,230,신정네거리,64
S10,신월6동,231,신정네거리,64
S10,신월7동,232,신정네거리,64
S10,신정1동,233,양천구청,72
S10,신정2동,234,양천구청,72
S10,신정3동,235,양천구청,72
S10,신정6동,236,양천구청,72
S10,신정7동,237,양천구청,72
S10,목5동,238,양천구청,72
S10,신정4동,239,양천구청,72
S10,염창동,240,양천구청,72
S10,등촌1동,241,양천구청,72
S10,등촌2동,242,양천구청,72
S10,등촌3동,243,신정네거리,64
S10,화곡본동,244,신정네거리,64
S10,화곡2동,245,신정네거리,64
S10,화곡3동,246,신정네거리,64
S10,화곡4동,247,양천구청,72
S10,화곡6동,248,신정네거리,64
S10,화곡8동,249,신정네거리,64
S10,가양2동,250,신정네거리,64
S10,가양3동,251,양천구청,72
S10,발산1동,252,신정네거리,64
S10,공항동,253,신정네거리,64
S10,방화1동,254,신정네거리,64
S10,방화2동,255,신정네거리,64
S10,화곡1동,256,신정네거리,64
S10,우장산동,257,신정네거리,64
S10,가양1동,258,신정네거리,64
S10,방화3동,259,신정네거리,64
S10,신도림동,260,구로,113
S10,구로1동,261,구로,113
S10,구로3동,262,구로,113
S10,구로4동,263,구로,113
S10,구로5동,264,구로,113
S10,고척1동,265,양천구청,72
S10,고척2동,266,양천구청,72
S10,개봉2동,267,양천구청,72
S10,개봉3동,268,양천구청,72
S10,오류1동,269,양천구청,72
S10,수궁동,270,양천구청,72
S10,가리봉동,271,구로,113
S10,구로2동,272,구로,113
S10,개봉1동,273,양천구청,72
S10,오류2동,274,양천구청,72
S10,항동,275,양천구청,72
S10,가산동,276,구로,113
S10,독산1동,277,독산,122
S10,독산2동,278,독산,122
S10,독산3동,279,독산,122
S10,독산4동,280,독산,122
S10,시흥1동,281,독산,122
S10,시흥2동,282,독산,122
S10,시흥3동,283,독산,122
S10,시흥4동,284,독산,122
S10,시흥5동,285,독산,122
S10,여의동,286,구로,113
S10,당산1동,287,구로,113
S10,당산2동,288,양천구청,72
S10,양평1동,289,양천구청,72
S10,양평2동,290,양천구청,72
S10,신길1동,291,구로,113
S10,신길3동,292,구로,113
S10,신길4동,293,구로,113
S10,신길5동,294,구로,113
S10,신길6동,295,구로,113
S10,신길7동,296,구로,113
S10,대림1동,297,구로,113
S10,대림2동,298,구로,113
S10,대림3동,299,구로,113
S10,영등포본동,300,구로,113
S10,영등포동,301,구로,113
S10,도림동,302,구로,113
S10,문래동,303,구로,113
S10,노량진2동,304,구로,113
S10,상도1동,305,구로,113
S10,상도2동,306,구로,113
S10,상도3동,307,구로,113
S10,상도4동,308,구로,113
S10,사당1동,309,총신대입구,99
S10,사당3동,310,총신대입구,99
S10,사당4동,311,총신대입구,99
S10,사당5동,312,총신대입구,99
S10,대방동,313,구로,113
S10,신대방1동,314,구로,113
S10,신대방2동,315,구로,113
S10,흑석동,316,구로,113
S10,노량진1동,317,구로,113
S10,사당2동,318,총신대입구,99
S10,보라매동,319,구로,113
S10,청림동,320,구로,113
S10,행운동,321,총신대입구,99
S10,낙성대동,322,구로,113
S10,중앙동,323,구로,113
S10,인헌동,324,총신대입구,99
S10,남현동,325,독산,122
S10,서원동,326,구로,113
S10,신원동,327,구로,113
S10,서림동,328,구로,113
S10,신사동,329,구로,113
S10,신림동,330,구로,113
S10,난향동,331,독산,122
S10,조원동,332,구로,113
S10,대학동,333,독산,122
S10,은천동,334,구로,113
S10,성현동,335,구로,113
S10,청룡동,336,구로,113
S10,난곡동,337,독산,122
S10,삼성동,338,독산,122
S10,미성동,339,독산,122
S10,서초1동,340,교대,7
S10,서초2동,341,수서,52
S10,서초3동,342,총신대입구,99
S10,서초4동,343,교대,7
S10,잠원동,344,용답,79
S10,반포본동,345,총신대입구,99
S10,반포1동,346,교대,7
S10,반포2동,347,총신대입구,99
S10,반포3동,348,용답,79
S10,반포4동,349,총신대입구,99
S10,방배본동,350,총신대입구,99
S10,방배1동,351,총신대입구,99
S10,방배2동,352,총신대입구,99
S10,방배3동,353,총신대입구,99
S10,방배4동,354,총신대입구,99
S10,양재1동,355,수서,52
S10,양재2동,356,수서,52
S10,내곡동,357,수서,52
S10,신사동,358,용답,79
S10,개포3동,359,수서,52
S10,논현1동,360,용답,79
S10,논현2동,361,용답,79
S10,삼성1동,362,수서,52
S10,삼성2동,363,용답,79
S10,대치1동,364,수서,52
S10,대치4동,365,수서,52
S10,역삼1동,366,수서,52
S10,역삼2동,367,수서,52
S10,도곡1동,368,수서,52
S10,도곡2동,369,수서,52
S10,개포1동,370,수서,52
S10,개포4동,371,수서,52
S10,일원본동,372,수서,52
S10,일원1동,373,수서,52
S10,수서동,374,수서,52
S10,세곡동,375,수서,52
S10,압구정동,376,용답,79
S10,청담동,377,용답,79
S10,대치2동,378,수서,52
S10,개포2동,379,수서,52
S10,풍납1동,380,용답,79
S10,풍납2동,381,수서,52
S10,거여1동,382,수서,52
S10,거여2동,383,수서,52
S10,마천1동,384,수서,52
S10,마천2동,385,수서,52
S10,방이1동,386,수서,52
S10,방이2동,387,수서,52
S10,오륜동,388,수서,52
S10,오금동,389,수서,52
S10,송파1동,390,수서,52
S10,송파2동,391,수서,52
S10,석촌동,392,수서,52
S10,삼전동,393,수서,52
S10,가락본동,394,수서,52
S10,가락1동,395,수서,52
S10,가락2동,396,수서,52
S10,문정1동,397,수서,52
S10,문정2동,398,수서,52
S10,잠실본동,399,수서,52
S10,잠실4동,400,수서,52
S10,잠실6동,401,수서,52
S10,잠실7동,402,수서,52
S10,잠실2동,403,수서,52
S10,잠실3동,404,수서,52
S10,장지동,405,수서,52
S10,위례동,406,수서,52
S10,명일1동,407,용답,79
S10,명일2동,408,용답,79
S10,고덕1동,409,용답,79
S10,고덕2동,410,용답,79
S10,암사2동,411,용답,79
S10,암사3동,412,용답,79
S10,천호1동,413,용답,79
S10,천호3동,414,용답,79
S10,성내1동,415,용답,79
S10,성내2동,416,용답,79
S10,성내3동,417,수서,52
S10,둔촌1동,418,수서,52
S10,둔촌2동,419,수서,52
S10,암사1동,420,용답,79
S10,천호2동,421,용답,79
S10,길동,422,용답,79
S10,강일동,423,용답,79
S10,상일1동,424,용답,79
S10,상일2동,425,용답,79
S13,사직동,0,용두,80
S13,삼청동,1,용두,80
S13,부암동,2,용두,80
S13,평창동,3,녹번,17
S13,무악동,4,녹번,17
S13,교남동,5,용두,80
S13,가회동,6,용두,80
S13,종로1·2·3·4가동,7,용두,80
S13,종로5·6가동,8,용두,80
S13,이화동,9,용두,80
S13,창신1동,10,용두,80
S13,창신2동,11,용두,80
S13,창신3동,12,용두,80
S13,숭인1동,13,용두,80
S13,숭인2동,14,용두,80
S13,청운효자동,15,용두,80
S13,혜화동,16,용두,80
S13,소공동,17,용두,80
S13,회현동,18,용두,80
S13,명동,19,용두,80
S13,필동,20,용두,80
S13,장충동,21,신용산,63
S13,광희동,22,용두,80
S13,을지로동,23,용두,80
S13,신당5동,24,용두,80
S13,황학동,25,용두,80
S13,중림동,26,신용산,63
S13,신당동,27,용두,80
S13,다산동,28,용두,80
S13,약수동,29,용두,80
S13,청구동,30,용두,80
S13,동화동,31,용두,80
S13,후암동,32,신용산,63
S13,용산2가동,33,신용산,63
S13,남영동,34,신용산,63
S13,원효로2동,35,신용산,63
S13,효창동,36,신용산,63
S13,용문동,37,신용산,63
S13,이촌1동,38,신용산,63
S13,이촌2동,39,신용산,63
S13,이태원1동,40,신용산,63
S13,이태원2동,41,신용산,63
S13,서빙고동,42,신용산,63
S13,보광동,43,신용산,63
S13,청파동,44,신용산,63
S13,원효로1동,45,신용산,63
S13,한강로동,46,신용산,63
S13,한남동,47,용두,80
S13,왕십리2동,48,용두,80
S13,마장동,49,용두,80
S13,사근동,50,용두,80
S13,행당1동,51,용두,80
S13,행당2동,52,용두,80
S13,응봉동,53,용두,80
S13,금호1가동,54,용두,80
S13,금호4가동,55,용두,80
S13,성수1가1동,56,용두,80
S13,성수1가2동,57,용두,80
S13,성수2가1동,58,구의,9
S13,성수2가3동,59,구의,9
S13,송정동,60,용두,80
S13,용답동,61,용두,80
S13,왕십리도선동,62,용두,80
S13,금호2·3가동,63,용두,80
S13,옥수동,64,용두,80
S13,화양동,65,구의,9
S13,군자동,66,용두,80
S13,중곡1동,67,용두,80
S13,중곡2동,68,구의,9
S13,중곡3동,69,용두,80
S13,중곡4동,70,구의,9
S13,능동,71,구의,9
S13,구의1동,72,구의,9
S13,구의2동,73,구의,9
S13,구의3동,74,구의,9
S13,광장동,75,구의,9
S13,자양1동,76,구의,9
S13,자양2동,77,구의,9
S13,자양3동,78,구의,9
S13,자양4동,79,구의,9
S13,회기동,80,용두,80
S13,휘경1동,81,용두,80
S13,휘경2동,82,용두,80
S13,청량리동,83,용두,80
S13,용신동,84,용두,80
S13,제기동,85,용두,80
S13,전농1동,86,용두,80
S13,전농2동,87,용두,80
S13,답십리2동,88,용두,80
S13,장안1동,89,용두,80
S13,장안2동,90,용두,80
S13,이문1동,91,용두,80
S13,이문2동,92,용두,80
S13,답십리1동,93,용두,80
S13,면목2동,94,용두,80
S13,면목4동,95,용두,80
S13,면목5동,96,용두,80
S13,면목7동,97,용두,80
S13,상봉1동,98,용두,80
S13,상봉2동,99,용두,80
S13,중화1동,100,용두,80
S13,중화2동,101,용두,80
S13,묵1동,102,창동,97
S13,묵2동,103,용두,80
S13,망우3동,104,용두,80
S13,신내1동,105,창동,97
S13,신내2동,106,창동,97
S13,면목본동,107,용두,80
S13,면목3·8동,108,용두,80
S13,망우본동,109,용두,80
S13,돈암1동,110,용두,80
S13,돈암2동,111,용두,80
S13,안암동,112,용두,80
S13,보문동,113,용두,80
S13,정릉1동,114,용두,80
S13,정릉2동,115,용두,80
S13,정릉3동,116,용두,80
S13,정릉4동,117,용두,80
S13,길음1동,118,용두,80
S13,길음2동,119,용두,80
S13,월곡1동,120,용두,80
S13,월곡2동,121,용두,80
S13,장위1동,122,용두,80
S13,장위2동,123,용두,80
S13,장위3동,124,창동,97
S13,성북동,125,용두,80
S13,삼선동,126,용두,80
S13,동선동,127,용두,80
S13,종암동,128,용두,80
S13,석관동,129,용두,80
S13,번1동,130,창동,97
S13,번2동,131,창동,97
S13,번3동,132,창동,97
S13,수유1동,133,창동,97
S13,수유2동,134,창동,97
S13,수유3동,135,창동,97
S13,삼양동,136,창동,97
S13,미아동,137,창동,97
S13,송중동,138,용두,80
S13,송천동,139,창동,97
S13,삼각산동,140,창동,97
S13,우이동,141,창동,97
S13,인수동,142,창동,97
S13,쌍문1동,143,창동,97
S13,쌍문2동,144,창동,97
S13,쌍문3동,145,창동,97
S13,쌍문4동,146,창동,97
S13,방학1동,147,창동,97
S13,방학2동,148,창동,97
S13,방학3동,149,창동,97
S13,창1동,150,창동,97
S13,창2동,151,창동,97
S13,창3동,152,창동,97
S13,창4동,153,창동,97
S13,창5동,154,창동,97
S13,도봉1동,155,창동,97
S13,도봉2동,156,창동,97
S13,월계1동,157,창동,97
S13,월계2동,158,창동,97
S13,월계3동,159,창동,97
S13,공릉2동,160,창동,97
S13,하계1동,161,창동,97
S13,하계2동,162,창동,97
S13,중계본동,163,창동,97
S13,중계1동,164,창동,97
S13,중계4동,165,창동,97
S13,상계1동,166,창동,97
S13,상계2동,167,창동,97
S13,상계5동,168,창동,97
S13,상계8동,169,창동,97
S13,상계9동,170,창동,97
S13,상계10동,171,창동,97
S13,상계3·4동,172,창동,97
S13,상계6·7동,173,창동,97
S13,중계2·3동,174,창동,97
S13,공릉1동,175,창동,97
S13,녹번동,176,녹번,17
S13,불광1동,177,녹번,17
S13,갈현1동,178,녹번,17
S13,갈현2동,179,녹번,17
S13,구산동,180,녹번,17
S13,대조동,181,녹번,17
S13,응암1동,182,녹번,17
S13,응암2동,183,녹번,17
S13,신사1동,184,녹번,17
S13,신사2동,185,녹번,17
S13,증산동,186,녹번,17
S13,수색동,187,녹번,17
S13,진관동,188,녹번,17
S13,불광2동,189,녹번,17
S13,응암3동,190,녹번,17
S13,역촌동,191,녹번,17
S13,천연동,192,용두,80
S13,홍제1동,193,녹번,17
S13,홍제3동,194,녹번,17
S13,홍제2동,195,녹번,17
S13,홍은1동,196,녹번,17
S13,홍은2동,197,녹번,17
S13,남가좌1동,198,녹번,17
S13,남가좌2동,199,녹번,17
S13,북가좌1동,200,녹번,17
S13,북가좌2동,201,녹번,17
S13,충현동,202,신용산,63
S13,북아현동,203,신용산,63
S13,신촌동,204,신용산,63
S13,연희동,205,녹번,17
S13,용강동,206,신용산,63
S13,대흥동,207,신용산,63
S13,염리동,208,신용산,63
S13,신수동,209,신용산,63
S13,서교동,210,구로,113
S13,합정동,211,구로,113
S13,망원1동,212,구로,113
S13,망원2동,213,구로,113
S13,연남동,214,구로,113
S13,성산1동,215,구로,113
S13,성산2동,216,구로,113
S13,상암동,217,구로,113
S13,도화동,218,신용산,63
S13,서강동,219,구로,113
S13,공덕동,220,신용산,63
S13,아현동,221,신용산,63
S13,목1동,222,양천구청,72
S13,목2동,223,양천구청,72
S13,목3동,224,양천구청,72
S13,목4동,225,양천구청,72
S13,신월1동,226,양천구청,72
S13,신월2동,227,양천구청,72
S13,신월3동,228,양천구청,72
S13,신월4동,229,양천구청,72
S13,신월5동,230,양천구청,72
S13,신월6동,231,양천구청,72
S13,신월7동,232,양천구청,72
S13,신정1동,233,양천구청,72
S13,신정2동,234,양천구청,72
S13,신정3동,235,양천구청,72
S13,신정6동,236,양천구청,72
S13,신정7동,237,양천구청,72
S13,목5동,238,양천구청,72
S13,신정4동,239,양천구청,72
S13,염창동,240,양천구청,72
S13,등촌1동,241,양천구청,72
S13,등촌2동,242,양천구청,72
S13,등촌3동,243,양천구청,72
S13,화곡본동,244,양천구청,72
S13,화곡2동,245,양천구청,72
S13,화곡3동,246,양천구청,72
S13,화곡4동,247,양천구청,72
S13,화곡6동,248,양천구청,72
S13,화곡8동,249,양천구청,72
S13,가양2동,250,양천구청,72
S13,가양3동,251,양천구청,72
S13,발산1동,252,양천구청,72
S13,공항동,253,양천구청,72
S13,방화1동,254,양천구청,72
S13,방화2동,255,양천구청,72
S13,화곡1동,256,양천구청,72
S13,우장산동,257,양천구청,72
S13,가양1동,258,양천구청,72
S13,방화3동,259,양천구청,72
S13,신도림동,260,구로,113
S13,구로1동,261,구로,113
S13,구로3동,262,구로,113
S13,구로4동,263,구로,113
S13,구로5동,264,구로,113
S13,고척1동,265,구로,113
S13,고척2동,266,양천구청,72
S13,개봉2동,267,양천구청,72
S13,개봉3동,268,양천구청,72
S13,오류1동,269,양천구청,72
S13,수궁동,270,양천구청,72
S13,가리봉동,271,구로,113
S13,구로2동,272,구로,113
S13,개봉1동,273,양천구청,72
S13,오류2동,274,양천구청,72
S13,항동,275,양천구청,72
S13,가산동,276,구로,113
S13,독산1동,277,구로,113
S13,독산2동,278,구로,113
S13,독산3동,279,구로,113
S13,독산4동,280,구로,113
S13,시흥1동,281,구로,113
S13,시흥2동,282,구로,113
S13,시흥3동,283,구로,113
S13,시흥4동,284,구로,113
S13,시흥5동,285,구로,113
S13,여의동,286,구로,113
S13,당산1동,287,구로,113
S13,당산2동,288,구로,113
S13,양평1동,289,구로,113
S13,양평2동,290,구로,113
S13,신길1동,291,구로,113
S13,신길3동,292,구로,113
S13,신길4동,293,구로,113
S13,신길5동,294,구로,113
S13,신길6동,295,구로,113
S13,신길7동,296,구로,113
S13,대림1동,297,구로,113
S13,대림2동,298,구로,113
S13,대림3동,299,구로,113
S13,영등포본동,300,구로,113
S13,영등포동,301,구로,113
S13,도림동,302,구로,113
S13,문래동,303,구로,113
S13,노량진2동,304,구로,113
S13,상도1동,305,총신대입구,99
S13,상도2동,306,구로,113
S13,상도3동,307,구로,113
S13,상도4동,308,구로,113
S13,사당1동,309,총신대입구,99
S13,사당3동,310,총신대입구,99
S13,사당4동,311,총신대입구,99
S13,사당5동,312,총신대입구,99
S13,대방동,313,구로,113
S13,신대방1동,314,구로,113
S13,신대방2동,315,구로,113
S13,흑석동,316,신용산,63
S13,노량진1동,317,신용산,63
S13,사당2동,318,총신대입구,99
S13,보라매동,319,구로,113
S13,청림동,320,총신대입구,99
S13,행운동,321,총신대입구,99
S13,낙성대동,322,총신대입구,99
S13,중앙동,323,총신대입구,99
S13,인헌동,324,총신대입구,99
S13,남현동,325,총신대입구,99
S13,서원동,326,구로,113
S13,신원동,327,구로,113
S13,서림동,328,구로,113
S13,신사동,329,구로,113
S13,신림동,330,구로,113
S13,난향동,331,구로,113
S13,조원동,332,구로,113
S13,대학동,333,구로,113
S13,은천동,334,구로,113
S13,성현동,335,총신대입구,99
S13,청룡동,336,총신대입구,99
S13,난곡동,337,구로,113
S13,삼성동,338,구로,113
S13,미성동,339,구로,113
S13,서초1동,340,총신대입구,99
S13,서초2동,341,도곡,22
S13,서초3동,342,총신대입구,99
S13,서초4동,343,총신대입구,99
S13,잠원동,344,용두,80
S13,반포본동,345,총신대입구,99
S13,반포1동,346,총신대입구,99
S13,반포2동,347,총신대입구,99
S13,반포3동,348,용두,80
S13,반포4동,349,총신대입구,99
S13,방배본동,350,총신대입구,99
S13,방배1동,351,총신대입구,99
S13,방배2동,352,총신대입구,99
S13,방배3동,353,총신대입구,99
S13,방배4동,354,총신대입구,99
S13,양재1동,355,도곡,22
S13,양재2동,356,도곡,22
S13,내곡동,357,가락시장,0
S13,신사동,358,용두,80
S13,개포3동,359,도곡,22
S13,논현1동,360,도곡,22
S13,논현2동,361,용두,80
S13,삼성1동,362,가락시장,0
S13,삼성2동,363,도곡,22
S13,대치1동,364,도곡,22
S13,대치4동,365,도곡,22
S13,역삼1동,366,도곡,22
S13,역삼2동,367,도곡,22
S13,도곡1동,368,도곡,22
S13,도곡2동,369,도곡,22
S13,개포1동,370,도곡,22
S13,개포4동,371,도곡,22
S13,일원본동,372,가락시장,0
S13,일원1동,373,가락시장,0
S13,수서동,374,가락시장,0
S13,세곡동,375,가락시장,0
S13,압구정동,376,용두,80
S13,청담동,377,구의,9
S13,대치2동,378,도곡,22
S13,개포2동,379,도곡,22
S13,풍납1동,380,구의,9
S13,풍납2동,381,가락시장,0
S13,거여1동,382,가락시장,0
S13,거여2동,383,가락시장,0
S13,마천1동,384,가락시장,0
S13,마천2동,385,가락시장,0
S13,방이1동,386,가락시장,0
S13,방이2동,387,가락시장,0
S13,오륜동,388,가락시장,0
S13,오금동,389,가락시장,0
S13,송파1동,390,가락시장,0
S13,송파2동,391,가락시장,0
S13,석촌동,392,가락시장,0
S13,삼전동,393,가락시장,0
S13,가락본동,394,가락시장,0
S13,가락1동,395,가락시장,0
S13,가락2동,396,가락시장,0
S13,문정1동,397,가락시장,0
S13,문정2동,398,가락시장,0
S13,잠실본동,399,가락시장,0
S13,잠실4동,400,가락시장,0
S13,잠실6동,401,가락시장,0
S13,잠실7동,402,가락시장,0
S13,잠실2동,403,구의,9
S13,잠실3동,404,가락시장,0
S13,장지동,405,가락시장,0
S13,위례동,406,가락시장,0
S13,명일1동,407,가락시장,0
S13,명일2동,408,가락시장,0
S13,고덕1동,409,가락시장,0
S13,고덕2동,410,가락시장,0
S13,암사2동,411,구의,9
S13,암사3동,412,구의,9
S13,천호1동,413,가락시장,0
S13,천호3동,414,구의,9
S13,성내1동,415,가락시장,0
S13,성내2동,416,가락시장,0
S13,성내3동,417,가락시장,0
S13,둔촌1동,418,가락시장,0
S13,둔촌2동,419,가락시장,0
S13,암사1동,420,구의,9
S13,천호2동,421,구의,9
S13,길동,422,가락시장,0
S13,강일동,423,가락시장,0
S13,상일1동,424,가락시장,0
S13,상일2동,425,가락시장,0
S14,사직동,0,서울역,47
S14,삼청동,1,용두,80
S14,부암동,2,서울역,47
S14,평창동,3,용두,80
S14,무악동,4,충정로,101
S14,교남동,5,서울역,47
S14,가회동,6,용두,80
S14,종로1·2·3·4가동,7,용두,80
S14,종로5·6가동,8,용두,80
S14,이화동,9,용두,80
S14,창신1동,10,용두,80
S14,창신2동,11,용두,80
S14,창신3동,12,용두,80
S14,숭인1동,13,용두,80
S14,숭인2동,14,용두,80
S14,청운효자동,15,서울역,47
S14,혜화동,16,용두,80
S14,소공동,17,서울역,47
S14,회현동,18,서울역,47
S14,명동,19,서울역,47
S14,필동,20,용두,80
S14,장충동,21,서울역,47
S14,광희동,22,용두,80
S14,을지로동,23,용두,80
S14,신당5동,24,용두,80
S14,황학동,25,용두,80
S14,중림동,26,충정로,101
S14,신당동,27,용두,80
S14,다산동,28,용두,80
S14,약수동,29,용두,80
S14,청구동,30,용두,80
S14,동화동,31,용두,80
S14,후암동,32,서울역,47
S14,용산2가동,33,서울역,47
S14,남영동,34,서울역,47
S14,원효로2동,35,신용산,63
S14,효창동,36,신용산,63
S14,용문동,37,신용산,63
S14,이촌1동,38,신용산,63
S14,이촌2동,39,신용산,63
S14,이태원1동,40,신용산,63
S14,이태원2동,41,서울역,47
S14,서빙고동,42,신용산,63
S14,보광동,43,용두,80
S14,청파동,44,서울역,47
S14,원효로1동,45,신용산,63
S14,한강로동,46,신용산,63
S14,한남동,47,용두,80
S14,왕십리2동,48,용두,80
S14,마장동,49,용두,80
S14,사근동,50,용두,80
S14,행당1동,51,용두,80
S14,행당2동,52,용두,80
S14,응봉동,53,용두,80
S14,금호1가동,54,용두,80
S14,금호4가동,55,용두,80
S14,성수1가1동,56,용두,80
S14,성수1가2동,57,용두,80
S14,성수2가1동,58,용두,80
S14,성수2가3동,59,용두,80
S14,송정동,60,용두,80
S14,용답동,61,용두,80
S14,왕십리도선동,62,용두,80
S14,금호2·3가동,63,용두,80
S14,옥수동,64,용두,80
S14,화양동,65,용두,80
S14,군자동,66,용두,80
S14,중곡1동,67,신이문,127
S14,중곡2동,68,용두,80
S14,중곡3동,69,신이문,127
S14,중곡4동,70,신이문,127
S14,능동,71,용두,80
S14,구의1동,72,가락시장,0
S14,구의2동,73,용두,80
S14,구의3동,74,가락시장,0
S14,광장동,75,용두,80
S14,자양1동,76,가락시장,0
S14,자양2동,77,가락시장,0
S14,자양3동,78,가락시장,0
S14,자양4동,79,용두,80
S14,회기동,80,신이문,127
S14,휘경1동,81,신이문,127
S14,휘경2동,82,신이문,127
S14,청량리동,83,신이문,127
S14,용신동,84,용두,80
S14,제기동,85,용두,80
S14,전농1동,86,용두,80
S14,전농2동,87,신이문,127
S14,답십리2동,88,용두,80
S14,장안1동,89,용두,80
S14,장안2동,90,신이문,127
S14,이문1동,91,신이문,127
S14,이문2동,92,신이문,127
S14,답십리1동,93,용두,80
S14,면목2동,94,신이문,127
S14,면목4동,95,신이문,127
S14,면목5동,96,신이문,127
S14,면목7동,97,신이문,127
S14,상봉1동,98,신이문,127
S14,상봉2동,99,신이문,127
S14,중화1동,100,신이문,127
S14,중화2동,101,신이문,127
S14,묵1동,102,신이문,127
S14,묵2동,103,신이문,127
S14,망우3동,104,신이문,127
S14,신내1동,105,신이문,127
S14,신내2동,106,신이문,127
S14,면목본동,107,신이문,127
S14,면목3·8동,108,신이문,127
S14,망우본동,109,신이문,127
S14,돈암1동,110,용두,80
S14,돈암2동,111,용두,80
S14,안암동,112,용두,80
S14,보문동,113,용두,80
S14,정릉1동,114,신이문,127
S14,정릉2동,115,용두,80
S14,정릉3동,116,용두,80
S14,정릉4동,117,창동,97
S14,길음1동,118,신이문,127
S14,길음2동,119,신이문,127
S14,월곡1동,120,신이문,127
S14,월곡2동,121,신이문,127
S14,장위1동,122,신이문,127
S14,장위2동,123,신이문,127
S14,장위3동,124,신이문,127
S14,성북동,125,용두,80
S14,삼선동,126,용두,80
S14,동선동,127,용두,80
S14,종암동,128,용두,80
S14,석관동,129,신이문,127
S14,번1동,130,창동,97
S14,번2동,131,창동,97
S14,번3동,132,신이문,127
S14,수유1동,133,창동,97
S14,수유2동,134,창동,97
S14,수유3동,135,창동,97
S14,삼양동,136,창동,97
S14,미아동,137,창동,97
S14,송중동,138,신이문,127
S14,송천동,139,신이문,127
S14,삼각산동,140,창동,97
S14,우이동,141,창동,97
S14,인수동,142,창동,97
S14,쌍문1동,143,창동,97
S14,쌍문2동,144,창동,97
S14,쌍문3동,145,창동,97
S14,쌍문4동,146,창동,97
S14,방학1동,147,창동,97
S14,방학2동,148,창동,97
S14,방학3동,149,창동,97
S14,창1동,150,창동,97
S14,창2동,151,창동,97
S14,창3동,152,창동,97
S14,창4동,153,창동,97
S14,창5동,154,창동,97
S14,도봉1동,155,창동,97
S14,도봉2동,156,창동,97
S14,월계1동,157,신이문,127
S14,월계2동,158,창동,97
S14,월계3동,159,신이문,127
S14,공릉2동,160,신이문,127
S14,하계1동,161,창동,97
S14,하계2동,162,창동,97
S14,중계본동,163,창동,97
S14,중계1동,164,창동,97
S14,중계4동,165,창동,97
S14,상계1동,166,창동,97
S14,상계2동,167,창동,97
S14,상계5동,168,창동,97
S14,상계8동,169,창동,97
S14,상계9동,170,창동,97
S14,상계10동,171,창동,97
S14,상계3·4동,172,창동,97
S14,상계6·7동,173,창동,97
S14,중계2·3동,174,창동,97
S14,공릉1동,175,신이문,127
S14,녹번동,176,서울역,47
S14,불광1동,177,녹번,17
S14,갈현1동,178,녹번,17
S14,갈현2동,179,녹번,17
S14,구산동,180,녹번,17
S14,대조동,181,녹번,17
S14,응암1동,182,녹번,17
S14,응암2동,183,녹번,17
S14,신사1동,184,녹번,17
S14,신사2동,185,양천구청,72
S14,증산동,186,양천구청,72
S14,수색동,187,구로,113
S14,진관동,188,녹번,17
S14,불광2동,189,녹번,17
S14,응암3동,190,충정로,101
S14,역촌동,191,녹번,17
S14,천연동,192,충정로,101
S14,홍제1동,193,서울역,47
S14,홍제3동,194,충정로,101
S14,홍제2동,195,서울역,47
S14,홍은1동,196,충정로,101
S14,홍은2동,197,서울역,47
S14,남가좌1동,198,구로,113
S14,남가좌2동,199,충정로,101
S14,북가좌1동,200,구로,113
S14,북가좌2동,201,구로,113
S14,충현동,202,충정로,101
S14,북아현동,203,충정로,101
S14,신촌동,204,충정로,101
S14,연희동,205,충정로,101
S14,용강동,206,구로,113
S14,대흥동,207,충정로,101
S14,염리동,208,충정로,101
S14,신수동,209,구로,113
S14,서교동,210,구로,113
S14,합정동,211,구로,113
S14,망원1동,212,구로,113
S14,망원2동,213,구로,113
S14,연남동,214,구로,113
S14,성산1동,215,구로,113
S14,성산2동,216,구로,113
S14,상암동,217,구로,113
S14,도화동,218,신용산,63
S14,서강동,219,구로,113
S14,공덕동,220,서울역,47
S14,아현동,221,충정로,101
S14,목1동,222,양천구청,72
S14,목2동,223,양천구청,72
S14,목3동,224,양천구청,72
S14,목4동,225,양천구청,72
S14,신월1동,226,양천구청,72
S14,신월2동,227,양천구청,72
S14,신월3동,228,양천구청,72
S14,신월4동,229,양천구청,72
S14,신월5동,230,양천구청,72
S14,신월6동,231,양천구청,72
S14,신월7동,232,양천구청,72
S14,신정1동,233,양천구청,72
S14,신정2동,234,양천구청,72
S14,신정3동,235,양천구청,72
S14,신정6동,236,양천구청,72
S14,신정7동,237,양천구청,72
S14,목5동,238,양천구청,72
S14,신정4동,239,양천구청,72
S14,염창동,240,양천구청,72
S14,등촌1동,241,양천구청,72
S14,등촌2동,242,양천구청,72
S14,등촌3동,243,양천구청,72
S14,화곡본동,244,양천구청,72
S14,화곡2동,245,양천구청,72
S14,화곡3동,246,양천구청,72
S14,화곡4동,247,양천구청,72
S14,화곡6동,248,양천구청,72
S14,화곡8동,249,양천구청,72
S14,가양2동,250,양천구청,72
S14,가양3동,251,양천구청,72
S14,발산1동,252,양천구청,72
S14,공항동,253,양천구청,72
S14,방화1동,254,양천구청,72
S14,방화2동,255,양천구청,72
S14,화곡1동,256,양천구청,72
S14,우장산동,257,양천구청,72
S14,가양1동,258,양천구청,72
S14,방화3동,259,양천구청,72
S14,신도림동,260,구로,113
S14,구로1동,261,구로,113
S14,구로3동,262,독산,122
S14,구로4동,263,구로,113
S14,구로5동,264,구로,113
S14,고척1동,265,구로,113
S14,고척2동,266,양천구청,72
S14,개봉2동,267,양천구청,72
S14,개봉3동,268,양천구청,72
S14,오류1동,269,양천구청,72
S14,수궁동,270,양천구청,72
S14,가리봉동,271,독산,122
S14,구로2동,272,구로,113
S14,개봉1동,273,양천구청,72
S14,오류2동,274,양천구청,72
S14,항동,275,양천구청,72
S14,가산동,276,독산,122
S14,독산1동,277,독산,122
S14,독산2동,278,독산,122
S14,독산3동,279,독산,122
S14,독산4동,280,독산,122
S14,시흥1동,281,독산,122
S14,시흥2동,282,독산,122
S14,시흥3동,283,독산,122
S14,시흥4동,284,독산,122
S14,시흥5동,285,독산,122
S14,여의동,286,구로,113
S14,당산1동,287,구로,113
S14,당산2동,288,구로,113
S14,양평1동,289,구로,113
S14,양평2동,290,구로,113
S14,신길1동,291,구로,113
S14,신길3동,292,구로,113
S14,신길4동,293,구로,113
S14,신길5동,294,구로,113
S14,신길6동,295,구로,113
S14,신길7동,296,구로,113
S14,대림1동,297,구로,113
S14,대림2동,298,구로,113
S14,대림3동,299,구로,113
S14,영등포본동,300,구로,113
S14,영등포동,301,구로,113
S14,도림동,302,구로,113
S14,문래동,303,구로,113
S14,노량진2동,304,구로,113
S14,상도1동,305,총신대입구,99
S14,상도2동,306,구로,113
S14,상도3동,307,구로,113
S14,상도4동,308,구로,113
S14,사당1동,309,총신대입구,99
S14,사당3동,310,총신대입구,99
S14,사당4동,311,총신대입구,99
S14,사당5동,312,총신대입구,99
S14,대방동,313,구로,113
S14,신대방1동,314,독산,122
S14,신대방2동,315,구로,113
S14,흑석동,316,신용산,63
S14,노량진1동,317,신용산,63
S14,사당2동,318,총신대입구,99
S14,보라매동,319,독산,122
S14,청림동,320,총신대입구,99
S14,행운동,321,총신대입구,99
S14,낙성대동,322,총신대입구,99
S14,중앙동,323,독산,122
S14,인헌동,324,총신대입구,99
S14,남현동,325,독산,122
S14,서원동,326,독산,122
S14,신원동,327,독산,122
S14,서림동,328,독산,122
S14,신사동,329,독산,122
S14,신림동,330,독산,122
S14,난향동,331,독산,122
S14,조원동,332,독산,122
S14,대학동,333,독산,122
S14,은천동,334,독산,122
S14,성현동,335,독산,122
S14,청룡동,336,독산,122
S14,난곡동,337,독산,122
S14,삼성동,338,독산,122
S14,미성동,339,독산,122
S14,서초1동,340,남부터미널,14
S14,서초2동,341,남부터미널,14
S14,서초3동,342,남부터미널,14
S14,서초4동,343,남부터미널,14
S14,잠원동,344,용두,80
S14,반포본동,345,총신대입구,99
S14,반포1동,346,남부터미널,14
S14,반포2동,347,총신대입구,99
S14,반포3동,348,용두,80
S14,반포4동,349,총신대입구,99
S14,방배본동,350,총신대입구,99
S14,방배1동,351,총신대입구,99
S14,방배2동,352,총신대입구,99
S14,방배3동,353,총신대입구,99
S14,방배4동,354,총신대입구,99
S14,양재1동,355,남부터미널,14
S14,양재2동,356,수서,52
S14,내곡동,357,수서,52
S14,신사동,358,용두,80
S14,개포3동,359,수서,52
S14,논현1동,360,남부터미널,14
S14,논현2동,361,용두,80
S14,삼성1동,362,수서,52
S14,삼성2동,363,수서,52
S14,대치1동,364,수서,52
S14,대치4동,365,수서,52
S14,역삼1동,366,수서,52
S14,역삼2동,367,수서,52
S14,도곡1동,368,수서,52
S14,도곡2동,369,수서,52
S14,개포1동,370,수서,52
S14,개포4동,371,수서,52
S14,일원본동,372,수서,52
S14,일원1동,373,수서,52
S14,수서동,374,수서,52
S14,세곡동,375,수서,52
S14,압구정동,376,용두,80
S14,청담동,377,수서,52
S14,대치2동,378,수서,52
S14,개포2동,379,수서,52
S14,풍납1동,380,가락시장,0
S14,풍납2동,381,가락시장,0
S14,거여1동,382,가락시장,0
S14,거여2동,383,가락시장,0
S14,마천1동,384,가락시장,0
S14,마천2동,385,가락시장,0
S14,방이1동,386,가락시장,0
S14,방이2동,387,가락시장,0
S14,오륜동,388,오금,76
S14,오금동,389,오금,76
S14,송파1동,390,가락시장,0
S14,송파2동,391,가락시장,0
S14,석촌동,392,수서,52
S14,삼전동,393,수서,52
S14,가락본동,394,가락시장,0
S14,가락1동,395,수서,52
S14,가락2동,396,가락시장,0
S14,문정1동,397,가락시장,0
S14,문정2동,398,수서,52
S14,잠실본동,399,수서,52
S14,잠실4동,400,가락시장,0
S14,잠실6동,401,가락시장,0
S14,잠실7동,402,수서,52
S14,잠실2동,403,가락시장,0
S14,잠실3동,404,수서,52
S14,장지동,405,가락시장,0
S14,위례동,406,가락시장,0
S14,명일1동,407,오금,76
S14,명일2동,408,오금,76
S14,고덕1동,409,오금,76
S14,고덕2동,410,오금,76
S14,암사2동,411,가락시장,0
S14,암사3동,412,가락시장,0
S14,천호1동,413,오금,76
S14,천호3동,414,오금,76
S14,성내1동,415,오금,76
S14,성내2동,416,오금,76
S14,성내3동,417,오금,76
S14,둔촌1동,418,오금,76
S14,둔촌2동,419,오금,76
S14,암사1동,420,오금,76
S14,천호2동,421,가락시장,0
S14,길동,422,오금,76
S14,강일동,423,오금,76
S14,상일1동,424,오금,76
S14,상일2동,425,오금,76
S15,사직동,0,용두,80
S15,삼청동,1,용두,80
S15,부암동,2,용두,80
S15,평창동,3,신이문,127
S15,무악동,4,서울역,47
S15,교남동,5,서울역,47
S15,가회동,6,용두,80
S15,종로1·2·3·4가동,7,용두,80
S15,종로5·6가동,8,용두,80
S15,이화동,9,용두,80
S15,창신1동,10,용두,80
S15,창신2동,11,용두,80
S15,창신3동,12,용두,80
S15,숭인1동,13,용두,80
S15,숭인2동,14,용두,80
S15,청운효자동,15,용두,80
S15,혜화동,16,용두,80
S15,소공동,17,서울역,47
S15,회현동,18,서울역,47
S15,명동,19,용두,80
S15,필동,20,용두,80
S15,장충동,21,용두,80
S15,광희동,22,용두,80
S15,을지로동,23,용두,80
S15,신당5동,24,용두,80
S15,황학동,25,용두,80
S15,중림동,26,충정로,101
S15,신당동,27,용두,80
S15,다산동,28,용두,80
S15,약수동,29,용두,80
S15,청구동,30,용두,80
S15,동화동,31,용두,80
S15,후암동,32,서울역,47
S15,용산2가동,33,신용산,63
S15,남영동,34,신용산,63
S15,원효로2동,35,대방,119
S15,효창동,36,신용산,63
S15,용문동,37,신용산,63
S15,이촌1동,38,신용산,63
S15,이촌2동,39,대방,119
S15,이태원1동,40,신용산,63
S15,이태원2동,41,용두,80
S15,서빙고동,42,신용산,63
S15,보광동,43,용두,80
S15,청파동,44,서울역,47
S15,원효로1동,45,신용산,63
S15,한강로동,46,신용산,63
S15,한남동,47,용두,80
S15,왕십리2동,48,용두,80
S15,마장동,49,용답,79
S15,사근동,50,용답,79
S15,행당1동,51,용두,80
S15,행당2동,52,용두,80
S15,응봉동,53,용두,80
S15,금호1가동,54,용두,80
S15,금호4가동,55,용두,80
S15,성수1가1동,56,용답,79
S15,성수1가2동,57,용답,79
S15,성수2가1동,58,용답,79
S15,성수2가3동,59,용답,79
S15,송정동,60,용답,79
S15,용답동,61,용답,79
S15,왕십리도선동,62,용두,80
S15,금호2·3가동,63,용두,80
S15,옥수동,64,용두,80
S15,화양동,65,용답,79
S15,군자동,66,용답,79
S15,중곡1동,67,용답,79
S15,중곡2동,68,용답,79
S15,중곡3동,69,용답,79
S15,중곡4동,70,용답,79
S15,능동,71,용답,79
S15,구의1동,72,용답,79
S15,구의2동,73,용답,79
S15,구의3동,74,용답,79
S15,광장동,75,용답,79
S15,자양1동,76,용답,79
S15,자양2동,77,용답,79
S15,자양3동,78,용답,79
S15,자양4동,79,용답,79
S15,회기동,80,신이문,127
S15,휘경1동,81,신이문,127
S15,휘경2동,82,신이문,127
S15,청량리동,83,신이문,127
S15,용신동,84,용두,80
S15,제기동,85,용두,80
S15,전농1동,86,용답,79
S15,전농2동,87,용답,79
S15,답십리2동,88,용답,79
S15,장안1동,89,용답,79
S15,장안2동,90,용답,79
S15,이문1동,91,신이문,127
S15,이문2동,92,신이문,127
S15,답십리1동,93,용답,79
S15,면목2동,94,신이문,127
S15,면목4동,95,용답,79
S15,면목5동,96,신이문,127
S15,면목7동,97,신이문,127
S15,상봉1동,98,신이문,127
S15,상봉2동,99,신이문,127
S15,중화1동,100,신이문,127
S15,중화2동,101,신이문,127
S15,묵1동,102,신이문,127
S15,묵2동,103,신이문,127
S15,망우3동,104,신이문,127
S15,신내1동,105,신이문,127
S15,신내2동,106,신이문,127
S15,면목본동,107,신이문,127
S15,면목3·8동,108,신이문,127
S15,망우본동,109,신이문,127
S15,돈암1동,110,용두,80
S15,돈암2동,111,용두,80
S15,안암동,112,용두,80
S15,보문동,113,용두,80
S15,정릉1동,114,신이문,127
S15,정릉2동,115,신이문,127
S15,정릉3동,116,신이문,127
S15,정릉4동,117,창동,97
S15,길음1동,118,신이문,127
S15,길음2동,119,신이문,127
S15,월곡1동,120,신이문,127
S15,월곡2동,121,신이문,127
S15,장위1동,122,신이문,127
S15,장위2동,123,신이문,127
S15,장위3동,124,신이문,127
S15,성북동,125,용두,80
S15,삼선동,126,용두,80
S15,동선동,127,용두,80
S15,종암동,128,신이문,127
S15,석관동,129,신이문,127
S15,번1동,130,창동,97
S15,번2동,131,창동,97
S15,번3동,132,신이문,127
S15,수유1동,133,창동,97
S15,수유2동,134,창동,97
S15,수유3동,135,창동,97
S15,삼양동,136,창동,97
S15,미아동,137,창동,97
S15,송중동,138,신이문,127
S15,송천동,139,신이문,127
S15,삼각산동,140,창동,97
S15,우이동,141,창동,97
S15,인수동,142,창동,97
S15,쌍문1동,143,창동,97
S15,쌍문2동,144,창동,97
S15,쌍문3동,145,창동,97
S15,쌍문4동,146,창동,97
S15,방학1동,147,창동,97
S15,방학2동,148,창동,97
S15,방학3동,149,창동,97
S15,창1동,150,창동,97
S15,창2동,151,창동,97
S15,창3동,152,창동,97
S15,창4동,153,창동,97
S15,창5동,154,창동,97
S15,도봉1동,155,창동,97
S15,도봉2동,156,창동,97
S15,월계1동,157,신이문,127
S15,월계2동,158,창동,97
S15,월계3동,159,신이문,127
S15,공릉2동,160,신이문,127
S15,하계1동,161,창동,97
S15,하계2동,162,창동,97
S15,중계본동,163,창동,97
S15,중계1동,164,창동,97
S15,중계4동,165,창동,97
S15,상계1동,166,창동,97
S15,상계2동,167,창동,97
S15,상계5동,168,창동,97
S15,상계8동,169,창동,97
S15,상계9동,170,창동,97
S15,상계10동,171,창동,97
S15,상계3·4동,172,창동,97
S15,상계6·7동,173,창동,97
S15,중계2·3동,174,창동,97
S15,공릉1동,175,신이문,127
S15,녹번동,176,불광,39
S15,불광1동,177,불광,39
S15,갈현1동,178,불광,39
S15,갈현2동,179,불광,39
S15,구산동,180,양천구청,72
S15,대조동,181,불광,39
S15,응암1동,182,양천구청,72
S15,응암2동,183,양천구청,72
S15,신사1동,184,양천구청,72
S15,신사2동,185,양천구청,72
S15,증산동,186,양천구청,72
S15,수색동,187,양천구청,72
S15,진관동,188,불광,39
S15,불광2동,189,불광,39
S15,응암3동,190,양천구청,72
S15,역촌동,191,양천구청,72
S15,천연동,192,서울역,47
S15,홍제1동,193,서울역,47
S15,홍제3동,194,서울역,47
S15,홍제2동,195,서울역,47
S15,홍은1동,196,서울역,47
S15,홍은2동,197,구로,113
S15,남가좌1동,198,구로,113
S15,남가좌2동,199,구로,113
S15,북가좌1동,200,양천구청,72
S15,북가좌2동,201,양천구청,72
S15,충현동,202,충정로,101
S15,북아현동,203,충정로,101
S15,신촌동,204,충정로,101
S15,연희동,205,구로,113
S15,용강동,206,구로,113
S15,대흥동,207,충정로,101
S15,염리동,208,대방,119
S15,신수동,209,구로,113
S15,서교동,210,구로,113
S15,합정동,211,구로,113
S15,망원1동,212,구로,113
S15,망원2동,213,구로,113
S15,연남동,214,구로,113
S15,성산1동,215,구로,113
S15,성산2동,216,양천구청,72
S15,상암동,217,구로,113
S15,도화동,218,대방,119
S15,서강동,219,구로,113
S15,공덕동,220,서울역,47
S15,아현동,221,충정로,101
S15,목1동,222,양천구청,72
S15,목2동,223,양천구청,72
S15,목3동,224,양천구청,72
S15,목4동,225,양천구청,72
S15,신월1동,226,신정네거리,64
S15,신월2동,227,신정네거리,64
S15,신월3동,228,양천구청,72
S15,신월4동,229,양천구청,72
S15,신월5동,230,신정네거리,64
S15,신월6동,231,양천구청,72
S15,신월7동,232,양천구청,72
S15,신정1동,233,양천구청,72
S15,신정2동,234,양천구청,72
S15,신정3동,235,양천구청,72
S15,신정6동,236,양천구청,72
S15,신정7동,237,양천구청,72
S15,목5동,238,양천구청,72
S15,신정4동,239,양천구청,72
S15,염창동,240,양천구청,72
S15,등촌1동,241,양천구청,72
S15,등촌2동,242,양천구청,72
S15,등촌3동,243,양천구청,72
S15,화곡본동,244,신정네거리,64
S15,화곡2동,245,양천구청,72
S15,화곡3동,246,신정네거리,64
S15,화곡4동,247,양천구청,72
S15,화곡6동,248,신정네거리,64
S15,화곡8동,249,신정네거리,64
S15,가양2동,250,양천구청,72
S15,가양3동,251,양천구청,72
S15,발산1동,252,신정네거리,64
S15,공항동,253,신정네거리,64
S15,방화1동,254,신정네거리,64
S15,방화2동,255,신정네거리,64
S15,화곡1동,256,신정네거리,64
S15,우장산동,257,신정네거리,64
S15,가양1동,258,신정네거리,64
S15,방화3동,259,신정네거리,64
S15,신도림동,260,구로,113
S15,구로1동,261,구로,113
S15,구로3동,262,독산,122
S15,구로4동,263,구로,113
S15,구로5동,264,구로,113
S15,고척1동,265,양천구청,72
S15,고척2동,266,양천구청,72
S15,개봉2동,267,양천구청,72
S15,개봉3동,268,양천구청,72
S15,오류1동,269,양천구청,72
S15,수궁동,270,양천구청,72
S15,가리봉동,271,독산,122
S15,구로2동,272,구로,113
S15,개봉1동,273,양천구청,72
S15,오류2동,274,양천구청,72
S15,항동,275,양천구청,72
S15,가산동,276,독산,122
S15,독산1동,277,독산,122
S15,독산2동,278,독산,122
S15,독산3동,279,독산,122
S15,독산4동,280,독산,122
S15,시흥1동,281,독산,122
S15,시흥2동,282,독산,122
S15,시흥3동,283,독산,122
S15,시흥4동,284,독산,122
S15,시흥5동,285,독산,122
S15,여의동,286,구로,113
S15,당산1동,287,구로,113
S15,당산2동,288,구로,113
S15,양평1동,289,구로,113
S15,양평2동,290,양천구청,72
S15,신길1동,291,구로,113
S15,신길3동,292,구로,113
S15,신길4동,293,구로,113
S15,신길5동,294,구로,113
S15,신길6동,295,구로,113
S15,신길7동,296,구로,113
S15,대림1동,297,구로,113
S15,대림2동,298,독산,122
S15,대림3동,299,구로,113
S15,영등포본동,300,구로,113
S15,영등포동,301,구로,113
S15,도림동,302,구로,113
S15,문래동,303,구로,113
S15,노량진2동,304,구로,113
S15,상도1동,305,대방,119
S15,상도2동,306,구로,113
S15,상도3동,307,구로,113
S15,상도4동,308,구로,113
S15,사당1동,309,총신대입구,99
S15,사당3동,310,총신대입구,99
S15,사당4동,311,총신대입구,99
S15,사당5동,312,총신대입구,99
S15,대방동,313,대방,119
S15,신대방1동,314,독산,122
S15,신대방2동,315,구로,113
S15,흑석동,316,대방,119
S15,노량진1동,317,대방,119
S15,사당2동,318,총신대입구,99
S15,보라매동,319,독산,122
S15,청림동,320,독산,122
S15,행운동,321,독산,122
S15,낙성대동,322,독산,122
S15,중앙동,323,독산,122
S15,인헌동,324,총신대입구,99
S15,남현동,325,독산,122
S15,서원동,326,독산,122
S15,신원동,327,독산,122
S15,서림동,328,독산,122
S15,신사동,329,독산,122
S15,신림동,330,독산,122
S15,난향동,331,독산,122
S15,조원동,332,독산,122
S15,대학동,333,독산,122
S15,은천동,334,독산,122
S15,성현동,335,독산,122
S15,청룡동,336,독산,122
S15,난곡동,337,독산,122
S15,삼성동,338,독산,122
S15,미성동,339,독산,122
S15,서초1동,340,교대,7
S15,서초2동,341,교대,7
S15,서초3동,342,서초,48
S15,서초4동,343,교대,7
S15,잠원동,344,용두,80
S15,반포본동,345,총신대입구,99
S15,반포1동,346,교대,7
S15,반포2동,347,총신대입구,99
S15,반포3동,348,용두,80
S15,반포4동,349,총신대입구,99
S15,방배본동,350,총신대입구,99
S15,방배1동,351,총신대입구,99
S15,방배2동,352,총신대입구,99
S15,방배3동,353,총신대입구,99
S15,방배4동,354,총신대입구,99
S15,양재1동,355,수서,52
S15,양재2동,356,수서,52
S15,내곡동,357,수서,52
S15,신사동,358,용두,80
S15,개포3동,359,수서,52
S15,논현1동,360,용두,80
S15,논현2동,361,용두,80
S15,삼성1동,362,수서,52
S15,삼성2동,363,수서,52
S15,대치1동,364,수서,52
S15,대치4동,365,수서,52
S15,역삼1동,366,수서,52
S15,역삼2동,367,수서,52
S15,도곡1동,368,수서,52
S15,도곡2동,369,수서,52
S15,개포1동,370,수서,52
S15,개포4동,371,수서,52
S15,일원본동,372,수서,52
S15,일원1동,373,수서,52
S15,수서동,374,수서,52
S15,세곡동,375,수서,52
S15,압구정동,376,용두,80
S15,청담동,377,용답,79
S15,대치2동,378,수서,52
S15,개포2동,379,수서,52
S15,풍납1동,380,용답,79
S15,풍납2동,381,가락시장,0
S15,거여1동,382,가락시장,0
S15,거여2동,383,가락시장,0
S15,마천1동,384,가락시장,0
S15,마천2동,385,가락시장,0
S15,방이1동,386,가락시장,0
S15,방이2동,387,가락시장,0
S15,오륜동,388,오금,76
S15,오금동,389,오금,76
S15,송파1동,390,가락시장,0
S15,송파2동,391,가락시장,0
S15,석촌동,392,수서,52
S15,삼전동,393,수서,52
S15,가락본동,394,가락시장,0
S15,가락1동,395,수서,52
S15,가락2동,396,가락시장,0
S15,문정1동,397,가락시장,0
S15,문정2동,398,수서,52
S15,잠실본동,399,수서,52
S15,잠실4동,400,가락시장,0
S15,잠실6동,401,수서,52
S15,잠실7동,402,수서,52
S15,잠실2동,403,수서,52
S15,잠실3동,404,수서,52
S15,장지동,405,가락시장,0
S15,위례동,406,가락시장,0
S15,명일1동,407,오금,76
S15,명일2동,408,오금,76
S15,고덕1동,409,용답,79
S15,고덕2동,410,오금,76
S15,암사2동,411,용답,79
S15,암사3동,412,용답,79
S15,천호1동,413,용답,79
S15,천호3동,414,용답,79
S15,성내1동,415,가락시장,0
S15,성내2동,416,용답,79
S15,성내3동,417,오금,76
S15,둔촌1동,418,오금,76
S15,둔촌2동,419,오금,76
S15,암사1동,420,용답,79
S15,천호2동,421,용답,79
S15,길동,422,오금,76
S15,강일동,423,오금,76
S15,상일1동,424,오금,76
S15,상일2동,425,오금,76
S16,사직동,0,광운대,112
S16,삼청동,1,창동,97
S16,부암동,2,창동,97
S16,평창동,3,창동,97
S16,무악동,4,충정로,101
S16,교남동,5,충정로,101
S16,가회동,6,광운대,112
S16,종로1·2·3·4가동,7,광운대,112
S16,종로5·6가동,8,신이문,127
S16,이화동,9,광운대,112
S16,창신1동,10,신이문,127
S16,창신2동,11,신이문,127
S16,창신3동,12,신이문,127
S16,숭인1동,13,신이문,127
S16,숭인2동,14,신이문,127
S16,청운효자동,15,광운대,112
S16,혜화동,16,광운대,112
S16,소공동,17,신이문,127
S16,회현동,18,서울역,47
S16,명동,19,신이문,127
S16,필동,20,용두,80
S16,장충동,21,용두,80
S16,광희동,22,용두,80
S16,을지로동,23,신이문,127
S16,신당5동,24,용두,80
S16,황학동,25,용두,80
S16,중림동,26,충정로,101
S16,신당동,27,용두,80
S16,다산동,28,용두,80
S16,약수동,29,용두,80
S16,청구동,30,용두,80
S16,동화동,31,용두,80
S16,후암동,32,서울역,47
S16,용산2가동,33,용두,80
S16,남영동,34,서울역,47
S16,원효로2동,35,구로,113
S16,효창동,36,구로,113
S16,용문동,37,대방,119
S16,이촌1동,38,대방,119
S16,이촌2동,39,대방,119
S16,이태원1동,40,용두,80
S16,이태원2동,41,용두,80
S16,서빙고동,42,총신대입구,99
S16,보광동,43,용두,80
S16,청파동,44,서울역,47
S16,원효로1동,45,서울역,47
S16,한강로동,46,대방,119
S16,한남동,47,용두,80
S16,왕십리2동,48,용두,80
S16,마장동,49,용두,80
S16,사근동,50,용답,79
S16,행당1동,51,용두,80
S16,행당2동,52,용두,80
S16,응봉동,53,용두,80
S16,금호1가동,54,용두,80
S16,금호4가동,55,용두,80
S16,성수1가1동,56,용답,79
S16,성수1가2동,57,용답,79
S16,성수2가1동,58,용답,79
S16,성수2가3동,59,용답,79
S16,송정동,60,용답,79
S16,용답동,61,용답,79
S16,왕십리도선동,62,용두,80
S16,금호2·3가동,63,용두,80
S16,옥수동,64,용두,80
S16,화양동,65,용답,79
S16,군자동,66,용답,79
S16,중곡1동,67,신이문,127
S16,중곡2동,68,신이문,127
S16,중곡3동,69,신이문,127
S16,중곡4동,70,신이문,127
S16,능동,71,용답,79
S16,구의1동,72,용답,79
S16,구의2동,73,신이문,127
S16,구의3동,74,용답,79
S16,광장동,75,신이문,127
S16,자양1동,76,용답,79
S16,자양2동,77,용답,79
S16,자양3동,78,용답,79
S16,자양4동,79,용답,79
S16,회기동,80,신이문,127
S16,휘경1동,81,신이문,127
S16,휘경2동,82,신이문,127
S16,청량리동,83,신이문,127
S16,용신동,84,용두,80
S16,제기동,85,신이문,127
S16,전농1동,86,신이문,127
S16,전농2동,87,신이문,127
S16,답십리2동,88,용답,79
S16,장안1동,89,신이문,127
S16,장안2동,90,신이문,127
S16,이문1동,91,신이문,127
S16,이문2동,92,신이문,127
S16,답십리1동,93,용답,79
S16,면목2동,94,신이문,127
S16,면목4동,95,신이문,127
S16,면목5동,96,신이문,127
S16,면목7동,97,신이문,127
S16,상봉1동,98,신이문,127
S16,상봉2동,99,신이문,127
S16,중화1동,100,신이문,127
S16,중화2동,101,신이문,127
S16,묵1동,102,노원,16
S16,묵2동,103,노원,16
S16,망우3동,104,신이문,127
S16,신내1동,105,노원,16
S16,신내2동,106,노원,16
S16,면목본동,107,신이문,127
S16,면목3·8동,108,신이문,127
S16,망우본동,109,노원,16
S16,돈암1동,110,광운대,112
S16,돈암2동,111,광운대,112
S16,안암동,112,신이문,127
S16,보문동,113,신이문,127
S16,정릉1동,114,광운대,112
S16,정릉2동,115,광운대,112
S16,정릉3동,116,창동,97
S16,정릉4동,117,창동,97
S16,길음1동,118,광운대,112
S16,길음2동,119,광운대,112
S16,월곡1동,120,광운대,112
S16,월곡2동,121,광운대,112
S16,장위1동,122,광운대,112
S16,장위2동,123,광운대,112
S16,장위3동,124,광운대,112
S16,성북동,125,창동,97
S16,삼선동,126,광운대,112
S16,동선동,127,광운대,112
S16,종암동,128,광운대,112
S16,석관동,129,광운대,112
S16,번1동,130,창동,97
S16,번2동,131,창동,97
S16,번3동,132,광운대,112
S16,수유1동,133,창동,97
S16,수유2동,134,창동,97
S16,수유3동,135,창동,97
S16,삼양동,136,창동,97
S16,미아동,137,창동,97
S16,송중동,138,광운대,112
S16,송천동,139,창동,97
S16,삼각산동,140,창동,97
S16,우이동,141,창동,97
S16,인수동,142,창동,97
S16,쌍문1동,143,창동,97
S16,쌍문2동,144,창동,97
S16,쌍문3동,145,창동,97
S16,쌍문4동,146,창동,97
S16,방학1동,147,노원,16
S16,방학2동,148,노원,16
S16,방학3동,149,노원,16
S16,창1동,150,창동,97
S16,창2동,151,창동,97
S16,창3동,152,창동,97
S16,창4동,153,노원,16
S16,창5동,154,창동,97
S16,도봉1동,155,노원,16
S16,도봉2동,156,상계,44
S16,월계1동,157,광운대,112
S16,월계2동,158,노원,16
S16,월계3동,159,노원,16
S16,공릉2동,160,노원,16
S16,하계1동,161,노원,16
S16,하계2동,162,노원,16
S16,중계본동,163,상계,44
S16,중계1동,164,상계,44
S16,중계4동,165,상계,44
S16,상계1동,166,노원,16
S16,상계2동,167,노원,16
S16,상계5동,168,상계,44
S16,상계8동,169,노원,16
S16,상계9동,170,상계,44
S16,상계10동,171,노원,16
S16,상계3·4동,172,상계,44
S16,상계6·7동,173,노원,16
S16,중계2·3동,174,노원,16
S16,공릉1동,175,노원,16
S16,녹번동,176,창동,97
S16,불광1동,177,창동,97
S16,갈현1동,178,불광,39
S16,갈현2동,179,불광,39
S16,구산동,180,불광,39
S16,대조동,181,불광,39
S16,응암1동,182,녹번,17
S16,응암2동,183,녹번,17
S16,신사1동,184,양천구청,72
S16,신사2동,185,양천구청,72
S16,증산동,186,양천구청,72
S16,수색동,187,양천구청,72
S16,진관동,188,창동,97
S16,불광2동,189,창동,97
S16,응암3동,190,양천구청,72
S16,역촌동,191,창동,97
S16,천연동,192,충정로,101
S16,홍제1동,193,창동,97
S16,홍제3동,194,창동,97
S16,홍제2동,195,서울역,47
S16,홍은1동,196,창동,97
S16,홍은2동,197,창동,97
S16,남가좌1동,198,양천구청,72
S16,남가좌2동,199,양천구청,72
S16,북가좌1동,200,양천구청,72
S16,북가좌2동,201,양천구청,72
S16,충현동,202,충정로,101
S16,북아현동,203,아현,67
S16,신촌동,204,충정로,101
S16,연희동,205,양천구청,72
S16,용강동,206,구로,113
S16,대흥동,207,아현,67
S16,염리동,208,구로,113
S16,신수동,209,구로,113
S16,서교동,210,양천구청,72
S16,합정동,211,양천구청,72
S16,망원1동,212,양천구청,72
S16,망원2동,213,양천구청,72
S16,연남동,214,양천구청,72
S16,성산1동,215,구로,113
S16,성산2동,216,양천구청,72
S16,상암동,217,양천구청,72
S16,도화동,218,구로,113
S16,서강동,219,구로,113
S16,공덕동,220,서울역,47
S16,아현동,221,충정로,101
S16,목1동,222,양천구청,72
S16,목2동,223,양천구청,72
S16,목3동,224,양천구청,72
S16,목4동,225,양천구청,72
S16,신월1동,226,개봉,111
S16,신월2동,227,개봉,111
S16,신월3동,228,개봉,111
S16,신월4동,229,개봉,111
S16,신월5동,230,개봉,111
S16,신월6동,231,개봉,111
S16,신월7동,232,개봉,111
S16,신정1동,233,양천구청,72
S16,신정2동,234,양천구청,72
S16,신정3동,235,개봉,111
S16,신정6동,236,양천구청,72
S16,신정7동,237,개봉,111
S16,목5동,238,양천구청,72
S16,신정4동,239,신정네거리,64
S16,염창동,240,양천구청,72
S16,등촌1동,241,양천구청,72
S16,등촌2동,242,양천구청,72
S16,등촌3동,243,신정네거리,64
S16,화곡본동,244,신정네거리,64
S16,화곡2동,245,신정네거리,64
S16,화곡3동,246,개봉,111
S16,화곡4동,247,신정네거리,64
S16,화곡6동,248,신정네거리,64
S16,화곡8동,249,신정네거리,64
S16,가양2동,250,신정네거리,64
S16,가양3동,251,신정네거리,64
S16,발산1동,252,개봉,111
S16,공항동,253,개봉,111
S16,방화1동,254,개봉,111
S16,방화2동,255,개봉,111
S16,화곡1동,256,신정네거리,64
S16,우장산동,257,신정네거리,64
S16,가양1동,258,신정네거리,64
S16,방화3동,259,개봉,111
S16,신도림동,260,구로,113
S16,구로1동,261,개봉,111
S16,구로3동,262,가산디지털단지,110
S16,구로4동,263,가산디지털단지,110
S16,구로5동,264,구로,113
S16,고척1동,265,개봉,111
S16,고척2동,266,개봉,111
S16,개봉2동,267,개봉,111
S16,개봉3동,268,개봉,111
S16,오류1동,269,개봉,111
S16,수궁동,270,개봉,111
S16,가리봉동,271,가산디지털단지,110
S16,구로2동,272,개봉,111
S16,개봉1동,273,개봉,111
S16,오류2동,274,개봉,111
S16,항동,275,개봉,111
S16,가산동,276,가산디지털단지,110
S16,독산1동,277,가산디지털단지,110
S16,독산2동,278,가산디지털단지,110
S16,독산3동,279,가산디지털단지,110
S16,독산4동,280,가산디지털단지,110
S16,시흥1동,281,가산디지털단지,110
S16,시흥2동,282,가산디지털단지,110
S16,시흥3동,283,가산디지털단지,110
S16,시흥4동,284,가산디지털단지,110
S16,시흥5동,285,가산디지털단지,110
S16,여의동,286,구로,113
S16,당산1동,287,구로,113
S16,당산2동,288,구로,113
S16,양평1동,289,양천구청,72
S16,양평2동,290,양천구청,72
S16,신길1동,291,구로,113
S16,신길3동,292,구로,113
S16,신길4동,293,구로,113
S16,신길5동,294,구로,113
S16,신길6동,295,구로,113
S16,신길7동,296,구로,113
S16,대림1동,297,가산디지털단지,110
S16,대림2동,298,개봉,111
S16,대림3동,299,구로,113
S16,영등포본동,300,구로,113
S16,영등포동,301,구로,113
S16,도림동,302,구로,113
S16,문래동,303,구로,113
S16,노량진2동,304,구로,113
S16,상도1동,305,구로,113
S16,상도2동,306,구로,113
S16,상도3동,307,구로,113
S16,상도4동,308,구로,113
S16,사당1동,309,총신대입구,99
S16,사당3동,310,총신대입구,99
S16,사당4동,311,총신대입구,99
S16,사당5동,312,총신대입구,99
S16,대방동,313,구로,113
S16,신대방1동,314,가산디지털단지,110
S16,신대방2동,315,가산디지털단지,110
S16,흑석동,316,대방,119
S16,노량진1동,317,대방,119
S16,사당2동,318,총신대입구,99
S16,보라매동,319,개봉,111
S16,청림동,320,가산디지털단지,110
S16,행운동,321,가산디지털단지,110
S16,낙성대동,322,개봉,111
S16,중앙동,323,가산디지털단지,110
S16,인헌동,324,가산디지털단지,110
S16,남현동,325,개봉,111
S16,서원동,326,가산디지털단지,110
S16,신원동,327,가산디지털단지,110
S16,서림동,328,개봉,111
S16,신사동,329,가산디지털단지,110
S16,신림동,330,가산디지털단지,110
S16,난향동,331,개봉,111
S16,조원동,332,가산디지털단지,110
S16,대학동,333,가산디지털단지,110
S16,은천동,334,가산디지털단지,110
S16,성현동,335,가산디지털단지,110
S16,청룡동,336,가산디지털단지,110
S16,난곡동,337,가산디지털단지,110
S16,삼성동,338,가산디지털단지,110
S16,미성동,339,가산디지털단지,110
S16,서초1동,340,교대,7
S16,서초2동,341,교대,7
S16,서초3동,342,총신대입구,99
S16,서초4동,343,교대,7
S16,잠원동,344,용두,80
S16,반포본동,345,총신대입구,99
S16,반포1동,346,교대,7
S16,반포2동,347,총신대입구,99
S16,반포3동,348,용두,80
S16,반포4동,349,총신대입구,99
S16,방배본동,350,총신대입구,99
S16,방배1동,351,총신대입구,99
S16,방배2동,352,총신대입구,99
S16,방배3동,353,총신대입구,99
S16,방배4동,354,총신대입구,99
S16,양재1동,355,수서,52
S16,양재2동,356,수서,52
S16,내곡동,357,수서,52
S16,신사동,358,용두,80
S16,개포3동,359,수서,52
S16,논현1동,360,용두,80
S16,논현2동,361,용두,80
S16,삼성1동,362,수서,52
S16,삼성2동,363,용답,79
S16,대치1동,364,수서,52
S16,대치4동,365,수서,52
S16,역삼1동,366,용두,80
S16,역삼2동,367,수서,52
S16,도곡1동,368,수서,52
S16,도곡2동,369,수서,52
S16,개포1동,370,수서,52
S16,개포4동,371,수서,52
S16,일원본동,372,수서,52
S16,일원1동,373,수서,52
S16,수서동,374,수서,52
S16,세곡동,375,수서,52
S16,압구정동,376,용두,80
S16,청담동,377,용답,79
S16,대치2동,378,수서,52
S16,개포2동,379,수서,52
S16,풍납1동,380,신이문,127
S16,풍납2동,381,가락시장,0
S16,거여1동,382,경찰병원,5
S16,거여2동,383,경찰병원,5
S16,마천1동,384,경찰병원,5
S16,마천2동,385,경찰병원,5
S16,방이1동,386,경찰병원,5
S16,방이2동,387,가락시장,0
S16,오륜동,388,경찰병원,5
S16,오금동,389,오금,76
S16,송파1동,390,가락시장,0
S16,송파2동,391,가락시장,0
S16,석촌동,392,가락시장,0
S16,삼전동,393,수서,52
S16,가락본동,394,경찰병원,5
S16,가락1동,395,수서,52
S16,가락2동,396,경찰병원,5
S16,문정1동,397,가락시장,0
S16,문정2동,398,가락시장,0
S16,잠실본동,399,수서,52
S16,잠실4동,400,가락시장,0
S16,잠실6동,401,가락시장,0
S16,잠실7동,402,수서,52
S16,잠실2동,403,가락시장,0
S16,잠실3동,404,수서,52
S16,장지동,405,가락시장,0
S16,위례동,406,경찰병원,5
S16,명일1동,407,신이문,127
S16,명일2동,408,경찰병원,5
S16,고덕1동,409,용답,79
S16,고덕2동,410,용답,79
S16,암사2동,411,신이문,127
S16,암사3동,412,용답,79
S16,천호1동,413,용답,79
S16,천호3동,414,용답,79
S16,성내1동,415,오금,76
S16,성내2동,416,용답,79
S16,성내3동,417,경찰병원,5
S16,둔촌1동,418,경찰병원,5
S16,둔촌2동,419,오금,76
S16,암사1동,420,용답,79
S16,천호2동,421,용답,79
S16,길동,422,오금,76
S16,강일동,423,오금,76
S16,상일1동,424,오금,76
S16,상일2동,425,오금,76
S17,사직동,0,충정로,101
S17,삼청동,1,충정로,101
S17,부암동,2,충정로,101
S17,평창동,3,불광,39
S17,무악동,4,충정로,101
S17,교남동,5,충정로,101
S17,가회동,6,충정로,101
S17,종로1·2·3·4가동,7,충정로,101
S17,종로5·6가동,8,청량리,98
S17,이화동,9,청량리,98
S17,창신1동,10,청량리,98
S17,창신2동,11,청량리,98
S17,창신3동,12,청량리,98
S17,숭인1동,13,청량리,98
S17,숭인2동,14,청량리,98
S17,청운효자동,15,충정로,101
S17,혜화동,16,청량리,98
S17,소공동,17,충정로,101
S17,회현동,18,충정로,101
S17,명동,19,충정로,101
S17,필동,20,충정로,101
S17,장충동,21,신용산,63
S17,광희동,22,충정로,101
S17,을지로동,23,충정로,101
S17,신당5동,24,청량리,98
S17,황학동,25,청량리,98
S17,중림동,26,충정로,101
S17,신당동,27,청량리,98
S17,다산동,28,청량리,98
S17,약수동,29,신용산,63
S17,청구동,30,청량리,98
S17,동화동,31,청량리,98
S17,후암동,32,신용산,63
S17,용산2가동,33,신용산,63
S17,남영동,34,신용산,63
S17,원효로2동,35,신용산,63
S17,효창동,36,신용산,63
S17,용문동,37,신용산,63
S17,이촌1동,38,신용산,63
S17,이촌2동,39,신용산,63
S17,이태원1동,40,신용산,63
S17,이태원2동,41,신용산,63
S17,서빙고동,42,신용산,63
S17,보광동,43,신용산,63
S17,청파동,44,신용산,63
S17,원효로1동,45,신용산,63
S17,한강로동,46,신용산,63
S17,한남동,47,신용산,63
S17,왕십리2동,48,청량리,98
S17,마장동,49,청량리,98
S17,사근동,50,청량리,98
S17,행당1동,51,청량리,98
S17,행당2동,52,청량리,98
S17,응봉동,53,청량리,98
S17,금호1가동,54,청량리,98
S17,금호4가동,55,청량리,98
S17,성수1가1동,56,청량리,98
S17,성수1가2동,57,청량리,98
S17,성수2가1동,58,수서,52
S17,성수2가3동,59,신이문,127
S17,송정동,60,신이문,127
S17,용답동,61,신이문,127
S17,왕십리도선동,62,청량리,98
S17,금호2·3가동,63,청량리,98
S17,옥수동,64,청량리,98
S17,화양동,65,신이문,127
S17,군자동,66,신이문,127
S17,중곡1동,67,신이문,127
S17,중곡2동,68,신이문,127
S17,중곡3동,69,신이문,127
S17,중곡4동,70,신이문,127
S17,능동,71,신이문,127
S17,구의1동,72,수서,52
S17,구의2동,73,신이문,127
S17,구의3동,74,수서,52
S17,광장동,75,신이문,127
S17,자양1동,76,수서,52
S17,자양2동,77,수서,52
S17,자양3동,78,수서,52
S17,자양4동,79,수서,52
S17,회기동,80,신이문,127
S17,휘경1동,81,신이문,127
S17,휘경2동,82,신이문,127
S17,청량리동,83,신이문,127
S17,용신동,84,청량리,98
S17,제기동,85,청량리,98
S17,전농1동,86,신이문,127
S17,전농2동,87,신이문,127
S17,답십리2동,88,신이문,127
S17,장안1동,89,신이문,127
S17,장안2동,90,신이문,127
S17,이문1동,91,신이문,127
S17,이문2동,92,신이문,127
S17,답십리1동,93,청량리,98
S17,면목2동,94,신이문,127
S17,면목4동,95,신이문,127
S17,면목5동,96,신이문,127
S17,면목7동,97,신이문,127
S17,상봉1동,98,신이문,127
S17,상봉2동,99,신이문,127
S17,중화1동,100,신이문,127
S17,중화2동,101,신이문,127
S17,묵1동,102,신이문,127
S17,묵2동,103,신이문,127
S17,망우3동,104,신이문,127
S17,신내1동,105,신이문,127
S17,신내2동,106,신이문,127
S17,면목본동,107,신이문,127
S17,면목3·8동,108,신이문,127
S17,망우본동,109,신이문,127
S17,돈암1동,110,신이문,127
S17,돈암2동,111,신이문,127
S17,안암동,112,신이문,127
S17,보문동,113,청량리,98
S17,정릉1동,114,신이문,127
S17,정릉2동,115,신이문,127
S17,정릉3동,116,신이문,127
S17,정릉4동,117,창동,97
S17,길음1동,118,신이문,127
S17,길음2동,119,신이문,127
S17,월곡1동,120,신이문,127
S17,월곡2동,121,신이문,127
S17,장위1동,122,신이문,127
S17,장위2동,123,신이문,127
S17,장위3동,124,신이문,127
S17,성북동,125,청량리,98
S17,삼선동,126,청량리,98
S17,동선동,127,신이문,127
S17,종암동,128,신이문,127
S17,석관동,129,신이문,127
S17,번1동,130,창동,97
S17,번2동,131,창동,97
S17,번3동,132,신이문,127
S17,수유1동,133,창동,97
S17,수유2동,134,창동,97
S17,수유3동,135,창동,97
S17,삼양동,136,창동,97
S17,미아동,137,창동,97
S17,송중동,138,신이문,127
S17,송천동,139,신이문,127
S17,삼각산동,140,창동,97
S17,우이동,141,창동,97
S17,인수동,142,창동,97
S17,쌍문1동,143,창동,97
S17,쌍문2동,144,창동,97
S17,쌍문3동,145,창동,97
S17,쌍문4동,146,창동,97
S17,방학1동,147,창동,97
S17,방학2동,148,창동,97
S17,방학3동,149,창동,97
S17,창1동,150,창동,97
S17,창2동,151,창동,97
S17,창3동,152,창동,97
S17,창4동,153,창동,97
S17,창5동,154,창동,97
S17,도봉1동,155,창동,97
S17,도봉2동,156,창동,97
S17,월계1동,157,신이문,127
S17,월계2동,158,창동,97
S17,월계3동,159,신이문,127
S17,공릉2동,160,신이문,127
S17,하계1동,161,창동,97
S17,하계2동,162,창동,97
S17,중계본동,163,창동,97
S17,중계1동,164,창동,97
S17,중계4동,165,창동,97
S17,상계1동,166,창동,97
S17,상계2동,167,창동,97
S17,상계5동,168,창동,97
S17,상계8동,169,창동,97
S17,상계9동,170,창동,97
S17,상계10동,171,창동,97
S17,상계3·4동,172,창동,97
S17,상계6·7동,173,창동,97
S17,중계2·3동,174,창동,97
S17,공릉1동,175,신이문,127
S17,녹번동,176,불광,39
S17,불광1동,177,불광,39
S17,갈현1동,178,불광,39
S17,갈현2동,179,불광,39
S17,구산동,180,불광,39
S17,대조동,181,불광,39
S17,응암1동,182,불광,39
S17,응암2동,183,불광,39
S17,신사1동,184,불광,39
S17,신사2동,185,불광,39
S17,증산동,186,불광,39
S17,수색동,187,불광,39
S17,진관동,188,불광,39
S17,불광2동,189,불광,39
S17,응암3동,190,불광,39
S17,역촌동,191,불광,39
S17,천연동,192,충정로,101
S17,홍제1동,193,불광,39
S17,홍제3동,194,불광,39
S17,홍제2동,195,불광,39
S17,홍은1동,196,불광,39
S17,홍은2동,197,불광,39
S17,남가좌1동,198,불광,39
S17,남가좌2동,199,불광,39
S17,북가좌1동,200,불광,39
S17,북가좌2동,201,불광,39
S17,충현동,202,충정로,101
S17,북아현동,203,충정로,101
S17,신촌동,204,충정로,101
S17,연희동,205,충정로,101
S17,용강동,206,신용산,63
S17,대흥동,207,충정로,101
S17,염리동,208,충정로,101
S17,신수동,209,신용산,63
S17,서교동,210,충정로,101
S17,합정동,211,구로,113
S17,망원1동,212,구로,113
S17,망원2동,213,구로,113
S17,연남동,214,충정로,101
S17,성산1동,215,충정로,101
S17,성산2동,216,불광,39
S17,상암동,217,구로,113
S17,도화동,218,신용산,63
S17,서강동,219,충정로,101
S17,공덕동,220,충정로,101
S17,아현동,221,충정로,101
S17,목1동,222,양천구청,72
S17,목2동,223,양천구청,72
S17,목3동,224,양천구청,72
S17,목4동,225,양천구청,72
S17,신월1동,226,양천구청,72
S17,신월2동,227,양천구청,72
S17,신월3동,228,양천구청,72
S17,신월4동,229,양천구청,72
S17,신월5동,230,양천구청,72
S17,신월6동,231,양천구청,72
S17,신월7동,232,양천구청,72
S17,신정1동,233,양천구청,72
S17,신정2동,234,양천구청,72
S17,신정3동,235,양천구청,72
S17,신정6동,236,양천구청,72
S17,신정7동,237,양천구청,72
S17,목5동,238,양천구청,72
S17,신정4동,239,양천구청,72
S17,염창동,240,양천구청,72
S17,등촌1동,241,양천구청,72
S17,등촌2동,242,양천구청,72
S17,등촌3동,243,양천구청,72
S17,화곡본동,244,양천구청,72
S17,화곡2동,245,양천구청,72
S17,화곡3동,246,양천구청,72
S17,화곡4동,247,양천구청,72
S17,화곡6동,248,양천구청,72
S17,화곡8동,249,양천구청,72
S17,가양2동,250,양천구청,72
S17,가양3동,251,양천구청,72
S17,발산1동,252,양천구청,72
S17,공항동,253,양천구청,72
S17,방화1동,254,양천구청,72
S17,방화2동,255,양천구청,72
S17,화곡1동,256,양천구청,72
S17,우장산동,257,양천구청,72
S17,가양1동,258,양천구청,72
S17,방화3동,259,양천구청,72
S17,신도림동,260,구로,113
S17,구로1동,261,구로,113
S17,구로3동,262,구로,113
S17,구로4동,263,구로,113
S17,구로5동,264,구로,113
S17,고척1동,265,구로,113
S17,고척2동,266,양천구청,72
S17,개봉2동,267,양천구청,72
S17,개봉3동,268,양천구청,72
S17,오류1동,269,양천구청,72
S17,수궁동,270,양천구청,72
S17,가리봉동,271,구로,113
S17,구로2동,272,구로,113
S17,개봉1동,273,양천구청,72
S17,오류2동,274,양천구청,72
S17,항동,275,양천구청,72
S17,가산동,276,구로,113
S17,독산1동,277,구로,113
S17,독산2동,278,구로,113
S17,독산3동,279,구로,113
S17,독산4동,280,구로,113
S17,시흥1동,281,구로,113
S17,시흥2동,282,구로,113
S17,시흥3동,283,구로,113
S17,시흥4동,284,구로,113
S17,시흥5동,285,구로,113
S17,여의동,286,구로,113
S17,당산1동,287,구로,113
S17,당산2동,288,구로,113
S17,양평1동,289,구로,113
S17,양평2동,290,구로,113
S17,신길1동,291,구로,113
S17,신길3동,292,구로,113
S17,신길4동,293,구로,113
S17,신길5동,294,구로,113
S17,신길6동,295,구로,113
S17,신길7동,296,구로,113
S17,대림1동,297,구로,113
S17,대림2동,298,구로,113
S17,대림3동,299,구로,113
S17,영등포본동,300,구로,113
S17,영등포동,301,구로,113
S17,도림동,302,구로,113
S17,문래동,303,구로,113
S17,노량진2동,304,신용산,63
S17,상도1동,305,총신대입구,99
S17,상도2동,306,신용산,63
S17,상도3동,307,구로,113
S17,상도4동,308,구로,113
S17,사당1동,309,총신대입구,99
S17,사당3동,310,총신대입구,99
S17,사당4동,311,총신대입구,99
S17,사당5동,312,총신대입구,99
S17,대방동,313,구로,113
S17,신대방1동,314,구로,113
S17,신대방2동,315,구로,113
S17,흑석동,316,신용산,63
S17,노량진1동,317,신용산,63
S17,사당2동,318,총신대입구,99
S17,보라매동,319,구로,113
S17,청림동,320,총신대입구,99
S17,행운동,321,총신대입구,99
S17,낙성대동,322,총신대입구,99
S17,중앙동,323,총신대입구,99
S17,인헌동,324,총신대입구,99
S17,남현동,325,총신대입구,99
S17,서원동,326,구로,113
S17,신원동,327,구로,113
S17,서림동,328,총신대입구,99
S17,신사동,329,구로,113
S17,신림동,330,구로,113
S17,난향동,331,구로,113
S17,조원동,332,구로,113
S17,대학동,333,구로,113
S17,은천동,334,총신대입구,99
S17,성현동,335,총신대입구,99
S17,청룡동,336,총신대입구,99
S17,난곡동,337,구로,113
S17,삼성동,338,구로,113
S17,미성동,339,구로,113
S17,서초1동,340,총신대입구,99
S17,서초2동,341,도곡,22
S17,서초3동,342,총신대입구,99
S17,서초4동,343,총신대입구,99
S17,잠원동,344,총신대입구,99
S17,반포본동,345,총신대입구,99
S17,반포1동,346,총신대입구,99
S17,반포2동,347,총신대입구,99
S17,반포3동,348,신용산,63
S17,반포4동,349,총신대입구,99
S17,방배본동,350,총신대입구,99
S17,방배1동,351,총신대입구,99
S17,방배2동,352,총신대입구,99
S17,방배3동,353,총신대입구,99
S17,방배4동,354,총신대입구,99
S17,양재1동,355,도곡,22
S17,양재2동,356,도곡,22
S17,내곡동,357,수서,52
S17,신사동,358,총신대입구,99
S17,개포3동,359,수서,52
S17,논현1동,360,도곡,22
S17,논현2동,361,도곡,22
S17,삼성1동,362,수서,52
S17,삼성2동,363,도곡,22
S17,대치1동,364,도곡,22
S17,대치4동,365,도곡,22
S17,역삼1동,366,도곡,22
S17,역삼2동,367,도곡,22
S17,도곡1동,368,도곡,22
S17,도곡2동,369,도곡,22
S17,개포1동,370,수서,52
S17,개포4동,371,도곡,22
S17,일원본동,372,수서,52
S17,일원1동,373,수서,52
S17,수서동,374,수서,52
S17,세곡동,375,수서,52
S17,압구정동,376,도곡,22
S17,청담동,377,수서,52
S17,대치2동,378,수서,52
S17,개포2동,379,수서,52
S17,풍납1동,380,수서,52
S17,풍납2동,381,수서,52
S17,거여1동,382,수서,52
S17,거여2동,383,수서,52
S17,마천1동,384,수서,52
S17,마천2동,385,수서,52
S17,방이1동,386,수서,52
S17,방이2동,387,수서,52
S17,오륜동,388,수서,52
S17,오금동,389,수서,52
S17,송파1동,390,수서,52
S17,송파2동,391,수서,52
S17,석촌동,392,수서,52
S17,삼전동,393,수서,52
S17,가락본동,394,수서,52
S17,가락1동,395,수서,52
S17,가락2동,396,수서,52
S17,문정1동,397,수서,52
S17,문정2동,398,수서,52
S17,잠실본동,399,수서,52
S17,잠실4동,400,수서,52
S17,잠실6동,401,수서,52
S17,잠실7동,402,수서,52
S17,잠실2동,403,수서,52
S17,잠실3동,404,수서,52
S17,장지동,405,수서,52
S17,위례동,406,수서,52
S17,명일1동,407,수서,52
S17,명일2동,408,수서,52
S17,고덕1동,409,수서,52
S17,고덕2동,410,수서,52
S17,암사2동,411,수서,52
S17,암사3동,412,수서,52
S17,천호1동,413,수서,52
S17,천호3동,414,수서,52
S17,성내1동,415,수서,52
S17,성내2동,416,수서,52
S17,성내3동,417,수서,52
S17,둔촌1동,418,수서,52
S17,둔촌2동,419,수서,52
S17,암사1동,420,수서,52
S17,천호2동,421,수서,52
S17,길동,422,수서,52
S17,강일동,423,수서,52
S17,상일1동,424,수서,52
S17,상일2동,425,수서,52
S18,사직동,0,청량리,98
S18,삼청동,1,청량리,98
S18,부암동,2,용답,79
S18,평창동,3,신이문,127
S18,무악동,4,충정로,101
S18,교남동,5,충정로,101
S18,가회동,6,청량리,98
S18,종로1·2·3·4가동,7,용답,79
S18,종로5·6가동,8,용답,79
S18,이화동,9,청량리,98
S18,창신1동,10,용답,79
S18,창신2동,11,청량리,98
S18,창신3동,12,청량리,98
S18,숭인1동,13,청량리,98
S18,숭인2동,14,청량리,98
S18,청운효자동,15,청량리,98
S18,혜화동,16,청량리,98
S18,소공동,17,충정로,101
S18,회현동,18,충정로,101
S18,명동,19,용답,79
S18,필동,20,용답,79
S18,장충동,21,신용산,63
S18,광희동,22,용답,79
S18,을지로동,23,용답,79
S18,신당5동,24,용답,79
S18,황학동,25,용답,79
S18,중림동,26,충정로,101
S18,신당동,27,용답,79
S18,다산동,28,용답,79
S18,약수동,29,용답,79
S18,청구동,30,용답,79
S18,동화동,31,용답,79
S18,후암동,32,신용산,63
S18,용산2가동,33,신용산,63
S18,남영동,34,신용산,63
S18,원효로2동,35,신용산,63
S18,효창동,36,신용산,63
S18,용문동,37,신용산,63
S18,이촌1동,38,신용산,63
S18,이촌2동,39,신용산,63
S18,이태원1동,40,신용산,63
S18,이태원2동,41,신용산,63
S18,서빙고동,42,신용산,63
S18,보광동,43,용답,79
S18,청파동,44,신용산,63
S18,원효로1동,45,신용산,63
S18,한강로동,46,신용산,63
S18,한남동,47,용답,79
S18,왕십리2동,48,용답,79
S18,마장동,49,용답,79
S18,사근동,50,용답,79
S18,행당1동,51,용답,79
S18,행당2동,52,용답,79
S18,응봉동,53,용답,79
S18,금호1가동,54,용답,79
S18,금호4가동,55,용답,79
S18,성수1가1동,56,용답,79
S18,성수1가2동,57,용답,79
S18,성수2가1동,58,용답,79
S18,성수2가3동,59,용답,79
S18,송정동,60,용답,79
S18,용답동,61,용답,79
S18,왕십리도선동,62,용답,79
S18,금호2·3가동,63,용답,79
S18,옥수동,64,용답,79
S18,화양동,65,용답,79
S18,군자동,66,용답,79
S18,중곡1동,67,용답,79
S18,중곡2동,68,용답,79
S18,중곡3동,69,용답,79
S18,중곡4동,70,용답,79
S18,능동,71,용답,79
S18,구의1동,72,용답,79
S18,구의2동,73,용답,79
S18,구의3동,74,용답,79
S18,광장동,75,용답,79
S18,자양1동,76,용답,79
S18,자양2동,77,용답,79
S18,자양3동,78,용답,79
S18,자양4동,79,용답,79
S18,회기동,80,신이문,127
S18,휘경1동,81,신이문,127
S18,휘경2동,82,신이문,127
S18,청량리동,83,신이문,127
S18,용신동,84,용답,79
S18,제기동,85,청량리,98
S18,전농1동,86,용답,79
S18,전농2동,87,용답,79
S18,답십리2동,88,용답,79
S18,장안1동,89,용답,79
S18,장안2동,90,용답,79
S18,이문1동,91,신이문,127
S18,이문2동,92,신이문,127
S18,답십리1동,93,용답,79
S18,면목2동,94,신이문,127
S18,면목4동,95,용답,79
S18,면목5동,96,신이문,127
S18,면목7동,97,신이문,127
S18,상봉1동,98,신이문,127
S18,상봉2동,99,신이문,127
S18,중화1동,100,신이문,127
S18,중화2동,101,신이문,127
S18,묵1동,102,신이문,127
S18,묵2동,103,신이문,127
S18,망우3동,104,신이문,127
S18,신내1동,105,신이문,127
S18,신내2동,106,신이문,127
S18,면목본동,107,신이문,127
S18,면목3·8동,108,신이문,127
S18,망우본동,109,신이문,127
S18,돈암1동,110,청량리,98
S18,돈암2동,111,청량리,98
S18,안암동,112,청량리,98
S18,보문동,113,청량리,98
S18,정릉1동,114,신이문,127
S18,정릉2동,115,신이문,127
S18,정릉3동,116,신이문,127
S18,정릉4동,117,창동,97
S18,길음1동,118,신이문,127
S18,길음2동,119,신이문,127
S18,월곡1동,120,신이문,127
S18,월곡2동,121,신이문,127
S18,장위1동,122,신이문,127
S18,장위2동,123,신이문,127
S18,장위3동,124,신이문,127
S18,성북동,125,청량리,98
S18,삼선동,126,청량리,98
S18,동선동,127,청량리,98
S18,종암동,128,청량리,98
S18,석관동,129,신이문,127
S18,번1동,130,창동,97
S18,번2동,131,창동,97
S18,번3동,132,신이문,127
S18,수유1동,133,창동,97
S18,수유2동,134,창동,97
S18,수유3동,135,창동,97
S18,삼양동,136,창동,97
S18,미아동,137,창동,97
S18,송중동,138,신이문,127
S18,송천동,139,신이문,127
S18,삼각산동,140,창동,97
S18,우이동,141,창동,97
S18,인수동,142,창동,97
S18,쌍문1동,143,창동,97
S18,쌍문2동,144,창동,97
S18,쌍문3동,145,창동,97
S18,쌍문4동,146,창동,97
S18,방학1동,147,창동,97
S18,방학2동,148,창동,97
S18,방학3동,149,창동,97
S18,창1동,150,창동,97
S18,창2동,151,창동,97
S18,창3동,152,창동,97
S18,창4동,153,창동,97
S18,창5동,154,창동,97
S18,도봉1동,155,창동,97
S18,도봉2동,156,창동,97
S18,월계1동,157,신이문,127
S18,월계2동,158,창동,97
S18,월계3동,159,신이문,127
S18,공릉2동,160,신이문,127
S18,하계1동,161,창동,97
S18,하계2동,162,창동,97
S18,중계본동,163,창동,97
S18,중계1동,164,창동,97
S18,중계4동,165,창동,97
S18,상계1동,166,창동,97
S18,상계2동,167,창동,97
S18,상계5동,168,창동,97
S18,상계8동,169,창동,97
S18,상계9동,170,창동,97
S18,상계10동,171,창동,97
S18,상계3·4동,172,창동,97
S18,상계6·7동,173,창동,97
S18,중계2·3동,174,창동,97
S18,공릉1동,175,신이문,127
S18,녹번동,176,불광,39
S18,불광1동,177,불광,39
S18,갈현1동,178,불광,39
S18,갈현2동,179,불광,39
S18,구산동,180,불광,39
S18,대조동,181,불광,39
S18,응암1동,182,불광,39
S18,응암2동,183,구로,113
S18,신사1동,184,불광,39
S18,신사2동,185,양천구청,72
S18,증산동,186,양천구청,72
S18,수색동,187,구로,113
S18,진관동,188,불광,39
S18,불광2동,189,불광,39
S18,응암3동,190,양천구청,72
S18,역촌동,191,불광,39
S18,천연동,192,충정로,101
S18,홍제1동,193,충정로,101
S18,홍제3동,194,충정로,101
S18,홍제2동,195,충정로,101
S18,홍은1동,196,충정로,101
S18,홍은2동,197,구로,113
S18,남가좌1동,198,구로,113
S18,남가좌2동,199,구로,113
S18,북가좌1동,200,구로,113
S18,북가좌2동,201,구로,113
S18,충현동,202,충정로,101
S18,북아현동,203,충정로,101
S18,신촌동,204,충정로,101
S18,연희동,205,구로,113
S18,용강동,206,구로,113
S18,대흥동,207,충정로,101
S18,염리동,208,신용산,63
S18,신수동,209,구로,113
S18,서교동,210,구로,113
S18,합정동,211,구로,113
S18,망원1동,212,구로,113
S18,망원2동,213,구로,113
S18,연남동,214,구로,113
S18,성산1동,215,구로,113
S18,성산2동,216,구로,113
S18,상암동,217,구로,113
S18,도화동,218,구로,113
S18,서강동,219,구로,113
S18,공덕동,220,신용산,63
S18,아현동,221,충정로,101
S18,목1동,222,양천구청,72
S18,목2동,223,양천구청,72
S18,목3동,224,양천구청,72
S18,목4동,225,양천구청,72
S18,신월1동,226,양천구청,72
S18,신월2동,227,양천구청,72
S18,신월3동,228,양천구청,72
S18,신월4동,229,양천구청,72
S18,신월5동,230,양천구청,72
S18,신월6동,231,양천구청,72
S18,신월7동,232,양천구청,72
S18,신정1동,233,양천구청,72
S18,신정2동,234,양천구청,72
S18,신정3동,235,양천구청,72
S18,신정6동,236,양천구청,72
S18,신정7동,237,양천구청,72
S18,목5동,238,양천구청,72
S18,신정4동,239,양천구청,72
S18,염창동,240,양천구청,72
S18,등촌1동,241,양천구청,72
S18,등촌2동,242,양천구청,72
S18,등촌3동,243,양천구청,72
S18,화곡본동,244,양천구청,72
S18,화곡2동,245,양천구청,72
S18,화곡3동,246,양천구청,72
S18,화곡4동,247,양천구청,72
S18,화곡6동,248,양천구청,72
S18,화곡8동,249,양천구청,72
S18,가양2동,250,양천구청,72
S18,가양3동,251,양천구청,72
S18,발산1동,252,양천구청,72
S18,공항동,253,양천구청,72
S18,방화1동,254,양천구청,72
S18,방화2동,255,양천구청,72
S18,화곡1동,256,양천구청,72
S18,우장산동,257,양천구청,72
S18,가양1동,258,양천구청,72
S18,방화3동,259,양천구청,72
S18,신도림동,260,구로,113
S18,구로1동,261,구로,113
S18,구로3동,262,구로,113
S18,구로4동,263,구로,113
S18,구로5동,264,구로,113
S18,고척1동,265,구로,113
S18,고척2동,266,양천구청,72
S18,개봉2동,267,양천구청,72
S18,개봉3동,268,양천구청,72
S18,오류1동,269,양천구청,72
S18,수궁동,270,양천구청,72
S18,가리봉동,271,구로,113
S18,구로2동,272,구로,113
S18,개봉1동,273,양천구청,72
S18,오류2동,274,양천구청,72
S18,항동,275,양천구청,72
S18,가산동,276,구로,113
S18,독산1동,277,구로,113
S18,독산2동,278,구로,113
S18,독산3동,279,구로,113
S18,독산4동,280,구로,113
S18,시흥1동,281,구로,113
S18,시흥2동,282,구로,113
S18,시흥3동,283,구로,113
S18,시흥4동,284,구로,113
S18,시흥5동,285,구로,113
S18,여의동,286,구로,113
S18,당산1동,287,구로,113
S18,당산2동,288,구로,113
S18,양평1동,289,구로,113
S18,양평2동,290,구로,113
S18,신길1동,291,구로,113
S18,신길3동,292,구로,113
S18,신길4동,293,구로,113
S18,신길5동,294,구로,113
S18,신길6동,295,구로,113
S18,신길7동,296,구로,113
S18,대림1동,297,구로,113
S18,대림2동,298,구로,113
S18,대림3동,299,구로,113
S18,영등포본동,300,구로,113
S18,영등포동,301,구로,113
S18,도림동,302,구로,113
S18,문래동,303,구로,113
S18,노량진2동,304,구로,113
S18,상도1동,305,구로,113
S18,상도2동,306,구로,113
S18,상도3동,307,구로,113
S18,상도4동,308,구로,113
S18,사당1동,309,총신대입구,99
S18,사당3동,310,총신대입구,99
S18,사당4동,311,총신대입구,99
S18,사당5동,312,총신대입구,99
S18,대방동,313,구로,113
S18,신대방1동,314,구로,113
S18,신대방2동,315,구로,113
S18,흑석동,316,구로,113
S18,노량진1동,317,구로,113
S18,사당2동,318,총신대입구,99
S18,보라매동,319,구로,113
S18,청림동,320,총신대입구,99
S18,행운동,321,총신대입구,99
S18,낙성대동,322,총신대입구,99
S18,중앙동,323,구로,113
S18,인헌동,324,총신대입구,99
S18,남현동,325,구로,113
S18,서원동,326,구로,113
S18,신원동,327,구로,113
S18,서림동,328,구로,113
S18,신사동,329,구로,113
S18,신림동,330,구로,113
S18,난향동,331,구로,113
S18,조원동,332,구로,113
S18,대학동,333,구로,113
S18,은천동,334,구로,113
S18,성현동,335,구로,113
S18,청룡동,336,구로,113
S18,난곡동,337,구로,113
S18,삼성동,338,구로,113
S18,미성동,339,구로,113
S18,서초1동,340,교대,7
S18,서초2동,341,교대,7
S18,서초3동,342,교대,7
S18,서초4동,343,교대,7
S18,잠원동,344,용답,79
S18,반포본동,345,총신대입구,99
S18,반포1동,346,교대,7
S18,반포2동,347,총신대입구,99
S18,반포3동,348,용답,79
S18,반포4동,349,총신대입구,99
S18,방배본동,350,총신대입구,99
S18,방배1동,351,총신대입구,99
S18,방배2동,352,총신대입구,99
S18,방배3동,353,총신대입구,99
S18,방배4동,354,총신대입구,99
S18,양재1동,355,수서,52
S18,양재2동,356,수서,52
S18,내곡동,357,수서,52
S18,신사동,358,용답,79
S18,개포3동,359,수서,52
S18,논현1동,360,용답,79
S18,논현2동,361,용답,79
S18,삼성1동,362,수서,52
S18,삼성2동,363,수서,52
S18,대치1동,364,수서,52
S18,대치4동,365,수서,52
S18,역삼1동,366,교대,7
S18,역삼2동,367,수서,52
S18,도곡1동,368,수서,52
S18,도곡2동,369,수서,52
S18,개포1동,370,수서,52
S18,개포4동,371,수서,52
S18,일원본동,372,수서,52
S18,일원1동,373,수서,52
S18,수서동,374,수서,52
S18,세곡동,375,수서,52
S18,압구정동,376,용답,79
S18,청담동,377,용답,79
S18,대치2동,378,수서,52
S18,개포2동,379,수서,52
S18,풍납1동,380,용답,79
S18,풍납2동,381,수서,52
S18,거여1동,382,수서,52
S18,거여2동,383,수서,52
S18,마천1동,384,수서,52
S18,마천2동,385,수서,52
S18,방이1동,386,수서,52
S18,방이2동,387,수서,52
S18,오륜동,388,수서,52
S18,오금동,389,수서,52
S18,송파1동,390,수서,52
S18,송파2동,391,수서,52
S18,석촌동,392,수서,52
S18,삼전동,393,수서,52
S18,가락본동,394,수서,52
S18,가락1동,395,수서,52
S18,가락2동,396,수서,52
S18,문정1동,397,수서,52
S18,문정2동,398,수서,52
S18,잠실본동,399,수서,52
S18,잠실4동,400,수서,52
S18,잠실6동,401,수서,52
S18,잠실7동,402,수서,52
S18,잠실2동,403,수서,52
S18,잠실3동,404,수서,52
S18,장지동,405,수서,52
S18,위례동,406,수서,52
S18,명일1동,407,용답,79
S18,명일2동,408,용답,79
S18,고덕1동,409,용답,79
S18,고덕2동,410,용답,79
S18,암사2동,411,용답,79
S18,암사3동,412,용답,79
S18,천호1동,413,용답,79
S18,천호3동,414,용답,79
S18,성내1동,415,수서,52
S18,성내2동,416,용답,79
S18,성내3동,417,수서,52
S18,둔촌1동,418,수서,52
S18,둔촌2동,419,수서,52
S18,암사1동,420,용답,79
S18,천호2동,421,용답,79
S18,길동,422,수서,52
S18,강일동,423,용답,79
S18,상일1동,424,용답,79
S18,상일2동,425,수서,52
S19,사직동,0,신설동,62
S19,삼청동,1,신이문,127
S19,부암동,2,신설동,62
S19,평창동,3,신이문,127
S19,무악동,4,서울역,47
S19,교남동,5,서울역,47
S19,가회동,6,신설동,62
S19,종로1·2·3·4가동,7,신설동,62
S19,종로5·6가동,8,신설동,62
S19,이화동,9,신이문,127
S19,창신1동,10,신이문,127
S19,창신2동,11,신설동,62
S19,창신3동,12,신이문,127
S19,숭인1동,13,신설동,62
S19,숭인2동,14,신설동,62
S19,청운효자동,15,신설동,62
S19,혜화동,16,신이문,127
S19,소공동,17,서울역,47
S19,회현동,18,서울역,47
S19,명동,19,신설동,62
S19,필동,20,신설동,62
S19,장충동,21,서울역,47
S19,광희동,22,신설동,62
S19,을지로동,23,신설동,62
S19,신당5동,24,신이문,127
S19,황학동,25,신설동,62
S19,중림동,26,충정로,101
S19,신당동,27,신설동,62
S19,다산동,28,신설동,62
S19,약수동,29,신설동,62
S19,청구동,30,신이문,127
S19,동화동,31,신이문,127
S19,후암동,32,서울역,47
S19,용산2가동,33,서울역,47
S19,남영동,34,서울역,47
S19,원효로2동,35,대방,119
S19,효창동,36,서울역,47
S19,용문동,37,대방,119
S19,이촌1동,38,대방,119
S19,이촌2동,39,대방,119
S19,이태원1동,40,신설동,62
S19,이태원2동,41,서울역,47
S19,서빙고동,42,대방,119
S19,보광동,43,용답,79
S19,청파동,44,서울역,47
S19,원효로1동,45,대방,119
S19,한강로동,46,대방,119
S19,한남동,47,용답,79
S19,왕십리2동,48,신이문,127
S19,마장동,49,용답,79
S19,사근동,50,용답,79
S19,행당1동,51,용답,79
S19,행당2동,52,신이문,127
S19,응봉동,53,용답,79
S19,금호1가동,54,신이문,127
S19,금호4가동,55,용답,79
S19,성수1가1동,56,용답,79
S19,성수1가2동,57,용답,79
S19,성수2가1동,58,용답,79
S19,성수2가3동,59,용답,79
S19,송정동,60,용답,79
S19,용답동,61,용답,79
S19,왕십리도선동,62,신이문,127
S19,금호2·3가동,63,신이문,127
S19,옥수동,64,용답,79
S19,화양동,65,용답,79
S19,군자동,66,용답,79
S19,중곡1동,67,신이문,127
S19,중곡2동,68,신이문,127
S19,중곡3동,69,신이문,127
S19,중곡4동,70,신이문,127
S19,능동,71,용답,79
S19,구의1동,72,용답,79
S19,구의2동,73,신이문,127
S19,구의3동,74,용답,79
S19,광장동,75,신이문,127
S19,자양1동,76,용답,79
S19,자양2동,77,용답,79
S19,자양3동,78,용답,79
S19,자양4동,79,용답,79
S19,회기동,80,신이문,127
S19,휘경1동,81,신이문,127
S19,휘경2동,82,신이문,127
S19,청량리동,83,신이문,127
S19,용신동,84,신이문,127
S19,제기동,85,신이문,127
S19,전농1동,86,신이문,127
S19,전농2동,87,신이문,127
S19,답십리2동,88,용답,79
S19,장안1동,89,신이문,127
S19,장안2동,90,신이문,127
S19,이문1동,91,신이문,127
S19,이문2동,92,신이문,127
S19,답십리1동,93,용답,79
S19,면목2동,94,신이문,127
S19,면목4동,95,신이문,127
S19,면목5동,96,신이문,127
S19,면목7동,97,신이문,127
S19,상봉1동,98,신이문,127
S19,상봉2동,99,신이문,127
S19,중화1동,100,신이문,127
S19,중화2동,101,신이문,127
S19,묵1동,102,신이문,127
S19,묵2동,103,신이문,127
S19,망우3동,104,신이문,127
S19,신내1동,105,신이문,127
S19,신내2동,106,신이문,127
S19,면목본동,107,신이문,127
S19,면목3·8동,108,신이문,127
S19,망우본동,109,신이문,127
S19,돈암1동,110,신이문,127
S19,돈암2동,111,신이문,127
S19,안암동,112,신이문,127
S19,보문동,113,신이문,127
S19,정릉1동,114,신이문,127
S19,정릉2동,115,신이문,127
S19,정릉3동,116,신이문,127
S19,정릉4동,117,창동,97
S19,길음1동,118,신이문,127
S19,길음2동,119,신이문,127
S19,월곡1동,120,신이문,127
S19,월곡2동,121,신이문,127
S19,장위1동,122,신이문,127
S19,장위2동,123,신이문,127
S19,장위3동,124,신이문,127
S19,성북동,125,신이문,127
S19,삼선동,126,신이문,127
S19,동선동,127,신이문,127
S19,종암동,128,신이문,127
S19,석관동,129,신이문,127
S19,번1동,130,창동,97
S19,번2동,131,창동,97
S19,번3동,132,신이문,127
S19,수유1동,133,창동,97
S19,수유2동,134,창동,97
S19,수유3동,135,창동,97
S19,삼양동,136,창동,97
S19,미아동,137,창동,97
S19,송중동,138,신이문,127
S19,송천동,139,신이문,127
S19,삼각산동,140,창동,97
S19,우이동,141,창동,97
S19,인수동,142,창동,97
S19,쌍문1동,143,창동,97
S19,쌍문2동,144,창동,97
S19,쌍문3동,145,창동,97
S19,쌍문4동,146,창동,97
S19,방학1동,147,창동,97
S19,방학2동,148,창동,97
S19,방학3동,149,창동,97
S19,창1동,150,창동,97
S19,창2동,151,창동,97
S19,창3동,152,창동,97
S19,창4동,153,창동,97
S19,창5동,154,창동,97
S19,도봉1동,155,창동,97
S19,도봉2동,156,창동,97
S19,월계1동,157,신이문,127
S19,월계2동,158,창동,97
S19,월계3동,159,신이문,127
S19,공릉2동,160,신이문,127
S19,하계1동,161,창동,97
S19,하계2동,162,창동,97
S19,중계본동,163,창동,97
S19,중계1동,164,창동,97
S19,중계4동,165,창동,97
S19,상계1동,166,창동,97
S19,상계2동,167,창동,97
S19,상계5동,168,창동,97
S19,상계8동,169,창동,97
S19,상계9동,170,창동,97
S19,상계10동,171,창동,97
S19,상계3·4동,172,창동,97
S19,상계6·7동,173,창동,97
S19,중계2·3동,174,창동,97
S19,공릉1동,175,신이문,127
S19,녹번동,176,신이문,127
S19,불광1동,177,불광,39
S19,갈현1동,178,불광,39
S19,갈현2동,179,불광,39
S19,구산동,180,불광,39
S19,대조동,181,불광,39
S19,응암1동,182,구로,113
S19,응암2동,183,구로,113
S19,신사1동,184,구로,113
S19,신사2동,185,구로,113
S19,증산동,186,구로,113
S19,수색동,187,구로,113
S19,진관동,188,불광,39
S19,불광2동,189,불광,39
S19,응암3동,190,구로,113
S19,역촌동,191,구로,113
S19,천연동,192,서울역,47
S19,홍제1동,193,서울역,47
S19,홍제3동,194,신이문,127
S19,홍제2동,195,충정로,101
S19,홍은1동,196,신이문,127
S19,홍은2동,197,구로,113
S19,남가좌1동,198,구로,113
S19,남가좌2동,199,구로,113
S19,북가좌1동,200,구로,113
S19,북가좌2동,201,구로,113
S19,충현동,202,충정로,101
S19,북아현동,203,충정로,101
S19,신촌동,204,충정로,101
S19,연희동,205,구로,113
S19,용강동,206,구로,113
S19,대흥동,207,충정로,101
S19,염리동,208,충정로,101
S19,신수동,209,구로,113
S19,서교동,210,구로,113
S19,합정동,211,구로,113
S19,망원1동,212,구로,113
S19,망원2동,213,구로,113
S19,연남동,214,구로,113
S19,성산1동,215,구로,113
S19,성산2동,216,구로,113
S19,상암동,217,구로,113
S19,도화동,218,구로,113
S19,서강동,219,구로,113
S19,공덕동,220,서울역,47
S19,아현동,221,충정로,101
S19,목1동,222,양천구청,72
S19,목2동,223,양천구청,72
S19,목3동,224,양천구청,72
S19,목4동,225,양천구청,72
S19,신월1동,226,양천구청,72
S19,신월2동,227,양천구청,72
S19,신월3동,228,양천구청,72
S19,신월4동,229,양천구청,72
S19,신월5동,230,양천구청,72
S19,신월6동,231,양천구청,72
S19,신월7동,232,양천구청,72
S19,신정1동,233,양천구청,72
S19,신정2동,234,양천구청,72
S19,신정3동,235,양천구청,72
S19,신정6동,236,양천구청,72
S19,신정7동,237,양천구청,72
S19,목5동,238,양천구청,72
S19,신정4동,239,양천구청,72
S19,염창동,240,양천구청,72
S19,등촌1동,241,양천구청,72
S19,등촌2동,242,양천구청,72
S19,등촌3동,243,양천구청,72
S19,화곡본동,244,양천구청,72
S19,화곡2동,245,양천구청,72
S19,화곡3동,246,양천구청,72
S19,화곡4동,247,양천구청,72
S19,화곡6동,248,양천구청,72
S19,화곡8동,249,양천구청,72
S19,가양2동,250,양천구청,72
S19,가양3동,251,양천구청,72
S19,발산1동,252,양천구청,72
S19,공항동,253,양천구청,72
S19,방화1동,254,양천구청,72
S19,방화2동,255,양천구청,72
S19,화곡1동,256,양천구청,72
S19,우장산동,257,양천구청,72
S19,가양1동,258,양천구청,72
S19,방화3동,259,양천구청,72
S19,신도림동,260,구로,113
S19,구로1동,261,구로,113
S19,구로3동,262,구로,113
S19,구로4동,263,구로,113
S19,구로5동,264,구로,113
S19,고척1동,265,구로,113
S19,고척2동,266,양천구청,72
S19,개봉2동,267,구로,113
S19,개봉3동,268,구로,113
S19,오류1동,269,양천구청,72
S19,수궁동,270,양천구청,72
S19,가리봉동,271,구로,113
S19,구로2동,272,구로,113
S19,개봉1동,273,양천구청,72
S19,오류2동,274,양천구청,72
S19,항동,275,양천구청,72
S19,가산동,276,구로,113
S19,독산1동,277,독산,122
S19,독산2동,278,독산,122
S19,독산3동,279,독산,122
S19,독산4동,280,독산,122
S19,시흥1동,281,독산,122
S19,시흥2동,282,독산,122
S19,시흥3동,283,독산,122
S19,시흥4동,284,독산,122
S19,시흥5동,285,독산,122
S19,여의동,286,구로,113
S19,당산1동,287,구로,113
S19,당산2동,288,구로,113
S19,양평1동,289,구로,113
S19,양평2동,290,구로,113
S19,신길1동,291,구로,113
S19,신길3동,292,구로,113
S19,신길4동,293,구로,113
S19,신길5동,294,구로,113
S19,신길6동,295,구로,113
S19,신길7동,296,구로,113
S19,대림1동,297,구로,113
S19,대림2동,298,구로,113
S19,대림3동,299,구로,113
S19,영등포본동,300,구로,113
S19,영등포동,301,구로,113
S19,도림동,302,구로,113
S19,문래동,303,구로,113
S19,노량진2동,304,구로,113
S19,상도1동,305,구로,113
S19,상도2동,306,구로,113
S19,상도3동,307,구로,113
S19,상도4동,308,구로,113
S19,사당1동,309,총신대입구,99
S19,사당3동,310,총신대입구,99
S19,사당4동,311,총신대입구,99
S19,사당5동,312,총신대입구,99
S19,대방동,313,구로,113
S19,신대방1동,314,구로,113
S19,신대방2동,315,구로,113
S19,흑석동,316,대방,119
S19,노량진1동,317,대방,119
S19,사당2동,318,총신대입구,99
S19,보라매동,319,구로,113
S19,청림동,320,구로,113
S19,행운동,321,총신대입구,99
S19,낙성대동,322,구로,113
S19,중앙동,323,구로,113
S19,인헌동,324,총신대입구,99
S19,남현동,325,구로,113
S19,서원동,326,구로,113
S19,신원동,327,구로,113
S19,서림동,328,구로,113
S19,신사동,329,구로,113
S19,신림동,330,구로,113
S19,난향동,331,구로,113
S19,조원동,332,구로,113
S19,대학동,333,구로,113
S19,은천동,334,구로,113
S19,성현동,335,구로,113
S19,청룡동,336,구로,113
S19,난곡동,337,구로,113
S19,삼성동,338,독산,122
S19,미성동,339,구로,113
S19,서초1동,340,총신대입구,99
S19,서초2동,341,매봉,31
S19,서초3동,342,총신대입구,99
S19,서초4동,343,총신대입구,99
S19,잠원동,344,용답,79
S19,반포본동,345,총신대입구,99
S19,반포1동,346,용답,79
S19,반포2동,347,총신대입구,99
S19,반포3동,348,용답,79
S19,반포4동,349,총신대입구,99
S19,방배본동,350,총신대입구,99
S19,방배1동,351,총신대입구,99
S19,방배2동,352,총신대입구,99
S19,방배3동,353,총신대입구,99
S19,방배4동,354,총신대입구,99
S19,양재1동,355,매봉,31
S19,양재2동,356,수서,52
S19,내곡동,357,수서,52
S19,신사동,358,용답,79
S19,개포3동,359,수서,52
S19,논현1동,360,용답,79
S19,논현2동,361,용답,79
S19,삼성1동,362,용답,79
S19,삼성2동,363,용답,79
S19,대치1동,364,수서,52
S19,대치4동,365,수서,52
S19,역삼1동,366,용답,79
S19,역삼2동,367,매봉,31
S19,도곡1동,368,매봉,31
S19,도곡2동,369,매봉,31
S19,개포1동,370,수서,52
S19,개포4동,371,수서,52
S19,일원본동,372,수서,52
S19,일원1동,373,수서,52
S19,수서동,374,수서,52
S19,세곡동,375,수서,52
S19,압구정동,376,용답,79
S19,청담동,377,용답,79
S19,대치2동,378,수서,52
S19,개포2동,379,수서,52
S19,풍납1동,380,신이문,127
S19,풍납2동,381,용답,79
S19,거여1동,382,수서,52
S19,거여2동,383,수서,52
S19,마천1동,384,수서,52
S19,마천2동,385,수서,52
S19,방이1동,386,수서,52
S19,방이2동,387,수서,52
S19,오륜동,388,수서,52
S19,오금동,389,수서,52
S19,송파1동,390,수서,52
S19,송파2동,391,수서,52
S19,석촌동,392,수서,52
S19,삼전동,393,수서,52
S19,가락본동,394,수서,52
S19,가락1동,395,수서,52
S19,가락2동,396,수서,52
S19,문정1동,397,수서,52
S19,문정2동,398,수서,52
S19,잠실본동,399,수서,52
S19,잠실4동,400,수서,52
S19,잠실6동,401,용답,79
S19,잠실7동,402,수서,52
S19,잠실2동,403,용답,79
S19,잠실3동,404,수서,52
S19,장지동,405,수서,52
S19,위례동,406,수서,52
S19,명일1동,407,용답,79
S19,명일2동,408,신이문,127
S19,고덕1동,409,용답,79
S19,고덕2동,410,신이문,127
S19,암사2동,411,신이문,127
S19,암사3동,412,신이문,127
S19,천호1동,413,신이문,127
S19,천호3동,414,용답,79
S19,성내1동,415,신이문,127
S19,성내2동,416,신이문,127
S19,성내3동,417,용답,79
S19,둔촌1동,418,신이문,127
S19,둔촌2동,419,용답,79
S19,암사1동,420,용답,79
S19,천호2동,421,신이문,127
S19,길동,422,신이문,127
S19,강일동,423,용답,79
S19,상일1동,424,용답,79
S19,상일2동,425,용답,79
S21,사직동,0,을지로4가,82
S21,삼청동,1,을지로4가,82
S21,부암동,2,을지로4가,82
S21,평창동,3,불광,39
S21,무악동,4,을지로4가,82
S21,교남동,5,을지로4가,82
S21,가회동,6,을지로4가,82
S21,종로1·2·3·4가동,7,을지로4가,82
S21,종로5·6가동,8,을지로4가,82
S21,이화동,9,을지로4가,82
S21,창신1동,10,을지로4가,82
S21,창신2동,11,을지로4가,82
S21,창신3동,12,을지로4가,82
S21,숭인1동,13,을지로4가,82
S21,숭인2동,14,청량리,98
S21,청운효자동,15,을지로4가,82
S21,혜화동,16,을지로4가,82
S21,소공동,17,을지로4가,82
S21,회현동,18,을지로4가,82
S21,명동,19,을지로4가,82
S21,필동,20,을지로4가,82
S21,장충동,21,신용산,63
S21,광희동,22,을지로4가,82
S21,을지로동,23,을지로4가,82
S21,신당5동,24,을지로4가,82
S21,황학동,25,을지로4가,82
S21,중림동,26,을지로4가,82
S21,신당동,27,을지로4가,82
S21,다산동,28,을지로4가,82
S21,약수동,29,을지로4가,82
S21,청구동,30,을지로4가,82
S21,동화동,31,을지로4가,82
S21,후암동,32,신용산,63
S21,용산2가동,33,신용산,63
S21,남영동,34,신용산,63
S21,원효로2동,35,신용산,63
S21,효창동,36,신용산,63
S21,용문동,37,신용산,63
S21,이촌1동,38,신용산,63
S21,이촌2동,39,신용산,63
S21,이태원1동,40,신용산,63
S21,이태원2동,41,신용산,63
S21,서빙고동,42,신용산,63
S21,보광동,43,신용산,63
S21,청파동,44,신용산,63
S21,원효로1동,45,신용산,63
S21,한강로동,46,신용산,63
S21,한남동,47,신용산,63
S21,왕십리2동,48,청량리,98
S21,마장동,49,청량리,98
S21,사근동,50,청량리,98
S21,행당1동,51,청량리,98
S21,행당2동,52,청량리,98
S21,응봉동,53,청량리,98
S21,금호1가동,54,을지로4가,82
S21,금호4가동,55,을지로4가,82
S21,성수1가1동,56,청량리,98
S21,성수1가2동,57,청량리,98
S21,성수2가1동,58,청량리,98
S21,성수2가3동,59,청량리,98
S21,송정동,60,신이문,127
S21,용답동,61,청량리,98
S21,왕십리도선동,62,청량리,98
S21,금호2·3가동,63,을지로4가,82
S21,옥수동,64,을지로4가,82
S21,화양동,65,신이문,127
S21,군자동,66,신이문,127
S21,중곡1동,67,신이문,127
S21,중곡2동,68,신이문,127
S21,중곡3동,69,신이문,127
S21,중곡4동,70,신이문,127
S21,능동,71,신이문,127
S21,구의1동,72,수서,52
S21,구의2동,73,신이문,127
S21,구의3동,74,수서,52
S21,광장동,75,신이문,127
S21,자양1동,76,수서,52
S21,자양2동,77,수서,52
S21,자양3동,78,수서,52
S21,자양4동,79,수서,52
S21,회기동,80,신이문,127
S21,휘경1동,81,신이문,127
S21,휘경2동,82,신이문,127
S21,청량리동,83,신이문,127
S21,용신동,84,청량리,98
S21,제기동,85,청량리,98
S21,전농1동,86,청량리,98
S21,전농2동,87,신이문,127
S21,답십리2동,88,청량리,98
S21,장안1동,89,신이문,127
S21,장안2동,90,신이문,127
S21,이문1동,91,신이문,127
S21,이문2동,92,신이문,127
S21,답십리1동,93,청량리,98
S21,면목2동,94,신이문,127
S21,면목4동,95,신이문,127
S21,면목5동,96,신이문,127
S21,면목7동,97,신이문,127
S21,상봉1동,98,신이문,127
S21,상봉2동,99,신이문,127
S21,중화1동,100,신이문,127
S21,중화2동,101,신이문,127
S21,묵1동,102,신이문,127
S21,묵2동,103,신이문,127
S21,망우3동,104,신이문,127
S21,신내1동,105,신이문,127
S21,신내2동,106,신이문,127
S21,면목본동,107,신이문,127
S21,면목3·8동,108,신이문,127
S21,망우본동,109,신이문,127
S21,돈암1동,110,신이문,127
S21,돈암2동,111,청량리,98
S21,안암동,112,청량리,98
S21,보문동,113,청량리,98
S21,정릉1동,114,신이문,127
S21,정릉2동,115,신이문,127
S21,정릉3동,116,신이문,127
S21,정릉4동,117,창동,97
S21,길음1동,118,신이문,127
S21,길음2동,119,신이문,127
S21,월곡1동,120,신이문,127
S21,월곡2동,121,신이문,127
S21,장위1동,122,신이문,127
S21,장위2동,123,신이문,127
S21,장위3동,124,신이문,127
S21,성북동,125,을지로4가,82
S21,삼선동,126,을지로4가,82
S21,동선동,127,청량리,98
S21,종암동,128,신이문,127
S21,석관동,129,신이문,127
S21,번1동,130,창동,97
S21,번2동,131,창동,97
S21,번3동,132,신이문,127
S21,수유1동,133,창동,97
S21,수유2동,134,창동,97
S21,수유3동,135,창동,97
S21,삼양동,136,창동,97
S21,미아동,137,창동,97
S21,송중동,138,신이문,127
S21,송천동,139,신이문,127
S21,삼각산동,140,창동,97
S21,우이동,141,창동,97
S21,인수동,142,창동,97
S21,쌍문1동,143,창동,97
S21,쌍문2동,144,창동,97
S21,쌍문3동,145,창동,97
S21,쌍문4동,146,창동,97
S21,방학1동,147,창동,97
S21,방학2동,148,창동,97
S21,방학3동,149,창동,97
S21,창1동,150,창동,97
S21,창2동,151,창동,97
S21,창3동,152,창동,97
S21,창4동,153,창동,97
S21,창5동,154,창동,97
S21,도봉1동,155,창동,97
S21,도봉2동,156,창동,97
S21,월계1동,157,신이문,127
S21,월계2동,158,창동,97
S21,월계3동,159,신이문,127
S21,공릉2동,160,신이문,127
S21,하계1동,161,창동,97
S21,하계2동,162,창동,97
S21,중계본동,163,창동,97
S21,중계1동,164,창동,97
S21,중계4동,165,창동,97
S21,상계1동,166,창동,97
S21,상계2동,167,창동,97
S21,상계5동,168,창동,97
S21,상계8동,169,창동,97
S21,상계9동,170,창동,97
S21,상계10동,171,창동,97
S21,상계3·4동,172,창동,97
S21,상계6·7동,173,창동,97
S21,중계2·3동,174,창동,97
S21,공릉1동,175,신이문,127
S21,녹번동,176,불광,39
S21,불광1동,177,불광,39
S21,갈현1동,178,불광,39
S21,갈현2동,179,불광,39
S21,구산동,180,불광,39
S21,대조동,181,불광,39
S21,응암1동,182,불광,39
S21,응암2동,183,불광,39
S21,신사1동,184,불광,39
S21,신사2동,185,불광,39
S21,증산동,186,불광,39
S21,수색동,187,불광,39
S21,진관동,188,불광,39
S21,불광2동,189,불광,39
S21,응암3동,190,불광,39
S21,역촌동,191,불광,39
S21,천연동,192,을지로4가,82
S21,홍제1동,193,불광,39
S21,홍제3동,194,불광,39
S21,홍제2동,195,불광,39
S21,홍은1동,196,불광,39
S21,홍은2동,197,불광,39
S21,남가좌1동,198,불광,39
S21,남가좌2동,199,불광,39
S21,북가좌1동,200,불광,39
S21,북가좌2동,201,불광,39
S21,충현동,202,을지로4가,82
S21,북아현동,203,신용산,63
S21,신촌동,204,을지로4가,82
S21,연희동,205,불광,39
S21,용강동,206,신용산,63
S21,대흥동,207,신용산,63
S21,염리동,208,신용산,63
S21,신수동,209,신용산,63
S21,서교동,210,구로,113
S21,합정동,211,구로,113
S21,망원1동,212,구로,113
S21,망원2동,213,구로,113
S21,연남동,214,신용산,63
S21,성산1동,215,구로,113
S21,성산2동,216,구로,113
S21,상암동,217,구로,113
S21,도화동,218,신용산,63
S21,서강동,219,신용산,63
S21,공덕동,220,신용산,63
S21,아현동,221,신용산,63
S21,목1동,222,양천구청,72
S21,목2동,223,양천구청,72
S21,목3동,224,양천구청,72
S21,목4동,225,양천구청,72
S21,신월1동,226,양천구청,72
S21,신월2동,227,양천구청,72
S21,신월3동,228,양천구청,72
S21,신월4동,229,양천구청,72
S21,신월5동,230,양천구청,72
S21,신월6동,231,양천구청,72
S21,신월7동,232,양천구청,72
S21,신정1동,233,양천구청,72
S21,신정2동,234,양천구청,72
S21,신정3동,235,양천구청,72
S21,신정6동,236,양천구청,72
S21,신정7동,237,양천구청,72
S21,목5동,238,양천구청,72
S21,신정4동,239,양천구청,72
S21,염창동,240,양천구청,72
S21,등촌1동,241,양천구청,72
S21,등촌2동,242,양천구청,72
S21,등촌3동,243,양천구청,72
S21,화곡본동,244,양천구청,72
S21,화곡2동,245,양천구청,72
S21,화곡3동,246,양천구청,72
S21,화곡4동,247,양천구청,72
S21,화곡6동,248,양천구청,72
S21,화곡8동,249,양천구청,72
S21,가양2동,250,양천구청,72
S21,가양3동,251,양천구청,72
S21,발산1동,252,양천구청,72
S21,공항동,253,양천구청,72
S21,방화1동,254,양천구청,72
S21,방화2동,255,양천구청,72
S21,화곡1동,256,양천구청,72
S21,우장산동,257,양천구청,72
S21,가양1동,258,양천구청,72
S21,방화3동,259,양천구청,72
S21,신도림동,260,구로,113
S21,구로1동,261,구로,113
S21,구로3동,262,구로,113
S21,구로4동,263,구로,113
S21,구로5동,264,구로,113
S21,고척1동,265,구로,113
S21,고척2동,266,양천구청,72
S21,개봉2동,267,양천구청,72
S21,개봉3동,268,양천구청,72
S21,오류1동,269,양천구청,72
S21,수궁동,270,양천구청,72
S21,가리봉동,271,구로,113
S21,구로2동,272,구로,113
S21,개봉1동,273,양천구청,72
S21,오류2동,274,양천구청,72
S21,항동,275,양천구청,72
S21,가산동,276,구로,113
S21,독산1동,277,구로,113
S21,독산2동,278,구로,113
S21,독산3동,279,구로,113
S21,독산4동,280,구로,113
S21,시흥1동,281,구로,113
S21,시흥2동,282,구로,113
S21,시흥3동,283,구로,113
S21,시흥4동,284,구로,113
S21,시흥5동,285,구로,113
S21,여의동,286,구로,113
S21,당산1동,287,구로,113
S21,당산2동,288,구로,113
S21,양평1동,289,구로,113
S21,양평2동,290,구로,113
S21,신길1동,291,구로,113
S21,신길3동,292,구로,113
S21,신길4동,293,구로,113
S21,신길5동,294,구로,113
S21,신길6동,295,구로,113
S21,신길7동,296,구로,113
S21,대림1동,297,구로,113
S21,대림2동,298,구로,113
S21,대림3동,299,구로,113
S21,영등포본동,300,구로,113
S21,영등포동,301,구로,113
S21,도림동,302,구로,113
S21,문래동,303,구로,113
S21,노량진2동,304,신용산,63
S21,상도1동,305,총신대입구,99
S21,상도2동,306,신용산,63
S21,상도3동,307,구로,113
S21,상도4동,308,신용산,63
S21,사당1동,309,총신대입구,99
S21,사당3동,310,총신대입구,99
S21,사당4동,311,총신대입구,99
S21,사당5동,312,총신대입구,99
S21,대방동,313,구로,113
S21,신대방1동,314,구로,113
S21,신대방2동,315,구로,113
S21,흑석동,316,신용산,63
S21,노량진1동,317,신용산,63
S21,사당2동,318,총신대입구,99
S21,보라매동,319,구로,113
S21,청림동,320,총신대입구,99
S21,행운동,321,총신대입구,99
S21,낙성대동,322,총신대입구,99
S21,중앙동,323,총신대입구,99
S21,인헌동,324,총신대입구,99
S21,남현동,325,총신대입구,99
S21,서원동,326,구로,113
S21,신원동,327,구로,113
S21,서림동,328,총신대입구,99
S21,신사동,329,구로,113
S21,신림동,330,구로,113
S21,난향동,331,구로,113
S21,조원동,332,구로,113
S21,대학동,333,총신대입구,99
S21,은천동,334,총신대입구,99
S21,성현동,335,총신대입구,99
S21,청룡동,336,총신대입구,99
S21,난곡동,337,구로,113
S21,삼성동,338,구로,113
S21,미성동,339,구로,113
S21,서초1동,340,교대,7
S21,서초2동,341,교대,7
S21,서초3동,342,교대,7
S21,서초4동,343,교대,7
S21,잠원동,344,교대,7
S21,반포본동,345,총신대입구,99
S21,반포1동,346,교대,7
S21,반포2동,347,총신대입구,99
S21,반포3동,348,신용산,63
S21,반포4동,349,총신대입구,99
S21,방배본동,350,총신대입구,99
S21,방배1동,351,총신대입구,99
S21,방배2동,352,총신대입구,99
S21,방배3동,353,총신대입구,99
S21,방배4동,354,총신대입구,99
S21,양재1동,355,교대,7
S21,양재2동,356,수서,52
S21,내곡동,357,수서,52
S21,신사동,358,교대,7
S21,개포3동,359,수서,52
S21,논현1동,360,교대,7
S21,논현2동,361,교대,7
S21,삼성1동,362,수서,52
S21,삼성2동,363,수서,52
S21,대치1동,364,수서,52
S21,대치4동,365,수서,52
S21,역삼1동,366,교대,7
S21,역삼2동,367,교대,7
S21,도곡1동,368,교대,7
S21,도곡2동,369,수서,52
S21,개포1동,370,수서,52
S21,개포4동,371,수서,52
S21,일원본동,372,수서,52
S21,일원1동,373,수서,52
S21,수서동,374,수서,52
S21,세곡동,375,수서,52
S21,압구정동,376,교대,7
S21,청담동,377,수서,52
S21,대치2동,378,수서,52
S21,개포2동,379,수서,52
S21,풍납1동,380,수서,52
S21,풍납2동,381,수서,52
S21,거여1동,382,수서,52
S21,거여2동,383,수서,52
S21,마천1동,384,수서,52
S21,마천2동,385,수서,52
S21,방이1동,386,수서,52
S21,방이2동,387,수서,52
S21,오륜동,388,수서,52
S21,오금동,389,수서,52
S21,송파1동,390,수서,52
S21,송파2동,391,수서,52
S21,석촌동,392,수서,52
S21,삼전동,393,수서,52
S21,가락본동,394,수서,52
S21,가락1동,395,수서,52
S21,가락2동,396,수서,52
S21,문정1동,397,수서,52
S21,문정2동,398,수서,52
S21,잠실본동,399,수서,52
S21,잠실4동,400,수서,52
S21,잠실6동,401,수서,52
S21,잠실7동,402,수서,52
S21,잠실2동,403,수서,52
S21,잠실3동,404,수서,52
S21,장지동,405,수서,52
S21,위례동,406,수서,52
S21,명일1동,407,수서,52
S21,명일2동,408,수서,52
S21,고덕1동,409,수서,52
S21,고덕2동,410,수서,52
S21,암사2동,411,수서,52
S21,암사3동,412,수서,52
S21,천호1동,413,수서,52
S21,천호3동,414,수서,52
S21,성내1동,415,수서,52
S21,성내2동,416,수서,52
S21,성내3동,417,수서,52
S21,둔촌1동,418,수서,52
S21,둔촌2동,419,수서,52
S21,암사1동,420,수서,52
S21,천호2동,421,수서,52
S21,길동,422,수서,52
S21,강일동,423,수서,52
S21,상일1동,424,수서,52
S21,상일2동,425,수서,52
S22,사직동,0,신설동,62
S22,삼청동,1,신설동,62
S22,부암동,2,신설동,62
S22,평창동,3,신이문,127
S22,무악동,4,서울역,47
S22,교남동,5,충정로,101
S22,가회동,6,신설동,62
S22,종로1·2·3·4가동,7,신설동,62
S22,종로5·6가동,8,신설동,62
S22,이화동,9,신설동,62
S22,창신1동,10,신설동,62
S22,창신2동,11,신설동,62
S22,창신3동,12,신설동,62
S22,숭인1동,13,신설동,62
S22,숭인2동,14,신설동,62
S22,청운효자동,15,신설동,62
S22,혜화동,16,신이문,127
S22,소공동,17,서울역,47
S22,회현동,18,서울역,47
S22,명동,19,신설동,62
S22,필동,20,신설동,62
S22,장충동,21,서울역,47
S22,광희동,22,신설동,62
S22,을지로동,23,신설동,62
S22,신당5동,24,신설동,62
S22,황학동,25,신설동,62
S22,중림동,26,충정로,101
S22,신당동,27,신설동,62
S22,다산동,28,신설동,62
S22,약수동,29,신설동,62
S22,청구동,30,신설동,62
S22,동화동,31,신설동,62
S22,후암동,32,서울역,47
S22,용산2가동,33,서울역,47
S22,남영동,34,서울역,47
S22,원효로2동,35,대방,119
S22,효창동,36,서울역,47
S22,용문동,37,서울역,47
S22,이촌1동,38,대방,119
S22,이촌2동,39,대방,119
S22,이태원1동,40,신설동,62
S22,이태원2동,41,서울역,47
S22,서빙고동,42,총신대입구,99
S22,보광동,43,용답,79
S22,청파동,44,서울역,47
S22,원효로1동,45,서울역,47
S22,한강로동,46,서울역,47
S22,한남동,47,용답,79
S22,왕십리2동,48,용답,79
S22,마장동,49,용답,79
S22,사근동,50,용답,79
S22,행당1동,51,용답,79
S22,행당2동,52,용답,79
S22,응봉동,53,용답,79
S22,금호1가동,54,용답,79
S22,금호4가동,55,용답,79
S22,성수1가1동,56,용답,79
S22,성수1가2동,57,용답,79
S22,성수2가1동,58,용답,79
S22,성수2가3동,59,용답,79
S22,송정동,60,용답,79
S22,용답동,61,용답,79
S22,왕십리도선동,62,용답,79
S22,금호2·3가동,63,용답,79
S22,옥수동,64,용답,79
S22,화양동,65,용답,79
S22,군자동,66,용답,79
S22,중곡1동,67,용답,79
S22,중곡2동,68,용답,79
S22,중곡3동,69,신이문,127
S22,중곡4동,70,용답,79
S22,능동,71,용답,79
S22,구의1동,72,용답,79
S22,구의2동,73,용답,79
S22,구의3동,74,용답,79
S22,광장동,75,용답,79
S22,자양1동,76,용답,79
S22,자양2동,77,용답,79
S22,자양3동,78,용답,79
S22,자양4동,79,용답,79
S22,회기동,80,신이문,127
S22,휘경1동,81,신이문,127
S22,휘경2동,82,신이문,127
S22,청량리동,83,신이문,127
S22,용신동,84,신설동,62
S22,제기동,85,신이문,127
S22,전농1동,86,신이문,127
S22,전농2동,87,신이문,127
S22,답십리2동,88,용답,79
S22,장안1동,89,용답,79
S22,장안2동,90,신이문,127
S22,이문1동,91,신이문,127
S22,이문2동,92,신이문,127
S22,답십리1동,93,용답,79
S22,면목2동,94,신이문,127
S22,면목4동,95,신이문,127
S22,면목5동,96,신이문,127
S22,면목7동,97,신이문,127
S22,상봉1동,98,신이문,127
S22,상봉2동,99,신이문,127
S22,중화1동,100,신이문,127
S22,중화2동,101,신이문,127
S22,묵1동,102,신이문,127
S22,묵2동,103,신이문,127
S22,망우3동,104,신이문,127
S22,신내1동,105,신이문,127
S22,신내2동,106,신이문,127
S22,면목본동,107,신이문,127
S22,면목3·8동,108,신이문,127
S22,망우본동,109,신이문,127
S22,돈암1동,110,신이문,127
S22,돈암2동,111,신이문,127
S22,안암동,112,신이문,127
S22,보문동,113,신설동,62
S22,정릉1동,114,신이문,127
S22,정릉2동,115,신이문,127
S22,정릉3동,116,신이문,127
S22,정릉4동,117,창동,97
S22,길음1동,118,신이문,127
S22,길음2동,119,신이문,127
S22,월곡1동,120,신이문,127
S22,월곡2동,121,신이문,127
S22,장위1동,122,신이문,127
S22,장위2동,123,신이문,127
S22,장위3동,124,신이문,127
S22,성북동,125,신이문,127
S22,삼선동,126,신설동,62
S22,동선동,127,신이문,127
S22,종암동,128,신이문,127
S22,석관동,129,신이문,127
S22,번1동,130,창동,97
S22,번2동,131,창동,97
S22,번3동,132,신이문,127
S22,수유1동,133,창동,97
S22,수유2동,134,창동,97
S22,수유3동,135,창동,97
S22,삼양동,136,창동,97
S22,미아동,137,창동,97
S22,송중동,138,신이문,127
S22,송천동,139,신이문,127
S22,삼각산동,140,창동,97
S22,우이동,141,창동,97
S22,인수동,142,창동,97
S22,쌍문1동,143,창동,97
S22,쌍문2동,144,창동,97
S22,쌍문3동,145,창동,97
S22,쌍문4동,146,창동,97
S22,방학1동,147,창동,97
S22,방학2동,148,창동,97
S22,방학3동,149,창동,97
S22,창1동,150,창동,97
S22,창2동,151,창동,97
S22,창3동,152,창동,97
S22,창4동,153,창동,97
S22,창5동,154,창동,97
S22,도봉1동,155,창동,97
S22,도봉2동,156,창동,97
S22,월계1동,157,신이문,127
S22,월계2동,158,창동,97
S22,월계3동,159,신이문,127
S22,공릉2동,160,신이문,127
S22,하계1동,161,창동,97
S22,하계2동,162,창동,97
S22,중계본동,163,창동,97
S22,중계1동,164,창동,97
S22,중계4동,165,창동,97
S22,상계1동,166,창동,97
S22,상계2동,167,창동,97
S22,상계5동,168,창동,97
S22,상계8동,169,창동,97
S22,상계9동,170,창동,97
S22,상계10동,171,창동,97
S22,상계3·4동,172,창동,97
S22,상계6·7동,173,창동,97
S22,중계2·3동,174,창동,97
S22,공릉1동,175,신이문,127
S22,녹번동,176,불광,39
S22,불광1동,177,불광,39
S22,갈현1동,178,불광,39
S22,갈현2동,179,불광,39
S22,구산동,180,불광,39
S22,대조동,181,불광,39
S22,응암1동,182,불광,39
S22,응암2동,183,서울역,47
S22,신사1동,184,불광,39
S22,신사2동,185,양천구청,72
S22,증산동,186,양천구청,72
S22,수색동,187,양천구청,72
S22,진관동,188,불광,39
S22,불광2동,189,불광,39
S22,응암3동,190,양천구청,72
S22,역촌동,191,불광,39
S22,천연동,192,서울역,47
S22,홍제1동,193,서울역,47
S22,홍제3동,194,충정로,101
S22,홍제2동,195,충정로,101
S22,홍은1동,196,충정로,101
S22,홍은2동,197,충정로,101
S22,남가좌1동,198,구로,113
S22,남가좌2동,199,충정로,101
S22,북가좌1동,200,양천구청,72
S22,북가좌2동,201,양천구청,72
S22,충현동,202,충정로,101
S22,북아현동,203,충정로,101
S22,신촌동,204,충정로,101
S22,연희동,205,충정로,101
S22,용강동,206,대방,119
S22,대흥동,207,충정로,101
S22,염리동,208,충정로,101
S22,신수동,209,대방,119
S22,서교동,210,구로,113
S22,합정동,211,구로,113
S22,망원1동,212,구로,113
S22,망원2동,213,구로,113
S22,연남동,214,구로,113
S22,성산1동,215,구로,113
S22,성산2동,216,양천구청,72
S22,상암동,217,양천구청,72
S22,도화동,218,대방,119
S22,서강동,219,대방,119
S22,공덕동,220,서울역,47
S22,아현동,221,충정로,101
S22,목1동,222,양천구청,72
S22,목2동,223,양천구청,72
S22,목3동,224,양천구청,72
S22,목4동,225,양천구청,72
S22,신월1동,226,양천구청,72
S22,신월2동,227,양천구청,72
S22,신월3동,228,양천구청,72
S22,신월4동,229,양천구청,72
S22,신월5동,230,양천구청,72
S22,신월6동,231,양천구청,72
S22,신월7동,232,양천구청,72
S22,신정1동,233,양천구청,72
S22,신정2동,234,양천구청,72
S22,신정3동,235,양천구청,72
S22,신정6동,236,양천구청,72
S22,신정7동,237,양천구청,72
S22,목5동,238,양천구청,72
S22,신정4동,239,양천구청,72
S22,염창동,240,양천구청,72
S22,등촌1동,241,양천구청,72
S22,등촌2동,242,양천구청,72
S22,등촌3동,243,양천구청,72
S22,화곡본동,244,양천구청,72
S22,화곡2동,245,양천구청,72
S22,화곡3동,246,양천구청,72
S22,화곡4동,247,양천구청,72
S22,화곡6동,248,양천구청,72
S22,화곡8동,249,양천구청,72
S22,가양2동,250,양천구청,72
S22,가양3동,251,양천구청,72
S22,발산1동,252,양천구청,72
S22,공항동,253,양천구청,72
S22,방화1동,254,양천구청,72
S22,방화2동,255,양천구청,72
S22,화곡1동,256,양천구청,72
S22,우장산동,257,양천구청,72
S22,가양1동,258,양천구청,72
S22,방화3동,259,양천구청,72
S22,신도림동,260,구로,113
S22,구로1동,261,구로,113
S22,구로3동,262,구로,113
S22,구로4동,263,구로,113
S22,구로5동,264,구로,113
S22,고척1동,265,양천구청,72
S22,고척2동,266,양천구청,72
S22,개봉2동,267,양천구청,72
S22,개봉3동,268,양천구청,72
S22,오류1동,269,양천구청,72
S22,수궁동,270,양천구청,72
S22,가리봉동,271,구로,113
S22,구로2동,272,구로,113
S22,개봉1동,273,양천구청,72
S22,오류2동,274,양천구청,72
S22,항동,275,양천구청,72
S22,가산동,276,구로,113
S22,독산1동,277,구로,113
S22,독산2동,278,구로,113
S22,독산3동,279,구로,113
S22,독산4동,280,구로,113
S22,시흥1동,281,구로,113
S22,시흥2동,282,구로,113
S22,시흥3동,283,구로,113
S22,시흥4동,284,구로,113
S22,시흥5동,285,구로,113
S22,여의동,286,대방,119
S22,당산1동,287,구로,113
S22,당산2동,288,구로,113
S22,양평1동,289,구로,113
S22,양평2동,290,구로,113
S22,신길1동,291,구로,113
S22,신길3동,292,구로,113
S22,신길4동,293,구로,113
S22,신길5동,294,구로,113
S22,신길6동,295,구로,113
S22,신길7동,296,대방,119
S22,대림1동,297,구로,113
S22,대림2동,298,구로,113
S22,대림3동,299,구로,113
S22,영등포본동,300,구로,113
S22,영등포동,301,구로,113
S22,도림동,302,구로,113
S22,문래동,303,구로,113
S22,노량진2동,304,대방,119
S22,상도1동,305,총신대입구,99
S22,상도2동,306,대방,119
S22,상도3동,307,구로,113
S22,상도4동,308,구로,113
S22,사당1동,309,총신대입구,99
S22,사당3동,310,총신대입구,99
S22,사당4동,311,총신대입구,99
S22,사당5동,312,총신대입구,99
S22,대방동,313,대방,119
S22,신대방1동,314,구로,113
S22,신대방2동,315,구로,113
S22,흑석동,316,총신대입구,99
S22,노량진1동,317,대방,119
S22,사당2동,318,총신대입구,99
S22,보라매동,319,구로,113
S22,청림동,320,총신대입구,99
S22,행운동,321,총신대입구,99
S22,낙성대동,322,총신대입구,99
S22,중앙동,323,총신대입구,99
S22,인헌동,324,총신대입구,99
S22,남현동,325,총신대입구,99
S22,서원동,326,구로,113
S22,신원동,327,구로,113
S22,서림동,328,총신대입구,99
S22,신사동,329,구로,113
S22,신림동,330,구로,113
S22,난향동,331,구로,113
S22,조원동,332,구로,113
S22,대학동,333,구로,113
S22,은천동,334,구로,113
S22,성현동,335,총신대입구,99
S22,청룡동,336,총신대입구,99
S22,난곡동,337,구로,113
S22,삼성동,338,구로,113
S22,미성동,339,구로,113
S22,서초1동,340,교대,7
S22,서초2동,341,교대,7
S22,서초3동,342,총신대입구,99
S22,서초4동,343,교대,7
S22,잠원동,344,총신대입구,99
S22,반포본동,345,총신대입구,99
S22,반포1동,346,교대,7
S22,반포2동,347,총신대입구,99
S22,반포3동,348,용답,79
S22,반포4동,349,총신대입구,99
S22,방배본동,350,총신대입구,99
S22,방배1동,351,총신대입구,99
S22,방배2동,352,총신대입구,99
S22,방배3동,353,총신대입구,99
S22,방배4동,354,총신대입구,99
S22,양재1동,355,교대,7
S22,양재2동,356,수서,52
S22,내곡동,357,수서,52
S22,신사동,358,용답,79
S22,개포3동,359,수서,52
S22,논현1동,360,용답,79
S22,논현2동,361,용답,79
S22,삼성1동,362,수서,52
S22,삼성2동,363,수서,52
S22,대치1동,364,수서,52
S22,대치4동,365,수서,52
S22,역삼1동,366,교대,7
S22,역삼2동,367,수서,52
S22,도곡1동,368,수서,52
S22,도곡2동,369,수서,52
S22,개포1동,370,수서,52
S22,개포4동,371,수서,52
S22,일원본동,372,수서,52
S22,일원1동,373,수서,52
S22,수서동,374,수서,52
S22,세곡동,375,수서,52
S22,압구정동,376,용답,79
S22,청담동,377,용답,79
S22,대치2동,378,수서,52
S22,개포2동,379,수서,52
S22,풍납1동,380,용답,79
S22,풍납2동,381,수서,52
S22,거여1동,382,수서,52
S22,거여2동,383,수서,52
S22,마천1동,384,수서,52
S22,마천2동,385,수서,52
S22,방이1동,386,수서,52
S22,방이2동,387,수서,52
S22,오륜동,388,수서,52
S22,오금동,389,수서,52
S22,송파1동,390,수서,52
S22,송파2동,391,수서,52
S22,석촌동,392,수서,52
S22,삼전동,393,수서,52
S22,가락본동,394,수서,52
S22,가락1동,395,수서,52
S22,가락2동,396,수서,52
S22,문정1동,397,수서,52
S22,문정2동,398,수서,52
S22,잠실본동,399,수서,52
S22,잠실4동,400,수서,52
S22,잠실6동,401,수서,52
S22,잠실7동,402,수서,52
S22,잠실2동,403,수서,52
S22,잠실3동,404,수서,52
S22,장지동,405,수서,52
S22,위례동,406,수서,52
S22,명일1동,407,용답,79
S22,명일2동,408,수서,52
S22,고덕1동,409,용답,79
S22,고덕2동,410,용답,79
S22,암사2동,411,용답,79
S22,암사3동,412,용답,79
S22,천호1동,413,용답,79
S22,천호3동,414,용답,79
S22,성내1동,415,수서,52
S22,성내2동,416,용답,79
S22,성내3동,417,수서,52
S22,둔촌1동,418,수서,52
S22,둔촌2동,419,수서,52
S22,암사1동,420,용답,79
S22,천호2동,421,용답,79
S22,길동,422,수서,52
S22,강일동,423,용답,79
S22,상일1동,424,수서,52
S22,상일2동,425,수서,52
S25,사직동,0,충정로,101
S25,삼청동,1,충정로,101
S25,부암동,2,녹번,17
S25,평창동,3,녹번,17
S25,무악동,4,충정로,101
S25,교남동,5,충정로,101
S25,가회동,6,동대입구,27
S25,종로1·2·3·4가동,7,동대입구,27
S25,종로5·6가동,8,신답,56
S25,이화동,9,신답,56
S25,창신1동,10,신답,56
S25,창신2동,11,신답,56
S25,창신3동,12,신답,56
S25,숭인1동,13,신답,56
S25,숭인2동,14,신답,56
S25,청운효자동,15,충정로,101
S25,혜화동,16,신답,56
S25,소공동,17,충정로,101
S25,회현동,18,충정로,101
S25,명동,19,동대입구,27
S25,필동,20,동대입구,27
S25,장충동,21,신용산,63
S25,광희동,22,동대입구,27
S25,을지로동,23,동대입구,27
S25,신당5동,24,신답,56
S25,황학동,25,신답,56
S25,중림동,26,충정로,101
S25,신당동,27,신답,56
S25,다산동,28,동대입구,27
S25,약수동,29,동대입구,27
S25,청구동,30,동대입구,27
S25,동화동,31,신답,56
S25,후암동,32,신용산,63
S25,용산2가동,33,신용산,63
S25,남영동,34,신용산,63
S25,원효로2동,35,신용산,63
S25,효창동,36,신용산,63
S25,용문동,37,신용산,63
S25,이촌1동,38,신용산,63
S25,이촌2동,39,신용산,63
S25,이태원1동,40,신용산,63
S25,이태원2동,41,신용산,63
S25,서빙고동,42,신용산,63
S25,보광동,43,신용산,63
S25,청파동,44,신용산,63
S25,원효로1동,45,신용산,63
S25,한강로동,46,신용산,63
S25,한남동,47,동대입구,27
S25,왕십리2동,48,신답,56
S25,마장동,49,신답,56
S25,사근동,50,신답,56
S25,행당1동,51,신답,56
S25,행당2동,52,신답,56
S25,응봉동,53,신답,56
S25,금호1가동,54,신답,56
S25,금호4가동,55,신답,56
S25,성수1가1동,56,신답,56
S25,성수1가2동,57,신답,56
S25,성수2가1동,58,신답,56
S25,성수2가3동,59,신답,56
S25,송정동,60,신답,56
S25,용답동,61,신답,56
S25,왕십리도선동,62,신답,56
S25,금호2·3가동,63,신답,56
S25,옥수동,64,동대입구,27
S25,화양동,65,구의,9
S25,군자동,66,신답,56
S25,중곡1동,67,신답,56
S25,중곡2동,68,신답,56
S25,중곡3동,69,신답,56
S25,중곡4동,70,신답,56
S25,능동,71,신답,56
S25,구의1동,72,구의,9
S25,구의2동,73,구의,9
S25,구의3동,74,구의,9
S25,광장동,75,구의,9
S25,자양1동,76,구의,9
S25,자양2동,77,구의,9
S25,자양3동,78,구의,9
S25,자양4동,79,구의,9
S25,회기동,80,신이문,127
S25,휘경1동,81,신이문,127
S25,휘경2동,82,신이문,127
S25,청량리동,83,신답,56
S25,용신동,84,신답,56
S25,제기동,85,신답,56
S25,전농1동,86,신답,56
S25,전농2동,87,신답,56
S25,답십리2동,88,신답,56
S25,장안1동,89,신답,56
S25,장안2동,90,신답,56
S25,이문1동,91,신이문,127
S25,이문2동,92,신이문,127
S25,답십리1동,93,신답,56
S25,면목2동,94,신이문,127
S25,면목4동,95,신답,56
S25,면목5동,96,신이문,127
S25,면목7동,97,신이문,127
S25,상봉1동,98,신이문,127
S25,상봉2동,99,신이문,127
S25,중화1동,100,신이문,127
S25,중화2동,101,신이문,127
S25,묵1동,102,신이문,127
S25,묵2동,103,신이문,127
S25,망우3동,104,신이문,127
S25,신내1동,105,신이문,127
S25,신내2동,106,신이문,127
S25,면목본동,107,신이문,127
S25,면목3·8동,108,신이문,127
S25,망우본동,109,신이문,127
S25,돈암1동,110,신답,56
S25,돈암2동,111,신답,56
S25,안암동,112,신답,56
S25,보문동,113,신답,56
S25,정릉1동,114,신이문,127
S25,정릉2동,115,신답,56
S25,정릉3동,116,신답,56
S25,정릉4동,117,신답,56
S25,길음1동,118,신이문,127
S25,길음2동,119,신이문,127
S25,월곡1동,120,신이문,127
S25,월곡2동,121,신이문,127
S25,장위1동,122,신이문,127
S25,장위2동,123,신이문,127
S25,장위3동,124,신이문,127
S25,성북동,125,신답,56
S25,삼선동,126,신답,56
S25,동선동,127,신답,56
S25,종암동,128,신답,56
S25,석관동,129,신이문,127
S25,번1동,130,신이문,127
S25,번2동,131,신이문,127
S25,번3동,132,신이문,127
S25,수유1동,133,신이문,127
S25,수유2동,134,신이문,127
S25,수유3동,135,신이문,127
S25,삼양동,136,신이문,127
S25,미아동,137,신이문,127
S25,송중동,138,신이문,127
S25,송천동,139,신이문,127
S25,삼각산동,140,신이문,127
S25,우이동,141,신이문,127
S25,인수동,142,신이문,127
S25,쌍문1동,143,신이문,127
S25,쌍문2동,144,신이문,127
S25,쌍문3동,145,신이문,127
S25,쌍문4동,146,신이문,127
S25,방학1동,147,신이문,127
S25,방학2동,148,신이문,127
S25,방학3동,149,신이문,127
S25,창1동,150,신이문,127
S25,창2동,151,신이문,127
S25,창3동,152,신이문,127
S25,창4동,153,신이문,127
S25,창5동,154,신이문,127
S25,도봉1동,155,신이문,127
S25,도봉2동,156,신이문,127
S25,월계1동,157,신이문,127
S25,월계2동,158,신이문,127
S25,월계3동,159,신이문,127
S25,공릉2동,160,신이문,127
S25,하계1동,161,신이문,127
S25,하계2동,162,신이문,127
S25,중계본동,163,신이문,127
S25,중계1동,164,신이문,127
S25,중계4동,165,신이문,127
S25,상계1동,166,신이문,127
S25,상계2동,167,신이문,127
S25,상계5동,168,신이문,127
S25,상계8동,169,신이문,127
S25,상계9동,170,신이문,127
S25,상계10동,171,신이문,127
S25,상계3·4동,172,신이문,127
S25,상계6·7동,173,신이문,127
S25,중계2·3동,174,신이문,127
S25,공릉1동,175,신이문,127
S25,녹번동,176,녹번,17
S25,불광1동,177,연신내,74
S25,갈현1동,178,연신내,74
S25,갈현2동,179,연신내,74
S25,구산동,180,연신내,74
S25,대조동,181,연신내,74
S25,응암1동,182,녹번,17
S25,응암2동,183,녹번,17
S25,신사1동,184,녹번,17
S25,신사2동,185,녹번,17
S25,증산동,186,녹번,17
S25,수색동,187,녹번,17
S25,진관동,188,연신내,74
S25,불광2동,189,연신내,74
S25,응암3동,190,녹번,17
S25,역촌동,191,연신내,74
S25,천연동,192,충정로,101
S25,홍제1동,193,녹번,17
S25,홍제3동,194,녹번,17
S25,홍제2동,195,녹번,17
S25,홍은1동,196,녹번,17
S25,홍은2동,197,녹번,17
S25,남가좌1동,198,녹번,17
S25,남가좌2동,199,녹번,17
S25,북가좌1동,200,녹번,17
S25,북가좌2동,201,녹번,17
S25,충현동,202,충정로,101
S25,북아현동,203,충정로,101
S25,신촌동,204,충정로,101
S25,연희동,205,녹번,17
S25,용강동,206,신용산,63
S25,대흥동,207,충정로,101
S25,염리동,208,신용산,63
S25,신수동,209,신용산,63
S25,서교동,210,충정로,101
S25,합정동,211,구로,113
S25,망원1동,212,구로,113
S25,망원2동,213,구로,113
S25,연남동,214,충정로,101
S25,성산1동,215,녹번,17
S25,성산2동,216,녹번,17
S25,상암동,217,구로,113
S25,도화동,218,신용산,63
S25,서강동,219,신용산,63
S25,공덕동,220,충정로,101
S25,아현동,221,충정로,101
S25,목1동,222,양천구청,72
S25,목2동,223,양천구청,72
S25,목3동,224,양천구청,72
S25,목4동,225,양천구청,72
S25,신월1동,226,양천구청,72
S25,신월2동,227,양천구청,72
S25,신월3동,228,양천구청,72
S25,신월4동,229,양천구청,72
S25,신월5동,230,양천구청,72
S25,신월6동,231,양천구청,72
S25,신월7동,232,양천구청,72
S25,신정1동,233,양천구청,72
S25,신정2동,234,양천구청,72
S25,신정3동,235,양천구청,72
S25,신정6동,236,양천구청,72
S25,신정7동,237,양천구청,72
S25,목5동,238,양천구청,72
S25,신정4동,239,양천구청,72
S25,염창동,240,양천구청,72
S25,등촌1동,241,양천구청,72
S25,등촌2동,242,양천구청,72
S25,등촌3동,243,양천구청,72
S25,화곡본동,244,양천구청,72
S25,화곡2동,245,양천구청,72
S25,화곡3동,246,양천구청,72
S25,화곡4동,247,양천구청,72
S25,화곡6동,248,양천구청,72
S25,화곡8동,249,양천구청,72
S25,가양2동,250,양천구청,72
S25,가양3동,251,양천구청,72
S25,발산1동,252,양천구청,72
S25,공항동,253,양천구청,72
S25,방화1동,254,양천구청,72
S25,방화2동,255,양천구청,72
S25,화곡1동,256,양천구청,72
S25,우장산동,257,양천구청,72
S25,가양1동,258,양천구청,72
S25,방화3동,259,양천구청,72
S25,신도림동,260,구로,113
S25,구로1동,261,구로,113
S25,구로3동,262,구로,113
S25,구로4동,263,구로,113
S25,구로5동,264,구로,113
S25,고척1동,265,구로,113
S25,고척2동,266,양천구청,72
S25,개봉2동,267,양천구청,72
S25,개봉3동,268,양천구청,72
S25,오류1동,269,양천구청,72
S25,수궁동,270,양천구청,72
S25,가리봉동,271,구로,113
S25,구로2동,272,구로,113
S25,개봉1동,273,양천구청,72
S25,오류2동,274,양천구청,72
S25,항동,275,양천구청,72
S25,가산동,276,구로,113
S25,독산1동,277,구로,113
S25,독산2동,278,구로,113
S25,독산3동,279,구로,113
S25,독산4동,280,구로,113
S25,시흥1동,281,구로,113
S25,시흥2동,282,구로,113
S25,시흥3동,283,구로,113
S25,시흥4동,284,구로,113
S25,시흥5동,285,구로,113
S25,여의동,286,구로,113
S25,당산1동,287,구로,113
S25,당산2동,288,구로,113
S25,양평1동,289,구로,113
S25,양평2동,290,구로,113
S25,신길1동,291,구로,113
S25,신길3동,292,구로,113
S25,신길4동,293,구로,113
S25,신길5동,294,구로,113
S25,신길6동,295,구로,113
S25,신길7동,296,구로,113
S25,대림1동,297,구로,113
S25,대림2동,298,구로,113
S25,대림3동,299,구로,113
S25,영등포본동,300,구로,113
S25,영등포동,301,구로,113
S25,도림동,302,구로,113
S25,문래동,303,구로,113
S25,노량진2동,304,신용산,63
S25,상도1동,305,총신대입구,99
S25,상도2동,306,신용산,63
S25,상도3동,307,구로,113
S25,상도4동,308,신용산,63
S25,사당1동,309,총신대입구,99
S25,사당3동,310,총신대입구,99
S25,사당4동,311,총신대입구,99
S25,사당5동,312,총신대입구,99
S25,대방동,313,구로,113
S25,신대방1동,314,구로,113
S25,신대방2동,315,구로,113
S25,흑석동,316,신용산,63
S25,노량진1동,317,신용산,63
S25,사당2동,318,총신대입구,99
S25,보라매동,319,구로,113
S25,청림동,320,총신대입구,99
S25,행운동,321,총신대입구,99
S25,낙성대동,322,총신대입구,99
S25,중앙동,323,총신대입구,99
S25,인헌동,324,총신대입구,99
S25,남현동,325,총신대입구,99
S25,서원동,326,구로,113
S25,신원동,327,구로,113
S25,서림동,328,총신대입구,99
S25,신사동,329,구로,113
S25,신림동,330,구로,113
S25,난향동,331,구로,113
S25,조원동,332,구로,113
S25,대학동,333,총신대입구,99
S25,은천동,334,총신대입구,99
S25,성현동,335,총신대입구,99
S25,청룡동,336,총신대입구,99
S25,난곡동,337,구로,113
S25,삼성동,338,구로,113
S25,미성동,339,구로,113
S25,서초1동,340,총신대입구,99
S25,서초2동,341,총신대입구,99
S25,서초3동,342,총신대입구,99
S25,서초4동,343,총신대입구,99
S25,잠원동,344,총신대입구,99
S25,반포본동,345,총신대입구,99
S25,반포1동,346,총신대입구,99
S25,반포2동,347,총신대입구,99
S25,반포3동,348,동대입구,27
S25,반포4동,349,총신대입구,99
S25,방배본동,350,총신대입구,99
S25,방배1동,351,총신대입구,99
S25,방배2동,352,총신대입구,99
S25,방배3동,353,총신대입구,99
S25,방배4동,354,총신대입구,99
S25,양재1동,355,총신대입구,99
S25,양재2동,356,수서,52
S25,내곡동,357,수서,52
S25,신사동,358,신답,56
S25,개포3동,359,수서,52
S25,논현1동,360,총신대입구,99
S25,논현2동,361,신답,56
S25,삼성1동,362,수서,52
S25,삼성2동,363,수서,52
S25,대치1동,364,수서,52
S25,대치4동,365,수서,52
S25,역삼1동,366,총신대입구,99
S25,역삼2동,367,수서,52
S25,도곡1동,368,수서,52
S25,도곡2동,369,수서,52
S25,개포1동,370,수서,52
S25,개포4동,371,수서,52
S25,일원본동,372,수서,52
S25,일원1동,373,수서,52
S25,수서동,374,수서,52
S25,세곡동,375,수서,52
S25,압구정동,376,신답,56
S25,청담동,377,구의,9
S25,대치2동,378,수서,52
S25,개포2동,379,수서,52
S25,풍납1동,380,구의,9
S25,풍납2동,381,수서,52
S25,거여1동,382,수서,52
S25,거여2동,383,수서,52
S25,마천1동,384,수서,52
S25,마천2동,385,수서,52
S25,방이1동,386,수서,52
S25,방이2동,387,수서,52
S25,오륜동,388,수서,52
S25,오금동,389,수서,52
S25,송파1동,390,수서,52
S25,송파2동,391,수서,52
S25,석촌동,392,수서,52
S25,삼전동,393,수서,52
S25,가락본동,394,수서,52
S25,가락1동,395,수서,52
S25,가락2동,396,수서,52
S25,문정1동,397,수서,52
S25,문정2동,398,수서,52
S25,잠실본동,399,수서,52
S25,잠실4동,400,수서,52
S25,잠실6동,401,수서,52
S25,잠실7동,402,수서,52
S25,잠실2동,403,구의,9
S25,잠실3동,404,수서,52
S25,장지동,405,수서,52
S25,위례동,406,수서,52
S25,명일1동,407,수서,52
S25,명일2동,408,수서,52
S25,고덕1동,409,구의,9
S25,고덕2동,410,구의,9
S25,암사2동,411,구의,9
S25,암사3동,412,구의,9
S25,천호1동,413,구의,9
S25,천호3동,414,구의,9
S25,성내1동,415,수서,52
S25,성내2동,416,구의,9
S25,성내3동,417,수서,52
S25,둔촌1동,418,수서,52
S25,둔촌2동,419,수서,52
S25,암사1동,420,구의,9
S25,천호2동,421,구의,9
S25,길동,422,수서,52
S25,강일동,423,수서,52
S25,상일1동,424,수서,52
S25,상일2동,425,수서,52
S29,사직동,0,동대입구,27
S29,삼청동,1,청량리,98
S29,부암동,2,녹번,17
S29,평창동,3,창동,97
S29,무악동,4,녹번,17
S29,교남동,5,녹번,17
S29,가회동,6,청량리,98
S29,종로1·2·3·4가동,7,동대입구,27
S29,종로5·6가동,8,청량리,98
S29,이화동,9,청량리,98
S29,창신1동,10,청량리,98
S29,창신2동,11,청량리,98
S29,창신3동,12,청량리,98
S29,숭인1동,13,청량리,98
S29,숭인2동,14,청량리,98
S29,청운효자동,15,동대입구,27
S29,혜화동,16,청량리,98
S29,소공동,17,동대입구,27
S29,회현동,18,동대입구,27
S29,명동,19,동대입구,27
S29,필동,20,동대입구,27
S29,장충동,21,총신대입구,99
S29,광희동,22,동대입구,27
S29,을지로동,23,동대입구,27
S29,신당5동,24,청량리,98
S29,황학동,25,청량리,98
S29,중림동,26,동대입구,27
S29,신당동,27,동대입구,27
S29,다산동,28,동대입구,27
S29,약수동,29,동대입구,27
S29,청구동,30,동대입구,27
S29,동화동,31,동대입구,27
S29,후암동,32,총신대입구,99
S29,용산2가동,33,총신대입구,99
S29,남영동,34,총신대입구,99
S29,원효로2동,35,구로,113
S29,효창동,36,구로,113
S29,용문동,37,총신대입구,99
S29,이촌1동,38,총신대입구,99
S29,이촌2동,39,총신대입구,99
S29,이태원1동,40,총신대입구,99
S29,이태원2동,41,총신대입구,99
S29,서빙고동,42,총신대입구,99
S29,보광동,43,총신대입구,99
S29,청파동,44,구로,113
S29,원효로1동,45,총신대입구,99
S29,한강로동,46,총신대입구,99
S29,한남동,47,총신대입구,99
S29,왕십리2동,48,청량리,98
S29,마장동,49,청량리,98
S29,사근동,50,청량리,98
S29,행당1동,51,청량리,98
S29,행당2동,52,청량리,98
S29,응봉동,53,청량리,98
S29,금호1가동,54,청량리,98
S29,금호4가동,55,구의,9
S29,성수1가1동,56,구의,9
S29,성수1가2동,57,구의,9
S29,성수2가1동,58,구의,9
S29,성수2가3동,59,구의,9
S29,송정동,60,구의,9
S29,용답동,61,청량리,98
S29,왕십리도선동,62,청량리,98
S29,금호2·3가동,63,동대입구,27
S29,옥수동,64,총신대입구,99
S29,화양동,65,구의,9
S29,군자동,66,구의,9
S29,중곡1동,67,구의,9
S29,중곡2동,68,구의,9
S29,중곡3동,69,구의,9
S29,중곡4동,70,구의,9
S29,능동,71,구의,9
S29,구의1동,72,구의,9
S29,구의2동,73,구의,9
S29,구의3동,74,구의,9
S29,광장동,75,구의,9
S29,자양1동,76,구의,9
S29,자양2동,77,구의,9
S29,자양3동,78,구의,9
S29,자양4동,79,구의,9
S29,회기동,80,청량리,98
S29,휘경1동,81,청량리,98
S29,휘경2동,82,청량리,98
S29,청량리동,83,청량리,98
S29,용신동,84,청량리,98
S29,제기동,85,청량리,98
S29,전농1동,86,청량리,98
S29,전농2동,87,청량리,98
S29,답십리2동,88,청량리,98
S29,장안1동,89,청량리,98
S29,장안2동,90,청량리,98
S29,이문1동,91,청량리,98
S29,이문2동,92,창동,97
S29,답십리1동,93,청량리,98
S29,면목2동,94,청량리,98
S29,면목4동,95,구의,9
S29,면목5동,96,청량리,98
S29,면목7동,97,구의,9
S29,상봉1동,98,창동,97
S29,상봉2동,99,청량리,98
S29,중화1동,100,창동,97
S29,중화2동,101,청량리,98
S29,묵1동,102,창동,97
S29,묵2동,103,창동,97
S29,망우3동,104,구의,9
S29,신내1동,105,창동,97
S29,신내2동,106,창동,97
S29,면목본동,107,청량리,98
S29,면목3·8동,108,구의,9
S29,망우본동,109,창동,97
S29,돈암1동,110,청량리,98
S29,돈암2동,111,청량리,98
S29,안암동,112,청량리,98
S29,보문동,113,청량리,98
S29,정릉1동,114,창동,97
S29,정릉2동,115,창동,97
S29,정릉3동,116,창동,97
S29,정릉4동,117,창동,97
S29,길음1동,118,창동,97
S29,길음2동,119,창동,97
S29,월곡1동,120,창동,97
S29,월곡2동,121,청량리,98
S29,장위1동,122,창동,97
S29,장위2동,123,창동,97
S29,장위3동,124,창동,97
S29,성북동,125,청량리,98
S29,삼선동,126,청량리,98
S29,동선동,127,청량리,98
S29,종암동,128,청량리,98
S29,석관동,129,창동,97
S29,번1동,130,창동,97
S29,번2동,131,창동,97
S29,번3동,132,창동,97
S29,수유1동,133,창동,97
S29,수유2동,134,창동,97
S29,수유3동,135,창동,97
S29,삼양동,136,창동,97
S29,미아동,137,창동,97
S29,송중동,138,창동,97
S29,송천동,139,창동,97
S29,삼각산동,140,창동,97
S29,우이동,141,창동,97
S29,인수동,142,창동,97
S29,쌍문1동,143,창동,97
S29,쌍문2동,144,창동,97
S29,쌍문3동,145,창동,97
S29,쌍문4동,146,창동,97
S29,방학1동,147,창동,97
S29,방학2동,148,창동,97
S29,방학3동,149,창동,97
S29,창1동,150,창동,97
S29,창2동,151,창동,97
S29,창3동,152,창동,97
S29,창4동,153,창동,97
S29,창5동,154,창동,97
S29,도봉1동,155,창동,97
S29,도봉2동,156,창동,97
S29,월계1동,157,창동,97
S29,월계2동,158,창동,97
S29,월계3동,159,창동,97
S29,공릉2동,160,창동,97
S29,하계1동,161,창동,97
S29,하계2동,162,창동,97
S29,중계본동,163,창동,97
S29,중계1동,164,창동,97
S29,중계4동,165,창동,97
S29,상계1동,166,창동,97
S29,상계2동,167,창동,97
S29,상계5동,168,창동,97
S29,상계8동,169,창동,97
S29,상계9동,170,창동,97
S29,상계10동,171,창동,97
S29,상계3·4동,172,창동,97
S29,상계6·7동,173,창동,97
S29,중계2·3동,174,창동,97
S29,공릉1동,175,창동,97
S29,녹번동,176,녹번,17
S29,불광1동,177,녹번,17
S29,갈현1동,178,녹번,17
S29,갈현2동,179,녹번,17
S29,구산동,180,녹번,17
S29,대조동,181,녹번,17
S29,응암1동,182,녹번,17
S29,응암2동,183,녹번,17
S29,신사1동,184,녹번,17
S29,신사2동,185,녹번,17
S29,증산동,186,녹번,17
S29,수색동,187,녹번,17
S29,진관동,188,녹번,17
S29,불광2동,189,녹번,17
S29,응암3동,190,녹번,17
S29,역촌동,191,녹번,17
S29,천연동,192,녹번,17
S29,홍제1동,193,녹번,17
S29,홍제3동,194,녹번,17
S29,홍제2동,195,녹번,17
S29,홍은1동,196,녹번,17
S29,홍은2동,197,녹번,17
S29,남가좌1동,198,구로,113
S29,남가좌2동,199,녹번,17
S29,북가좌1동,200,구로,113
S29,북가좌2동,201,녹번,17
S29,충현동,202,구로,113
S29,북아현동,203,구로,113
S29,신촌동,204,구로,113
S29,연희동,205,녹번,17
S29,용강동,206,구로,113
S29,대흥동,207,구로,113
S29,염리동,208,구로,113
S29,신수동,209,구로,113
S29,서교동,210,구로,113
S29,합정동,211,구로,113
S29,망원1동,212,구로,113
S29,망원2동,213,구로,113
S29,연남동,214,구로,113
S29,성산1동,215,구로,113
S29,성산2동,216,구로,113
S29,상암동,217,구로,113
S29,도화동,218,구로,113
S29,서강동,219,구로,113
S29,공덕동,220,구로,113
S29,아현동,221,구로,113
S29,목1동,222,양천구청,72
S29,목2동,223,양천구청,72
S29,목3동,224,양천구청,72
S29,목4동,225,양천구청,72
S29,신월1동,226,양천구청,72
S29,신월2동,227,양천구청,72
S29,신월3동,228,양천구청,72
S29,신월4동,229,양천구청,72
S29,신월5동,230,양천구청,72
S29,신월6동,231,양천구청,72
S29,신월7동,232,양천구청,72
S29,신정1동,233,양천구청,72
S29,신정2동,234,양천구청,72
S29,신정3동,235,양천구청,72
S29,신정6동,236,양천구청,72
S29,신정7동,237,양천구청,72
S29,목5동,238,양천구청,72
S29,신정4동,239,양천구청,72
S29,염창동,240,양천구청,72
S29,등촌1동,241,양천구청,72
S29,등촌2동,242,양천구청,72
S29,등촌3동,243,양천구청,72
S29,화곡본동,244,양천구청,72
S29,화곡2동,245,양천구청,72
S29,화곡3동,246,양천구청,72
S29,화곡4동,247,양천구청,72
S29,화곡6동,248,양천구청,72
S29,화곡8동,249,양천구청,72
S29,가양2동,250,양천구청,72
S29,가양3동,251,양천구청,72
S29,발산1동,252,양천구청,72
S29,공항동,253,양천구청,72
S29,방화1동,254,양천구청,72
S29,방화2동,255,양천구청,72
S29,화곡1동,256,양천구청,72
S29,우장산동,257,양천구청,72
S29,가양1동,258,양천구청,72
S29,방화3동,259,양천구청,72
S29,신도림동,260,구로,113
S29,구로1동,261,구로,113
S29,구로3동,262,구로,113
S29,구로4동,263,구로,113
S29,구로5동,264,구로,113
S29,고척1동,265,구로,113
S29,고척2동,266,양천구청,72
S29,개봉2동,267,양천구청,72
S29,개봉3동,268,양천구청,72
S29,오류1동,269,양천구청,72
S29,수궁동,270,양천구청,72
S29,가리봉동,271,구로,113
S29,구로2동,272,구로,113
S29,개봉1동,273,양천구청,72
S29,오류2동,274,양천구청,72
S29,항동,275,양천구청,72
S29,가산동,276,구로,113
S29,독산1동,277,구로,113
S29,독산2동,278,구로,113
S29,독산3동,279,구로,113
S29,독산4동,280,구로,113
S29,시흥1동,281,구로,113
S29,시흥2동,282,구로,113
S29,시흥3동,283,구로,113
S29,시흥4동,284,구로,113
S29,시흥5동,285,구로,113
S29,여의동,286,구로,113
S29,당산1동,287,구로,113
S29,당산2동,288,구로,113
S29,양평1동,289,구로,113
S29,양평2동,290,구로,113
S29,신길1동,291,구로,113
S29,신길3동,292,구로,113
S29,신길4동,293,구로,113
S29,신길5동,294,구로,113
S29,신길6동,295,구로,113
S29,신길7동,296,구로,113
S29,대림1동,297,구로,113
S29,대림2동,298,구로,113
S29,대림3동,299,구로,113
S29,영등포본동,300,구로,113
S29,영등포동,301,구로,113
S29,도림동,302,구로,113
S29,문래동,303,구로,113
S29,노량진2동,304,구로,113
S29,상도1동,305,총신대입구,99
S29,상도2동,306,총신대입구,99
S29,상도3동,307,구로,113
S29,상도4동,308,총신대입구,99
S29,사당1동,309,총신대입구,99
S29,사당3동,310,총신대입구,99
S29,사당4동,311,총신대입구,99
S29,사당5동,312,총신대입구,99
S29,대방동,313,구로,113
S29,신대방1동,314,구로,113
S29,신대방2동,315,구로,113
S29,흑석동,316,총신대입구,99
S29,노량진1동,317,총신대입구,99
S29,사당2동,318,총신대입구,99
S29,보라매동,319,구로,113
S29,청림동,320,총신대입구,99
S29,행운동,321,총신대입구,99
S29,낙성대동,322,총신대입구,99
S29,중앙동,323,총신대입구,99
S29,인헌동,324,총신대입구,99
S29,남현동,325,총신대입구,99
S29,서원동,326,총신대입구,99
S29,신원동,327,구로,113
S29,서림동,328,총신대입구,99
S29,신사동,329,구로,113
S29,신림동,330,구로,113
S29,난향동,331,구로,113
S29,조원동,332,구로,113
S29,대학동,333,총신대입구,99
S29,은천동,334,총신대입구,99
S29,성현동,335,총신대입구,99
S29,청룡동,336,총신대입구,99
S29,난곡동,337,구로,113
S29,삼성동,338,총신대입구,99
S29,미성동,339,구로,113
S29,서초1동,340,도곡,22
S29,서초2동,341,도곡,22
S29,서초3동,342,총신대입구,99
S29,서초4동,343,총신대입구,99
S29,잠원동,344,총신대입구,99
S29,반포본동,345,총신대입구,99
S29,반포1동,346,총신대입구,99
S29,반포2동,347,총신대입구,99
S29,반포3동,348,총신대입구,99
S29,반포4동,349,총신대입구,99
S29,방배본동,350,총신대입구,99
S29,방배1동,351,총신대입구,99
S29,방배2동,352,총신대입구,99
S29,방배3동,353,총신대입구,99
S29,방배4동,354,총신대입구,99
S29,양재1동,355,도곡,22
S29,양재2동,356,도곡,22
S29,내곡동,357,수서,52
S29,신사동,358,도곡,22
S29,개포3동,359,도곡,22
S29,논현1동,360,도곡,22
S29,논현2동,361,도곡,22
S29,삼성1동,362,도곡,22
S29,삼성2동,363,도곡,22
S29,대치1동,364,도곡,22
S29,대치4동,365,도곡,22
S29,역삼1동,366,도곡,22
S29,역삼2동,367,도곡,22
S29,도곡1동,368,도곡,22
S29,도곡2동,369,도곡,22
S29,개포1동,370,도곡,22
S29,개포4동,371,도곡,22
S29,일원본동,372,수서,52
S29,일원1동,373,수서,52
S29,수서동,374,수서,52
S29,세곡동,375,수서,52
S29,압구정동,376,도곡,22
S29,청담동,377,도곡,22
S29,대치2동,378,도곡,22
S29,개포2동,379,도곡,22
S29,풍납1동,380,구의,9
S29,풍납2동,381,수서,52
S29,거여1동,382,수서,52
S29,거여2동,383,수서,52
S29,마천1동,384,수서,52
S29,마천2동,385,수서,52
S29,방이1동,386,수서,52
S29,방이2동,387,수서,52
S29,오륜동,388,수서,52
S29,오금동,389,수서,52
S29,송파1동,390,수서,52
S29,송파2동,391,수서,52
S29,석촌동,392,수서,52
S29,삼전동,393,수서,52
S29,가락본동,394,수서,52
S29,가락1동,395,수서,52
S29,가락2동,396,수서,52
S29,문정1동,397,수서,52
S29,문정2동,398,수서,52
S29,잠실본동,399,수서,52
S29,잠실4동,400,수서,52
S29,잠실6동,401,수서,52
S29,잠실7동,402,도곡,22
S29,잠실2동,403,구의,9
S29,잠실3동,404,수서,52
S29,장지동,405,수서,52
S29,위례동,406,수서,52
S29,명일1동,407,구의,9
S29,명일2동,408,구의,9
S29,고덕1동,409,구의,9
S29,고덕2동,410,구의,9
S29,암사2동,411,구의,9
S29,암사3동,412,구의,9
S29,천호1동,413,구의,9
S29,천호3동,414,구의,9
S29,성내1동,415,수서,52
S29,성내2동,416,구의,9
S29,성내3동,417,수서,52
S29,둔촌1동,418,수서,52
S29,둔촌2동,419,수서,52
S29,암사1동,420,구의,9
S29,천호2동,421,구의,9
S29,길동,422,수서,52
S29,강일동,423,구의,9
S29,상일1동,424,수서,52
S29,상일2동,425,수서,52
S31,사직동,0,종각,92
S31,삼청동,1,종각,92
S31,부암동,2,종각,92
S31,평창동,3,신이문,127
S31,무악동,4,종각,92
S31,교남동,5,종각,92
S31,가회동,6,종각,92
S31,종로1·2·3·4가동,7,종각,92
S31,종로5·6가동,8,신이문,127
S31,이화동,9,신이문,127
S31,창신1동,10,신이문,127
S31,창신2동,11,신이문,127
S31,창신3동,12,신이문,127
S31,숭인1동,13,신이문,127
S31,숭인2동,14,신이문,127
S31,청운효자동,15,종각,92
S31,혜화동,16,신이문,127
S31,소공동,17,종각,92
S31,회현동,18,종각,92
S31,명동,19,종각,92
S31,필동,20,종각,92
S31,장충동,21,종각,92
S31,광희동,22,종각,92
S31,을지로동,23,종각,92
S31,신당5동,24,용두,80
S31,황학동,25,용두,80
S31,중림동,26,충정로,101
S31,신당동,27,용두,80
S31,다산동,28,용두,80
S31,약수동,29,용두,80
S31,청구동,30,용두,80
S31,동화동,31,용두,80
S31,후암동,32,충정로,101
S31,용산2가동,33,종각,92
S31,남영동,34,충정로,101
S31,원효로2동,35,대방,119
S31,효창동,36,대방,119
S31,용문동,37,대방,119
S31,이촌1동,38,대방,119
S31,이촌2동,39,대방,119
S31,이태원1동,40,대방,119
S31,이태원2동,41,종각,92
S31,서빙고동,42,대방,119
S31,보광동,43,대방,119
S31,청파동,44,충정로,101
S31,원효로1동,45,대방,119
S31,한강로동,46,대방,119
S31,한남동,47,용두,80
S31,왕십리2동,48,용두,80
S31,마장동,49,용답,79
S31,사근동,50,용답,79
S31,행당1동,51,용답,79
S31,행당2동,52,용두,80
S31,응봉동,53,용답,79
S31,금호1가동,54,용두,80
S31,금호4가동,55,용답,79
S31,성수1가1동,56,용답,79
S31,성수1가2동,57,용답,79
S31,성수2가1동,58,용답,79
S31,성수2가3동,59,용답,79
S31,송정동,60,용답,79
S31,용답동,61,용답,79
S31,왕십리도선동,62,용두,80
S31,금호2·3가동,63,용두,80
S31,옥수동,64,용답,79
S31,화양동,65,용답,79
S31,군자동,66,용답,79
S31,중곡1동,67,신이문,127
S31,중곡2동,68,신이문,127
S31,중곡3동,69,신이문,127
S31,중곡4동,70,신이문,127
S31,능동,71,용답,79
S31,구의1동,72,용답,79
S31,구의2동,73,신이문,127
S31,구의3동,74,용답,79
S31,광장동,75,용답,79
S31,자양1동,76,용답,79
S31,자양2동,77,용답,79
S31,자양3동,78,용답,79
S31,자양4동,79,용답,79
S31,회기동,80,신이문,127
S31,휘경1동,81,신이문,127
S31,휘경2동,82,신이문,127
S31,청량리동,83,신이문,127
S31,용신동,84,신이문,127
S31,제기동,85,신이문,127
S31,전농1동,86,신이문,127
S31,전농2동,87,신이문,127
S31,답십리2동,88,용답,79
S31,장안1동,89,신이문,127
S31,장안2동,90,신이문,127
S31,이문1동,91,신이문,127
S31,이문2동,92,신이문,127
S31,답십리1동,93,용답,79
S31,면목2동,94,신이문,127
S31,면목4동,95,신이문,127
S31,면목5동,96,신이문,127
S31,면목7동,97,신이문,127
S31,상봉1동,98,신이문,127
S31,상봉2동,99,신이문,127
S31,중화1동,100,신이문,127
S31,중화2동,101,신이문,127
S31,묵1동,102,신이문,127
S31,묵2동,103,신이문,127
S31,망우3동,104,신이문,127
S31,신내1동,105,신이문,127
S31,신내2동,106,신이문,127
S31,면목본동,107,신이문,127
S31,면목3·8동,108,신이문,127
S31,망우본동,109,신이문,127
S31,돈암1동,110,신이문,127
S31,돈암2동,111,신이문,127
S31,안암동,112,신이문,127
S31,보문동,113,신이문,127
S31,정릉1동,114,신이문,127
S31,정릉2동,115,신이문,127
S31,정릉3동,116,신이문,127
S31,정릉4동,117,창동,97
S31,길음1동,118,신이문,127
S31,길음2동,119,신이문,127
S31,월곡1동,120,신이문,127
S31,월곡2동,121,신이문,127
S31,장위1동,122,신이문,127
S31,장위2동,123,신이문,127
S31,장위3동,124,신이문,127
S31,성북동,125,신이문,127
S31,삼선동,126,신이문,127
S31,동선동,127,신이문,127
S31,종암동,128,신이문,127
S31,석관동,129,신이문,127
S31,번1동,130,창동,97
S31,번2동,131,창동,97
S31,번3동,132,신이문,127
S31,수유1동,133,창동,97
S31,수유2동,134,창동,97
S31,수유3동,135,창동,97
S31,삼양동,136,창동,97
S31,미아동,137,창동,97
S31,송중동,138,신이문,127
S31,송천동,139,신이문,127
S31,삼각산동,140,창동,97
S31,우이동,141,창동,97
S31,인수동,142,창동,97
S31,쌍문1동,143,창동,97
S31,쌍문2동,144,창동,97
S31,쌍문3동,145,창동,97
S31,쌍문4동,146,창동,97
S31,방학1동,147,창동,97
S31,방학2동,148,창동,97
S31,방학3동,149,창동,97
S31,창1동,150,창동,97
S31,창2동,151,창동,97
S31,창3동,152,창동,97
S31,창4동,153,창동,97
S31,창5동,154,창동,97
S31,도봉1동,155,창동,97
S31,도봉2동,156,창동,97
S31,월계1동,157,신이문,127
S31,월계2동,158,창동,97
S31,월계3동,159,신이문,127
S31,공릉2동,160,신이문,127
S31,하계1동,161,창동,97
S31,하계2동,162,창동,97
S31,중계본동,163,창동,97
S31,중계1동,164,창동,97
S31,중계4동,165,창동,97
S31,상계1동,166,창동,97
S31,상계2동,167,창동,97
S31,상계5동,168,창동,97
S31,상계8동,169,창동,97
S31,상계9동,170,창동,97
S31,상계10동,171,창동,97
S31,상계3·4동,172,창동,97
S31,상계6·7동,173,창동,97
S31,중계2·3동,174,창동,97
S31,공릉1동,175,신이문,127
S31,녹번동,176,불광,39
S31,불광1동,177,불광,39
S31,갈현1동,178,불광,39
S31,갈현2동,179,불광,39
S31,구산동,180,불광,39
S31,대조동,181,불광,39
S31,응암1동,182,불광,39
S31,응암2동,183,구로,113
S31,신사1동,184,불광,39
S31,신사2동,185,구로,113
S31,증산동,186,구로,113
S31,수색동,187,구로,113
S31,진관동,188,불광,39
S31,불광2동,189,불광,39
S31,응암3동,190,구로,113
S31,역촌동,191,불광,39
S31,천연동,192,종각,92
S31,홍제1동,193,종각,92
S31,홍제3동,194,종각,92
S31,홍제2동,195,종각,92
S31,홍은1동,196,종각,92
S31,홍은2동,197,충정로,101
S31,남가좌1동,198,구로,113
S31,남가좌2동,199,구로,113
S31,북가좌1동,200,구로,113
S31,북가좌2동,201,구로,113
S31,충현동,202,충정로,101
S31,북아현동,203,충정로,101
S31,신촌동,204,충정로,101
S31,연희동,205,구로,113
S31,용강동,206,구로,113
S31,대흥동,207,충정로,101
S31,염리동,208,충정로,101
S31,신수동,209,구로,113
S31,서교동,210,구로,113
S31,합정동,211,구로,113
S31,망원1동,212,구로,113
S31,망원2동,213,구로,113
S31,연남동,214,구로,113
S31,성산1동,215,구로,113
S31,성산2동,216,구로,113
S31,상암동,217,구로,113
S31,도화동,218,구로,113
S31,서강동,219,구로,113
S31,공덕동,220,충정로,101
S31,아현동,221,충정로,101
S31,목1동,222,양천구청,72
S31,목2동,223,양천구청,72
S31,목3동,224,양천구청,72
S31,목4동,225,양천구청,72
S31,신월1동,226,양천구청,72
S31,신월2동,227,양천구청,72
S31,신월3동,228,양천구청,72
S31,신월4동,229,양천구청,72
S31,신월5동,230,양천구청,72
S31,신월6동,231,양천구청,72
S31,신월7동,232,양천구청,72
S31,신정1동,233,양천구청,72
S31,신정2동,234,양천구청,72
S31,신정3동,235,양천구청,72
S31,신정6동,236,양천구청,72
S31,신정7동,237,양천구청,72
S31,목5동,238,양천구청,72
S31,신정4동,239,양천구청,72
S31,염창동,240,양천구청,72
S31,등촌1동,241,양천구청,72
S31,등촌2동,242,양천구청,72
S31,등촌3동,243,양천구청,72
S31,화곡본동,244,양천구청,72
S31,화곡2동,245,양천구청,72
S31,화곡3동,246,양천구청,72
S31,화곡4동,247,양천구청,72
S31,화곡6동,248,양천구청,72
S31,화곡8동,249,양천구청,72
S31,가양2동,250,양천구청,72
S31,가양3동,251,양천구청,72
S31,발산1동,252,양천구청,72
S31,공항동,253,양천구청,72
S31,방화1동,254,양천구청,72
S31,방화2동,255,양천구청,72
S31,화곡1동,256,양천구청,72
S31,우장산동,257,양천구청,72
S31,가양1동,258,양천구청,72
S31,방화3동,259,양천구청,72
S31,신도림동,260,구로,113
S31,구로1동,261,구로,113
S31,구로3동,262,구로,113
S31,구로4동,263,구로,113
S31,구로5동,264,구로,113
S31,고척1동,265,구로,113
S31,고척2동,266,양천구청,72
S31,개봉2동,267,구로,113
S31,개봉3동,268,구로,113
S31,오류1동,269,양천구청,72
S31,수궁동,270,양천구청,72
S31,가리봉동,271,구로,113
S31,구로2동,272,구로,113
S31,개봉1동,273,양천구청,72
S31,오류2동,274,양천구청,72
S31,항동,275,양천구청,72
S31,가산동,276,구로,113
S31,독산1동,277,구로,113
S31,독산2동,278,구로,113
S31,독산3동,279,구로,113
S31,독산4동,280,구로,113
S31,시흥1동,281,구로,113
S31,시흥2동,282,구로,113
S31,시흥3동,283,구로,113
S31,시흥4동,284,구로,113
S31,시흥5동,285,구로,113
S31,여의동,286,구로,113
S31,당산1동,287,구로,113
S31,당산2동,288,구로,113
S31,양평1동,289,구로,113
S31,양평2동,290,구로,113
S31,신길1동,291,구로,113
S31,신길3동,292,구로,113
S31,신길4동,293,구로,113
S31,신길5동,294,구로,113
S31,신길6동,295,구로,113
S31,신길7동,296,구로,113
S31,대림1동,297,구로,113
S31,대림2동,298,구로,113
S31,대림3동,299,구로,113
S31,영등포본동,300,구로,113
S31,영등포동,301,구로,113
S31,도림동,302,구로,113
S31,문래동,303,구로,113
S31,노량진2동,304,구로,113
S31,상도1동,305,대방,119
S31,상도2동,306,구로,113
S31,상도3동,307,구로,113
S31,상도4동,308,구로,113
S31,사당1동,309,총신대입구,99
S31,사당3동,310,총신대입구,99
S31,사당4동,311,총신대입구,99
S31,사당5동,312,총신대입구,99
S31,대방동,313,대방,119
S31,신대방1동,314,구로,113
S31,신대방2동,315,구로,113
S31,흑석동,316,대방,119
S31,노량진1동,317,대방,119
S31,사당2동,318,총신대입구,99
S31,보라매동,319,구로,113
S31,청림동,320,대방,119
S31,행운동,321,구로,113
S31,낙성대동,322,구로,113
S31,중앙동,323,구로,113
S31,인헌동,324,총신대입구,99
S31,남현동,325,구로,113
S31,서원동,326,구로,113
S31,신원동,327,구로,113
S31,서림동,328,구로,113
S31,신사동,329,구로,113
S31,신림동,330,구로,113
S31,난향동,331,구로,113
S31,조원동,332,구로,113
S31,대학동,333,구로,113
S31,은천동,334,구로,113
S31,성현동,335,구로,113
S31,청룡동,336,구로,113
S31,난곡동,337,구로,113
S31,삼성동,338,구로,113
S31,미성동,339,구로,113
S31,서초1동,340,총신대입구,99
S31,서초2동,341,총신대입구,99
S31,서초3동,342,총신대입구,99
S31,서초4동,343,총신대입구,99
S31,잠원동,344,용답,79
S31,반포본동,345,총신대입구,99
S31,반포1동,346,총신대입구,99
S31,반포2동,347,총신대입구,99
S31,반포3동,348,용답,79
S31,반포4동,349,총신대입구,99
S31,방배본동,350,총신대입구,99
S31,방배1동,351,총신대입구,99
S31,방배2동,352,총신대입구,99
S31,방배3동,353,총신대입구,99
S31,방배4동,354,총신대입구,99
S31,양재1동,355,도곡,22
S31,양재2동,356,수서,52
S31,내곡동,357,수서,52
S31,신사동,358,용답,79
S31,개포3동,359,수서,52
S31,논현1동,360,용답,79
S31,논현2동,361,용답,79
S31,삼성1동,362,용답,79
S31,삼성2동,363,용답,79
S31,대치1동,364,도곡,22
S31,대치4동,365,도곡,22
S31,역삼1동,366,도곡,22
S31,역삼2동,367,도곡,22
S31,도곡1동,368,도곡,22
S31,도곡2동,369,도곡,22
S31,개포1동,370,수서,52
S31,개포4동,371,수서,52
S31,일원본동,372,수서,52
S31,일원1동,373,수서,52
S31,수서동,374,수서,52
S31,세곡동,375,수서,52
S31,압구정동,376,용답,79
S31,청담동,377,용답,79
S31,대치2동,378,수서,52
S31,개포2동,379,수서,52
S31,풍납1동,380,용답,79
S31,풍납2동,381,용답,79
S31,거여1동,382,수서,52
S31,거여2동,383,수서,52
S31,마천1동,384,수서,52
S31,마천2동,385,수서,52
S31,방이1동,386,수서,52
S31,방이2동,387,수서,52
S31,오륜동,388,수서,52
S31,오금동,389,수서,52
S31,송파1동,390,수서,52
S31,송파2동,391,수서,52
S31,석촌동,392,수서,52
S31,삼전동,393,수서,52
S31,가락본동,394,수서,52
S31,가락1동,395,수서,52
S31,가락2동,396,수서,52
S31,문정1동,397,수서,52
S31,문정2동,398,수서,52
S31,잠실본동,399,수서,52
S31,잠실4동,400,수서,52
S31,잠실6동,401,수서,52
S31,잠실7동,402,수서,52
S31,잠실2동,403,용답,79
S31,잠실3동,404,수서,52
S31,장지동,405,수서,52
S31,위례동,406,수서,52
S31,명일1동,407,용답,79
S31,명일2동,408,용답,79
S31,고덕1동,409,용답,79
S31,고덕2동,410,용답,79
S31,암사2동,411,용답,79
S31,암사3동,412,용답,79
S31,천호1동,413,용답,79
S31,천호3동,414,용답,79
S31,성내1동,415,용답,79
S31,성내2동,416,용답,79
S31,성내3동,417,용답,79
S31,둔촌1동,418,수서,52
S31,둔촌2동,419,수서,52
S31,암사1동,420,용답,79
S31,천호2동,421,용답,79
S31,길동,422,용답,79
S31,강일동,423,용답,79
S31,상일1동,424,용답,79
S31,상일2동,425,용답,79
S33,사직동,0,충무로,100
S33,삼청동,1,충무로,100
S33,부암동,2,충무로,100
S33,평창동,3,녹번,17
S33,무악동,4,충무로,100
S33,교남동,5,충무로,100
S33,가회동,6,충무로,100
S33,종로1·2·3·4가동,7,충무로,100
S33,종로5·6가동,8,충무로,100
S33,이화동,9,충무로,100
S33,창신1동,10,충무로,100
S33,창신2동,11,충무로,100
S33,창신3동,12,충무로,100
S33,숭인1동,13,충무로,100
S33,숭인2동,14,충무로,100
S33,청운효자동,15,충무로,100
S33,혜화동,16,충무로,100
S33,소공동,17,충무로,100
S33,회현동,18,충무로,100
S33,명동,19,충무로,100
S33,필동,20,충무로,100
S33,장충동,21,충무로,100
S33,광희동,22,충무로,100
S33,을지로동,23,충무로,100
S33,신당5동,24,동대입구,27
S33,황학동,25,동대입구,27
S33,중림동,26,충무로,100
S33,신당동,27,동대입구,27
S33,다산동,28,동대입구,27
S33,약수동,29,동대입구,27
S33,청구동,30,동대입구,27
S33,동화동,31,동대입구,27
S33,후암동,32,충무로,100
S33,용산2가동,33,충무로,100
S33,남영동,34,충무로,100
S33,원효로2동,35,구로,113
S33,효창동,36,충무로,100
S33,용문동,37,충무로,100
S33,이촌1동,38,총신대입구,99
S33,이촌2동,39,총신대입구,99
S33,이태원1동,40,충무로,100
S33,이태원2동,41,동대입구,27
S33,서빙고동,42,총신대입구,99
S33,보광동,43,충무로,100
S33,청파동,44,충무로,100
S33,원효로1동,45,충무로,100
S33,한강로동,46,충무로,100
S33,한남동,47,충무로,100
S33,왕십리2동,48,충무로,100
S33,마장동,49,신이문,127
S33,사근동,50,신이문,127
S33,행당1동,51,동대입구,27
S33,행당2동,52,동대입구,27
S33,응봉동,53,동대입구,27
S33,금호1가동,54,동대입구,27
S33,금호4가동,55,동대입구,27
S33,성수1가1동,56,구의,9
S33,성수1가2동,57,구의,9
S33,성수2가1동,58,구의,9
S33,성수2가3동,59,구의,9
S33,송정동,60,신이문,127
S33,용답동,61,신이문,127
S33,왕십리도선동,62,신이문,127
S33,금호2·3가동,63,동대입구,27
S33,옥수동,64,동대입구,27
S33,화양동,65,구의,9
S33,군자동,66,구의,9
S33,중곡1동,67,신이문,127
S33,중곡2동,68,구의,9
S33,중곡3동,69,신이문,127
S33,중곡4동,70,구의,9
S33,능동,71,구의,9
S33,구의1동,72,구의,9
S33,구의2동,73,구의,9
S33,구의3동,74,구의,9
S33,광장동,75,구의,9
S33,자양1동,76,구의,9
S33,자양2동,77,구의,9
S33,자양3동,78,구의,9
S33,자양4동,79,구의,9
S33,회기동,80,신이문,127
S33,휘경1동,81,신이문,127
S33,휘경2동,82,신이문,127
S33,청량리동,83,신이문,127
S33,용신동,84,신이문,127
S33,제기동,85,신이문,127
S33,전농1동,86,신이문,127
S33,전농2동,87,신이문,127
S33,답십리2동,88,신이문,127
S33,장안1동,89,신이문,127
S33,장안2동,90,신이문,127
S33,이문1동,91,신이문,127
S33,이문2동,92,신이문,127
S33,답십리1동,93,신이문,127
S33,면목2동,94,신이문,127
S33,면목4동,95,신이문,127
S33,면목5동,96,신이문,127
S33,면목7동,97,신이문,127
S33,상봉1동,98,신이문,127
S33,상봉2동,99,신이문,127
S33,중화1동,100,신이문,127
S33,중화2동,101,신이문,127
S33,묵1동,102,신이문,127
S33,묵2동,103,신이문,127
S33,망우3동,104,신이문,127
S33,신내1동,105,신이문,127
S33,신내2동,106,신이문,127
S33,면목본동,107,신이문,127
S33,면목3·8동,108,신이문,127
S33,망우본동,109,신이문,127
S33,돈암1동,110,신이문,127
S33,돈암2동,111,신이문,127
S33,안암동,112,신이문,127
S33,보문동,113,신이문,127
S33,정릉1동,114,신이문,127
S33,정릉2동,115,신이문,127
S33,정릉3동,116,신이문,127
S33,정릉4동,117,창동,97
S33,길음1동,118,신이문,127
S33,길음2동,119,신이문,127
S33,월곡1동,120,신이문,127
S33,월곡2동,121,신이문,127
S33,장위1동,122,신이문,127
S33,장위2동,123,신이문,127
S33,장위3동,124,신이문,127
S33,성북동,125,충무로,100
S33,삼선동,126,신이문,127
S33,동선동,127,신이문,127
S33,종암동,128,신이문,127
S33,석관동,129,신이문,127
S33,번1동,130,창동,97
S33,번2동,131,창동,97
S33,번3동,132,신이문,127
S33,수유1동,133,창동,97
S33,수유2동,134,창동,97
S33,수유3동,135,창동,97
S33,삼양동,136,창동,97
S33,미아동,137,창동,97
S33,송중동,138,신이문,127
S33,송천동,139,신이문,127
S33,삼각산동,140,창동,97
S33,우이동,141,창동,97
S33,인수동,142,창동,97
S33,쌍문1동,143,창동,97
S33,쌍문2동,144,창동,97
S33,쌍문3동,145,창동,97
S33,쌍문4동,146,창동,97
S33,방학1동,147,창동,97
S33,방학2동,148,창동,97
S33,방학3동,149,창동,97
S33,창1동,150,창동,97
S33,창2동,151,창동,97
S33,창3동,152,창동,97
S33,창4동,153,창동,97
S33,창5동,154,창동,97
S33,도봉1동,155,창동,97
S33,도봉2동,156,창동,97
S33,월계1동,157,신이문,127
S33,월계2동,158,창동,97
S33,월계3동,159,신이문,127
S33,공릉2동,160,신이문,127
S33,하계1동,161,창동,97
S33,하계2동,162,창동,97
S33,중계본동,163,창동,97
S33,중계1동,164,창동,97
S33,중계4동,165,창동,97
S33,상계1동,166,창동,97
S33,상계2동,167,창동,97
S33,상계5동,168,창동,97
S33,상계8동,169,창동,97
S33,상계9동,170,창동,97
S33,상계10동,171,창동,97
S33,상계3·4동,172,창동,97
S33,상계6·7동,173,창동,97
S33,중계2·3동,174,창동,97
S33,공릉1동,175,신이문,127
S33,녹번동,176,녹번,17
S33,불광1동,177,녹번,17
S33,갈현1동,178,녹번,17
S33,갈현2동,179,녹번,17
S33,구산동,180,녹번,17
S33,대조동,181,녹번,17
S33,응암1동,182,녹번,17
S33,응암2동,183,녹번,17
S33,신사1동,184,녹번,17
S33,신사2동,185,녹번,17
S33,증산동,186,녹번,17
S33,수색동,187,녹번,17
S33,진관동,188,녹번,17
S33,불광2동,189,녹번,17
S33,응암3동,190,녹번,17
S33,역촌동,191,녹번,17
S33,천연동,192,충무로,100
S33,홍제1동,193,녹번,17
S33,홍제3동,194,녹번,17
S33,홍제2동,195,녹번,17
S33,홍은1동,196,녹번,17
S33,홍은2동,197,녹번,17
S33,남가좌1동,198,녹번,17
S33,남가좌2동,199,녹번,17
S33,북가좌1동,200,녹번,17
S33,북가좌2동,201,녹번,17
S33,충현동,202,충무로,100
S33,북아현동,203,충무로,100
S33,신촌동,204,충무로,100
S33,연희동,205,녹번,17
S33,용강동,206,구로,113
S33,대흥동,207,충무로,100
S33,염리동,208,충무로,100
S33,신수동,209,구로,113
S33,서교동,210,구로,113
S33,합정동,211,구로,113
S33,망원1동,212,구로,113
S33,망원2동,213,구로,113
S33,연남동,214,녹번,17
S33,성산1동,215,구로,113
S33,성산2동,216,녹번,17
S33,상암동,217,구로,113
S33,도화동,218,구로,113
S33,서강동,219,구로,113
S33,공덕동,220,충무로,100
S33,아현동,221,충무로,100
S33,목1동,222,양천구청,72
S33,목2동,223,양천구청,72
S33,목3동,224,양천구청,72
S33,목4동,225,양천구청,72
S33,신월1동,226,양천구청,72
S33,신월2동,227,양천구청,72
S33,신월3동,228,양천구청,72
S33,신월4동,229,양천구청,72
S33,신월5동,230,양천구청,72
S33,신월6동,231,양천구청,72
S33,신월7동,232,양천구청,72
S33,신정1동,233,양천구청,72
S33,신정2동,234,양천구청,72
S33,신정3동,235,양천구청,72
S33,신정6동,236,양천구청,72
S33,신정7동,237,양천구청,72
S33,목5동,238,양천구청,72
S33,신정4동,239,양천구청,72
S33,염창동,240,양천구청,72
S33,등촌1동,241,양천구청,72
S33,등촌2동,242,양천구청,72
S33,등촌3동,243,양천구청,72
S33,화곡본동,244,양천구청,72
S33,화곡2동,245,양천구청,72
S33,화곡3동,246,양천구청,72
S33,화곡4동,247,양천구청,72
S33,화곡6동,248,양천구청,72
S33,화곡8동,249,양천구청,72
S33,가양2동,250,양천구청,72
S33,가양3동,251,양천구청,72
S33,발산1동,252,양천구청,72
S33,공항동,253,양천구청,72
S33,방화1동,254,양천구청,72
S33,방화2동,255,양천구청,72
S33,화곡1동,256,양천구청,72
S33,우장산동,257,양천구청,72
S33,가양1동,258,양천구청,72
S33,방화3동,259,양천구청,72
S33,신도림동,260,구로,113
S33,구로1동,261,구로,113
S33,구로3동,262,구로,113
S33,구로4동,263,구로,113
S33,구로5동,264,구로,113
S33,고척1동,265,구로,113
S33,고척2동,266,양천구청,72
S33,개봉2동,267,양천구청,72
S33,개봉3동,268,양천구청,72
S33,오류1동,269,양천구청,72
S33,수궁동,270,양천구청,72
S33,가리봉동,271,구로,113
S33,구로2동,272,구로,113
S33,개봉1동,273,양천구청,72
S33,오류2동,274,양천구청,72
S33,항동,275,양천구청,72
S33,가산동,276,구로,113
S33,독산1동,277,구로,113
S33,독산2동,278,구로,113
S33,독산3동,279,구로,113
S33,독산4동,280,구로,113
S33,시흥1동,281,구로,113
S33,시흥2동,282,구로,113
S33,시흥3동,283,구로,113
S33,시흥4동,284,구로,113
S33,시흥5동,285,구로,113
S33,여의동,286,구로,113
S33,당산1동,287,구로,113
S33,당산2동,288,구로,113
S33,양평1동,289,구로,113
S33,양평2동,290,구로,113
S33,신길1동,291,구로,113
S33,신길3동,292,구로,113
S33,신길4동,293,구로,113
S33,신길5동,294,구로,113
S33,신길6동,295,구로,113
S33,신길7동,296,구로,113
S33,대림1동,297,구로,113
S33,대림2동,298,구로,113
S33,대림3동,299,구로,113
S33,영등포본동,300,구로,113
S33,영등포동,301,구로,113
S33,도림동,302,구로,113
S33,문래동,303,구로,113
S33,노량진2동,304,구로,113
S33,상도1동,305,총신대입구,99
S33,상도2동,306,구로,113
S33,상도3동,307,구로,113
S33,상도4동,308,구로,113
S33,사당1동,309,총신대입구,99
S33,사당3동,310,총신대입구,99
S33,사당4동,311,총신대입구,99
S33,사당5동,312,총신대입구,99
S33,대방동,313,구로,113
S33,신대방1동,314,구로,113
S33,신대방2동,315,구로,113
S33,흑석동,316,총신대입구,99
S33,노량진1동,317,총신대입구,99
S33,사당2동,318,총신대입구,99
S33,보라매동,319,구로,113
S33,청림동,320,총신대입구,99
S33,행운동,321,총신대입구,99
S33,낙성대동,322,총신대입구,99
S33,중앙동,323,총신대입구,99
S33,인헌동,324,총신대입구,99
S33,남현동,325,총신대입구,99
S33,서원동,326,구로,113
S33,신원동,327,구로,113
S33,서림동,328,총신대입구,99
S33,신사동,329,구로,113
S33,신림동,330,구로,113
S33,난향동,331,구로,113
S33,조원동,332,구로,113
S33,대학동,333,구로,113
S33,은천동,334,구로,113
S33,성현동,335,총신대입구,99
S33,청룡동,336,총신대입구,99
S33,난곡동,337,구로,113
S33,삼성동,338,구로,113
S33,미성동,339,구로,113
S33,서초1동,340,도곡,22
S33,서초2동,341,도곡,22
S33,서초3동,342,총신대입구,99
S33,서초4동,343,도곡,22
S33,잠원동,344,총신대입구,99
S33,반포본동,345,총신대입구,99
S33,반포1동,346,도곡,22
S33,반포2동,347,총신대입구,99
S33,반포3동,348,충무로,100
S33,반포4동,349,총신대입구,99
S33,방배본동,350,총신대입구,99
S33,방배1동,351,총신대입구,99
S33,방배2동,352,총신대입구,99
S33,방배3동,353,총신대입구,99
S33,방배4동,354,총신대입구,99
S33,양재1동,355,도곡,22
S33,양재2동,356,도곡,22
S33,내곡동,357,수서,52
S33,신사동,358,도곡,22
S33,개포3동,359,도곡,22
S33,논현1동,360,도곡,22
S33,논현2동,361,도곡,22
S33,삼성1동,362,도곡,22
S33,삼성2동,363,도곡,22
S33,대치1동,364,도곡,22
S33,대치4동,365,도곡,22
S33,역삼1동,366,도곡,22
S33,역삼2동,367,도곡,22
S33,도곡1동,368,도곡,22
S33,도곡2동,369,도곡,22
S33,개포1동,370,도곡,22
S33,개포4동,371,도곡,22
S33,일원본동,372,수서,52
S33,일원1동,373,수서,52
S33,수서동,374,수서,52
S33,세곡동,375,수서,52
S33,압구정동,376,도곡,22
S33,청담동,377,도곡,22
S33,대치2동,378,도곡,22
S33,개포2동,379,도곡,22
S33,풍납1동,380,구의,9
S33,풍납2동,381,구의,9
S33,거여1동,382,수서,52
S33,거여2동,383,수서,52
S33,마천1동,384,수서,52
S33,마천2동,385,수서,52
S33,방이1동,386,수서,52
S33,방이2동,387,수서,52
S33,오륜동,388,수서,52
S33,오금동,389,수서,52
S33,송파1동,390,수서,52
S33,송파2동,391,수서,52
S33,석촌동,392,수서,52
S33,삼전동,393,수서,52
S33,가락본동,394,수서,52
S33,가락1동,395,수서,52
S33,가락2동,396,수서,52
S33,문정1동,397,수서,52
S33,문정2동,398,수서,52
S33,잠실본동,399,수서,52
S33,잠실4동,400,수서,52
S33,잠실6동,401,수서,52
S33,잠실7동,402,수서,52
S33,잠실2동,403,구의,9
S33,잠실3동,404,수서,52
S33,장지동,405,수서,52
S33,위례동,406,수서,52
S33,명일1동,407,구의,9
S33,명일2동,408,구의,9
S33,고덕1동,409,구의,9
S33,고덕2동,410,구의,9
S33,암사2동,411,구의,9
S33,암사3동,412,구의,9
S33,천호1동,413,구의,9
S33,천호3동,414,구의,9
S33,성내1동,415,구의,9
S33,성내2동,416,구의,9
S33,성내3동,417,수서,52
S33,둔촌1동,418,수서,52
S33,둔촌2동,419,수서,52
S33,암사1동,420,구의,9
S33,천호2동,421,구의,9
S33,길동,422,수서,52
S33,강일동,423,구의,9
S33,상일1동,424,구의,9
S33,상일2동,425,구의,9
S34,사직동,0,충정로,101
S34,삼청동,1,충정로,101
S34,부암동,2,충정로,101
S34,평창동,3,석계,124
S34,무악동,4,충정로,101
S34,교남동,5,충정로,101
S34,가회동,6,청량리,98
S34,종로1·2·3·4가동,7,청량리,98
S34,종로5·6가동,8,청량리,98
S34,이화동,9,청량리,98
S34,창신1동,10,청량리,98
S34,창신2동,11,청량리,98
S34,창신3동,12,청량리,98
S34,숭인1동,13,청량리,98
S34,숭인2동,14,청량리,98
S34,청운효자동,15,충정로,101
S34,혜화동,16,청량리,98
S34,소공동,17,충정로,101
S34,회현동,18,충정로,101
S34,명동,19,충정로,101
S34,필동,20,청량리,98
S34,장충동,21,신용산,63
S34,광희동,22,청량리,98
S34,을지로동,23,청량리,98
S34,신당5동,24,용답,79
S34,황학동,25,청량리,98
S34,중림동,26,충정로,101
S34,신당동,27,청량리,98
S34,다산동,28,용답,79
S34,약수동,29,청량리,98
S34,청구동,30,용답,79
S34,동화동,31,용답,79
S34,후암동,32,신용산,63
S34,용산2가동,33,신용산,63
S34,남영동,34,신용산,63
S34,원효로2동,35,신용산,63
S34,효창동,36,신용산,63
S34,용문동,37,신용산,63
S34,이촌1동,38,신용산,63
S34,이촌2동,39,신용산,63
S34,이태원1동,40,신용산,63
S34,이태원2동,41,신용산,63
S34,서빙고동,42,신용산,63
S34,보광동,43,신용산,63
S34,청파동,44,신용산,63
S34,원효로1동,45,신용산,63
S34,한강로동,46,신용산,63
S34,한남동,47,신용산,63
S34,왕십리2동,48,용답,79
S34,마장동,49,용답,79
S34,사근동,50,용답,79
S34,행당1동,51,용답,79
S34,행당2동,52,용답,79
S34,응봉동,53,용답,79
S34,금호1가동,54,용답,79
S34,금호4가동,55,용답,79
S34,성수1가1동,56,용답,79
S34,성수1가2동,57,용답,79
S34,성수2가1동,58,용답,79
S34,성수2가3동,59,용답,79
S34,송정동,60,용답,79
S34,용답동,61,용답,79
S34,왕십리도선동,62,용답,79
S34,금호2·3가동,63,용답,79
S34,옥수동,64,용답,79
S34,화양동,65,용답,79
S34,군자동,66,용답,79
S34,중곡1동,67,용답,79
S34,중곡2동,68,용답,79
S34,중곡3동,69,용답,79
S34,중곡4동,70,용답,79
S34,능동,71,용답,79
S34,구의1동,72,용답,79
S34,구의2동,73,용답,79
S34,구의3동,74,용답,79
S34,광장동,75,용답,79
S34,자양1동,76,용답,79
S34,자양2동,77,용답,79
S34,자양3동,78,용답,79
S34,자양4동,79,용답,79
S34,회기동,80,청량리,98
S34,휘경1동,81,석계,124
S34,휘경2동,82,석계,124
S34,청량리동,83,청량리,98
S34,용신동,84,청량리,98
S34,제기동,85,청량리,98
S34,전농1동,86,청량리,98
S34,전농2동,87,용답,79
S34,답십리2동,88,용답,79
S34,장안1동,89,용답,79
S34,장안2동,90,용답,79
S34,이문1동,91,석계,124
S34,이문2동,92,석계,124
S34,답십리1동,93,용답,79
S34,면목2동,94,석계,124
S34,면목4동,95,용답,79
S34,면목5동,96,석계,124
S34,면목7동,97,석계,124
S34,상봉1동,98,석계,124
S34,상봉2동,99,석계,124
S34,중화1동,100,석계,124
S34,중화2동,101,석계,124
S34,묵1동,102,석계,124
S34,묵2동,103,석계,124
S34,망우3동,104,석계,124
S34,신내1동,105,석계,124
S34,신내2동,106,석계,124
S34,면목본동,107,석계,124
S34,면목3·8동,108,석계,124
S34,망우본동,109,석계,124
S34,돈암1동,110,석계,124
S34,돈암2동,111,청량리,98
S34,안암동,112,청량리,98
S34,보문동,113,청량리,98
S34,정릉1동,114,석계,124
S34,정릉2동,115,석계,124
S34,정릉3동,116,석계,124
S34,정릉4동,117,석계,124
S34,길음1동,118,석계,124
S34,길음2동,119,석계,124
S34,월곡1동,120,석계,124
S34,월곡2동,121,석계,124
S34,장위1동,122,석계,124
S34,장위2동,123,석계,124
S34,장위3동,124,석계,124
S34,성북동,125,청량리,98
S34,삼선동,126,청량리,98
S34,동선동,127,청량리,98
S34,종암동,128,석계,124
S34,석관동,129,석계,124
S34,번1동,130,창동,97
S34,번2동,131,석계,124
S34,번3동,132,석계,124
S34,수유1동,133,창동,97
S34,수유2동,134,창동,97
S34,수유3동,135,창동,97
S34,삼양동,136,창동,97
S34,미아동,137,창동,97
S34,송중동,138,석계,124
S34,송천동,139,석계,124
S34,삼각산동,140,석계,124
S34,우이동,141,창동,97
S34,인수동,142,창동,97
S34,쌍문1동,143,창동,97
S34,쌍문2동,144,창동,97
S34,쌍문3동,145,창동,97
S34,쌍문4동,146,창동,97
S34,방학1동,147,창동,97
S34,방학2동,148,창동,97
S34,방학3동,149,창동,97
S34,창1동,150,창동,97
S34,창2동,151,창동,97
S34,창3동,152,창동,97
S34,창4동,153,창동,97
S34,창5동,154,창동,97
S34,도봉1동,155,창동,97
S34,도봉2동,156,창동,97
S34,월계1동,157,석계,124
S34,월계2동,158,창동,97
S34,월계3동,159,석계,124
S34,공릉2동,160,석계,124
S34,하계1동,161,석계,124
S34,하계2동,162,석계,124
S34,중계본동,163,창동,97
S34,중계1동,164,창동,97
S34,중계4동,165,창동,97
S34,상계1동,166,창동,97
S34,상계2동,167,창동,97
S34,상계5동,168,창동,97
S34,상계8동,169,창동,97
S34,상계9동,170,창동,97
S34,상계10동,171,창동,97
S34,상계3·4동,172,창동,97
S34,상계6·7동,173,창동,97
S34,중계2·3동,174,창동,97
S34,공릉1동,175,석계,124
S34,녹번동,176,불광,39
S34,불광1동,177,불광,39
S34,갈현1동,178,불광,39
S34,갈현2동,179,불광,39
S34,구산동,180,불광,39
S34,대조동,181,불광,39
S34,응암1동,182,불광,39
S34,응암2동,183,불광,39
S34,신사1동,184,불광,39
S34,신사2동,185,불광,39
S34,증산동,186,불광,39
S34,수색동,187,구로,113
S34,진관동,188,불광,39
S34,불광2동,189,불광,39
S34,응암3동,190,불광,39
S34,역촌동,191,불광,39
S34,천연동,192,충정로,101
S34,홍제1동,193,충정로,101
S34,홍제3동,194,충정로,101
S34,홍제2동,195,충정로,101
S34,홍은1동,196,충정로,101
S34,홍은2동,197,불광,39
S34,남가좌1동,198,구로,113
S34,남가좌2동,199,충정로,101
S34,북가좌1동,200,구로,113
S34,북가좌2동,201,불광,39
S34,충현동,202,충정로,101
S34,북아현동,203,충정로,101
S34,신촌동,204,충정로,101
S34,연희동,205,충정로,101
S34,용강동,206,대방,119
S34,대흥동,207,충정로,101
S34,염리동,208,충정로,101
S34,신수동,209,대방,119
S34,서교동,210,구로,113
S34,합정동,211,구로,113
S34,망원1동,212,구로,113
S34,망원2동,213,구로,113
S34,연남동,214,구로,113
S34,성산1동,215,구로,113
S34,성산2동,216,구로,113
S34,상암동,217,구로,113
S34,도화동,218,대방,119
S34,서강동,219,대방,119
S34,공덕동,220,충정로,101
S34,아현동,221,충정로,101
S34,목1동,222,양천구청,72
S34,목2동,223,양천구청,72
S34,목3동,224,양천구청,72
S34,목4동,225,양천구청,72
S34,신월1동,226,양천구청,72
S34,신월2동,227,양천구청,72
S34,신월3동,228,양천구청,72
S34,신월4동,229,양천구청,72
S34,신월5동,230,양천구청,72
S34,신월6동,231,양천구청,72
S34,신월7동,232,양천구청,72
S34,신정1동,233,양천구청,72
S34,신정2동,234,양천구청,72
S34,신정3동,235,양천구청,72
S34,신정6동,236,양천구청,72
S34,신정7동,237,양천구청,72
S34,목5동,238,양천구청,72
S34,신정4동,239,양천구청,72
S34,염창동,240,양천구청,72
S34,등촌1동,241,양천구청,72
S34,등촌2동,242,양천구청,72
S34,등촌3동,243,양천구청,72
S34,화곡본동,244,양천구청,72
S34,화곡2동,245,양천구청,72
S34,화곡3동,246,양천구청,72
S34,화곡4동,247,양천구청,72
S34,화곡6동,248,양천구청,72
S34,화곡8동,249,양천구청,72
S34,가양2동,250,양천구청,72
S34,가양3동,251,양천구청,72
S34,발산1동,252,양천구청,72
S34,공항동,253,양천구청,72
S34,방화1동,254,양천구청,72
S34,방화2동,255,양천구청,72
S34,화곡1동,256,양천구청,72
S34,우장산동,257,양천구청,72
S34,가양1동,258,양천구청,72
S34,방화3동,259,양천구청,72
S34,신도림동,260,구로,113
S34,구로1동,261,구로,113
S34,구로3동,262,구로,113
S34,구로4동,263,구로,113
S34,구로5동,264,구로,113
S34,고척1동,265,양천구청,72
S34,고척2동,266,양천구청,72
S34,개봉2동,267,양천구청,72
S34,개봉3동,268,양천구청,72
S34,오류1동,269,양천구청,72
S34,수궁동,270,양천구청,72
S34,가리봉동,271,구로,113
S34,구로2동,272,구로,113
S34,개봉1동,273,양천구청,72
S34,오류2동,274,양천구청,72
S34,항동,275,양천구청,72
S34,가산동,276,구로,113
S34,독산1동,277,구로,113
S34,독산2동,278,구로,113
S34,독산3동,279,구로,113
S34,독산4동,280,구로,113
S34,시흥1동,281,구로,113
S34,시흥2동,282,구로,113
S34,시흥3동,283,구로,113
S34,시흥4동,284,구로,113
S34,시흥5동,285,구로,113
S34,여의동,286,대방,119
S34,당산1동,287,구로,113
S34,당산2동,288,구로,113
S34,양평1동,289,구로,113
S34,양평2동,290,구로,113
S34,신길1동,291,대방,119
S34,신길3동,292,구로,113
S34,신길4동,293,구로,113
S34,신길5동,294,구로,113
S34,신길6동,295,구로,113
S34,신길7동,296,대방,119
S34,대림1동,297,구로,113
S34,대림2동,298,구로,113
S34,대림3동,299,구로,113
S34,영등포본동,300,구로,113
S34,영등포동,301,구로,113
S34,도림동,302,구로,113
S34,문래동,303,구로,113
S34,노량진2동,304,대방,119
S34,상도1동,305,대방,119
S34,상도2동,306,대방,119
S34,상도3동,307,대방,119
S34,상도4동,308,대방,119
S34,사당1동,309,총신대입구,99
S34,사당3동,310,총신대입구,99
S34,사당4동,311,총신대입구,99
S34,사당5동,312,총신대입구,99
S34,대방동,313,대방,119
S34,신대방1동,314,구로,113
S34,신대방2동,315,구로,113
S34,흑석동,316,대방,119
S34,노량진1동,317,대방,119
S34,사당2동,318,총신대입구,99
S34,보라매동,319,대방,119
S34,청림동,320,총신대입구,99
S34,행운동,321,총신대입구,99
S34,낙성대동,322,총신대입구,99
S34,중앙동,323,총신대입구,99
S34,인헌동,324,총신대입구,99
S34,남현동,325,총신대입구,99
S34,서원동,326,구로,113
S34,신원동,327,구로,113
S34,서림동,328,구로,113
S34,신사동,329,구로,113
S34,신림동,330,구로,113
S34,난향동,331,구로,113
S34,조원동,332,구로,113
S34,대학동,333,구로,113
S34,은천동,334,구로,113
S34,성현동,335,총신대입구,99
S34,청룡동,336,총신대입구,99
S34,난곡동,337,구로,113
S34,삼성동,338,구로,113
S34,미성동,339,구로,113
S34,서초1동,340,교대,7
S34,서초2동,341,교대,7
S34,서초3동,342,교대,7
S34,서초4동,343,교대,7
S34,잠원동,344,교대,7
S34,반포본동,345,총신대입구,99
S34,반포1동,346,교대,7
S34,반포2동,347,총신대입구,99
S34,반포3동,348,신용산,63
S34,반포4동,349,총신대입구,99
S34,방배본동,350,총신대입구,99
S34,방배1동,351,총신대입구,99
S34,방배2동,352,총신대입구,99
S34,방배3동,353,총신대입구,99
S34,방배4동,354,총신대입구,99
S34,양재1동,355,교대,7
S34,양재2동,356,수서,52
S34,내곡동,357,수서,52
S34,신사동,358,용답,79
S34,개포3동,359,수서,52
S34,논현1동,360,교대,7
S34,논현2동,361,교대,7
S34,삼성1동,362,수서,52
S34,삼성2동,363,수서,52
S34,대치1동,364,수서,52
S34,대치4동,365,수서,52
S34,역삼1동,366,교대,7
S34,역삼2동,367,수서,52
S34,도곡1동,368,수서,52
S34,도곡2동,369,수서,52
S34,개포1동,370,수서,52
S34,개포4동,371,수서,52
S34,일원본동,372,수서,52
S34,일원1동,373,수서,52
S34,수서동,374,수서,52
S34,세곡동,375,수서,52
S34,압구정동,376,용답,79
S34,청담동,377,용답,79
S34,대치2동,378,수서,52
S34,개포2동,379,수서,52
S34,풍납1동,380,용답,79
S34,풍납2동,381,수서,52
S34,거여1동,382,수서,52
S34,거여2동,383,수서,52
S34,마천1동,384,수서,52
S34,마천2동,385,수서,52
S34,방이1동,386,수서,52
S34,방이2동,387,수서,52
S34,오륜동,388,수서,52
S34,오금동,389,수서,52
S34,송파1동,390,수서,52
S34,송파2동,391,수서,52
S34,석촌동,392,수서,52
S34,삼전동,393,수서,52
S34,가락본동,394,수서,52
S34,가락1동,395,수서,52
S34,가락2동,396,수서,52
S34,문정1동,397,수서,52
S34,문정2동,398,수서,52
S34,잠실본동,399,수서,52
S34,잠실4동,400,수서,52
S34,잠실6동,401,수서,52
S34,잠실7동,402,수서,52
S34,잠실2동,403,수서,52
S34,잠실3동,404,수서,52
S34,장지동,405,수서,52
S34,위례동,406,수서,52
S34,명일1동,407,용답,79
S34,명일2동,408,수서,52
S34,고덕1동,409,용답,79
S34,고덕2동,410,용답,79
S34,암사2동,411,용답,79
S34,암사3동,412,용답,79
S34,천호1동,413,용답,79
S34,천호3동,414,용답,79
S34,성내1동,415,수서,52
S34,성내2동,416,용답,79
S34,성내3동,417,수서,52
S34,둔촌1동,418,수서,52
S34,둔촌2동,419,수서,52
S34,암사1동,420,용답,79
S34,천호2동,421,용답,79
S34,길동,422,수서,52
S34,강일동,423,용답,79
S34,상일1동,424,수서,52
S34,상일2동,425,수서,52
S37,사직동,0,충정로,101
S37,삼청동,1,충정로,101
S37,부암동,2,녹번,17
S37,평창동,3,불광,39
S37,무악동,4,충정로,101
S37,교남동,5,충정로,101
S37,가회동,6,동대입구,27
S37,종로1·2·3·4가동,7,동대입구,27
S37,종로5·6가동,8,동대입구,27
S37,이화동,9,동대입구,27
S37,창신1동,10,동대입구,27
S37,창신2동,11,신답,56
S37,창신3동,12,신답,56
S37,숭인1동,13,신답,56
S37,숭인2동,14,신답,56
S37,청운효자동,15,충정로,101
S37,혜화동,16,동대입구,27
S37,소공동,17,충정로,101
S37,회현동,18,충정로,101
S37,명동,19,동대입구,27
S37,필동,20,동대입구,27
S37,장충동,21,동대입구,27
S37,광희동,22,동대입구,27
S37,을지로동,23,동대입구,27
S37,신당5동,24,동대입구,27
S37,황학동,25,신답,56
S37,중림동,26,충정로,101
S37,신당동,27,동대입구,27
S37,다산동,28,동대입구,27
S37,약수동,29,동대입구,27
S37,청구동,30,동대입구,27
S37,동화동,31,동대입구,27
S37,후암동,32,신용산,63
S37,용산2가동,33,신용산,63
S37,남영동,34,신용산,63
S37,원효로2동,35,신용산,63
S37,효창동,36,신용산,63
S37,용문동,37,신용산,63
S37,이촌1동,38,신용산,63
S37,이촌2동,39,신용산,63
S37,이태원1동,40,신용산,63
S37,이태원2동,41,동대입구,27
S37,서빙고동,42,신용산,63
S37,보광동,43,신용산,63
S37,청파동,44,신용산,63
S37,원효로1동,45,신용산,63
S37,한강로동,46,신용산,63
S37,한남동,47,동대입구,27
S37,왕십리2동,48,신답,56
S37,마장동,49,신답,56
S37,사근동,50,신답,56
S37,행당1동,51,신답,56
S37,행당2동,52,신답,56
S37,응봉동,53,신답,56
S37,금호1가동,54,동대입구,27
S37,금호4가동,55,동대입구,27
S37,성수1가1동,56,신답,56
S37,성수1가2동,57,신답,56
S37,성수2가1동,58,구의,9
S37,성수2가3동,59,신답,56
S37,송정동,60,신답,56
S37,용답동,61,신답,56
S37,왕십리도선동,62,신답,56
S37,금호2·3가동,63,동대입구,27
S37,옥수동,64,동대입구,27
S37,화양동,65,구의,9
S37,군자동,66,신답,56
S37,중곡1동,67,신답,56
S37,중곡2동,68,신답,56
S37,중곡3동,69,신답,56
S37,중곡4동,70,구의,9
S37,능동,71,신답,56
S37,구의1동,72,구의,9
S37,구의2동,73,구의,9
S37,구의3동,74,구의,9
S37,광장동,75,구의,9
S37,자양1동,76,구의,9
S37,자양2동,77,구의,9
S37,자양3동,78,구의,9
S37,자양4동,79,구의,9
S37,회기동,80,신이문,127
S37,휘경1동,81,신이문,127
S37,휘경2동,82,신이문,127
S37,청량리동,83,신답,56
S37,용신동,84,신답,56
S37,제기동,85,신답,56
S37,전농1동,86,신답,56
S37,전농2동,87,신답,56
S37,답십리2동,88,신답,56
S37,장안1동,89,신답,56
S37,장안2동,90,신답,56
S37,이문1동,91,신이문,127
S37,이문2동,92,신이문,127
S37,답십리1동,93,신답,56
S37,면목2동,94,신이문,127
S37,면목4동,95,신답,56
S37,면목5동,96,신이문,127
S37,면목7동,97,신이문,127
S37,상봉1동,98,신이문,127
S37,상봉2동,99,신이문,127
S37,중화1동,100,신이문,127
S37,중화2동,101,신이문,127
S37,묵1동,102,신이문,127
S37,묵2동,103,신이문,127
S37,망우3동,104,신이문,127
S37,신내1동,105,신이문,127
S37,신내2동,106,신이문,127
S37,면목본동,107,신이문,127
S37,면목3·8동,108,신이문,127
S37,망우본동,109,신이문,127
S37,돈암1동,110,신답,56
S37,돈암2동,111,신답,56
S37,안암동,112,신답,56
S37,보문동,113,신답,56
S37,정릉1동,114,신이문,127
S37,정릉2동,115,신답,56
S37,정릉3동,116,신답,56
S37,정릉4동,117,신답,56
S37,길음1동,118,신이문,127
S37,길음2동,119,신이문,127
S37,월곡1동,120,신이문,127
S37,월곡2동,121,신이문,127
S37,장위1동,122,신이문,127
S37,장위2동,123,신이문,127
S37,장위3동,124,신이문,127
S37,성북동,125,동대입구,27
S37,삼선동,126,신답,56
S37,동선동,127,신답,56
S37,종암동,128,신답,56
S37,석관동,129,신이문,127
S37,번1동,130,신이문,127
S37,번2동,131,신이문,127
S37,번3동,132,신이문,127
S37,수유1동,133,신이문,127
S37,수유2동,134,신이문,127
S37,수유3동,135,신이문,127
S37,삼양동,136,신이문,127
S37,미아동,137,신이문,127
S37,송중동,138,신이문,127
S37,송천동,139,신이문,127
S37,삼각산동,140,신이문,127
S37,우이동,141,신이문,127
S37,인수동,142,신이문,127
S37,쌍문1동,143,신이문,127
S37,쌍문2동,144,신이문,127
S37,쌍문3동,145,신이문,127
S37,쌍문4동,146,신이문,127
S37,방학1동,147,신이문,127
S37,방학2동,148,신이문,127
S37,방학3동,149,신이문,127
S37,창1동,150,신이문,127
S37,창2동,151,신이문,127
S37,창3동,152,신이문,127
S37,창4동,153,신이문,127
S37,창5동,154,신이문,127
S37,도봉1동,155,신이문,127
S37,도봉2동,156,신이문,127
S37,월계1동,157,신이문,127
S37,월계2동,158,신이문,127
S37,월계3동,159,신이문,127
S37,공릉2동,160,신이문,127
S37,하계1동,161,신이문,127
S37,하계2동,162,신이문,127
S37,중계본동,163,신이문,127
S37,중계1동,164,신이문,127
S37,중계4동,165,신이문,127
S37,상계1동,166,신이문,127
S37,상계2동,167,신이문,127
S37,상계5동,168,신이문,127
S37,상계8동,169,신이문,127
S37,상계9동,170,신이문,127
S37,상계10동,171,신이문,127
S37,상계3·4동,172,신이문,127
S37,상계6·7동,173,신이문,127
S37,중계2·3동,174,신이문,127
S37,공릉1동,175,신이문,127
S37,녹번동,176,불광,39
S37,불광1동,177,불광,39
S37,갈현1동,178,불광,39
S37,갈현2동,179,불광,39
S37,구산동,180,불광,39
S37,대조동,181,불광,39
S37,응암1동,182,녹번,17
S37,응암2동,183,녹번,17
S37,신사1동,184,녹번,17
S37,신사2동,185,녹번,17
S37,증산동,186,녹번,17
S37,수색동,187,녹번,17
S37,진관동,188,불광,39
S37,불광2동,189,불광,39
S37,응암3동,190,녹번,17
S37,역촌동,191,불광,39
S37,천연동,192,충정로,101
S37,홍제1동,193,녹번,17
S37,홍제3동,194,녹번,17
S37,홍제2동,195,녹번,17
S37,홍은1동,196,녹번,17
S37,홍은2동,197,녹번,17
S37,남가좌1동,198,녹번,17
S37,남가좌2동,199,녹번,17
S37,북가좌1동,200,녹번,17
S37,북가좌2동,201,녹번,17
S37,충현동,202,충정로,101
S37,북아현동,203,충정로,101
S37,신촌동,204,충정로,101
S37,연희동,205,녹번,17
S37,용강동,206,신용산,63
S37,대흥동,207,충정로,101
S37,염리동,208,충정로,101
S37,신수동,209,신용산,63
S37,서교동,210,충정로,101
S37,합정동,211,구로,113
S37,망원1동,212,구로,113
S37,망원2동,213,녹번,17
S37,연남동,214,충정로,101
S37,성산1동,215,녹번,17
S37,성산2동,216,녹번,17
S37,상암동,217,녹번,17
S37,도화동,218,신용산,63
S37,서강동,219,충정로,101
S37,공덕동,220,충정로,101
S37,아현동,221,충정로,101
S37,목1동,222,양천구청,72
S37,목2동,223,양천구청,72
S37,목3동,224,양천구청,72
S37,목4동,225,양천구청,72
S37,신월1동,226,양천구청,72
S37,신월2동,227,양천구청,72
S37,신월3동,228,양천구청,72
S37,신월4동,229,양천구청,72
S37,신월5동,230,양천구청,72
S37,신월6동,231,양천구청,72
S37,신월7동,232,양천구청,72
S37,신정1동,233,양천구청,72
S37,신정2동,234,양천구청,72
S37,신정3동,235,양천구청,72
S37,신정6동,236,양천구청,72
S37,신정7동,237,양천구청,72
S37,목5동,238,양천구청,72
S37,신정4동,239,양천구청,72
S37,염창동,240,양천구청,72
S37,등촌1동,241,양천구청,72
S37,등촌2동,242,양천구청,72
S37,등촌3동,243,양천구청,72
S37,화곡본동,244,양천구청,72
S37,화곡2동,245,양천구청,72
S37,화곡3동,246,양천구청,72
S37,화곡4동,247,양천구청,72
S37,화곡6동,248,양천구청,72
S37,화곡8동,249,양천구청,72
S37,가양2동,250,양천구청,72
S37,가양3동,251,양천구청,72
S37,발산1동,252,양천구청,72
S37,공항동,253,양천구청,72
S37,방화1동,254,양천구청,72
S37,방화2동,255,양천구청,72
S37,화곡1동,256,양천구청,72
S37,우장산동,257,양천구청,72
S37,가양1동,258,양천구청,72
S37,방화3동,259,양천구청,72
S37,신도림동,260,구로,113
S37,구로1동,261,구로,113
S37,구로3동,262,구로,113
S37,구로4동,263,구로,113
S37,구로5동,264,구로,113
S37,고척1동,265,구로,113
S37,고척2동,266,양천구청,72
S37,개봉2동,267,양천구청,72
S37,개봉3동,268,양천구청,72
S37,오류1동,269,양천구청,72
S37,수궁동,270,양천구청,72
S37,가리봉동,271,구로,113
S37,구로2동,272,구로,113
S37,개봉1동,273,양천구청,72
S37,오류2동,274,양천구청,72
S37,항동,275,양천구청,72
S37,가산동,276,구로,113
S37,독산1동,277,구로,113
S37,독산2동,278,구로,113
S37,독산3동,279,구로,113
S37,독산4동,280,구로,113
S37,시흥1동,281,구로,113
S37,시흥2동,282,구로,113
S37,시흥3동,283,구로,113
S37,시흥4동,284,구로,113
S37,시흥5동,285,구로,113
S37,여의동,286,구로,113
S37,당산1동,287,구로,113
S37,당산2동,288,구로,113
S37,양평1동,289,구로,113
S37,양평2동,290,구로,113
S37,신길1동,291,구로,113
S37,신길3동,292,구로,113
S37,신길4동,293,구로,113
S37,신길5동,294,구로,113
S37,신길6동,295,구로,113
S37,신길7동,296,구로,113
S37,대림1동,297,구로,113
S37,대림2동,298,구로,113
S37,대림3동,299,구로,113
S37,영등포본동,300,구로,113
S37,영등포동,301,구로,113
S37,도림동,302,구로,113
S37,문래동,303,구로,113
S37,노량진2동,304,신용산,63
S37,상도1동,305,총신대입구,99
S37,상도2동,306,신용산,63
S37,상도3동,307,구로,113
S37,상도4동,308,신용산,63
S37,사당1동,309,총신대입구,99
S37,사당3동,310,총신대입구,99
S37,사당4동,311,총신대입구,99
S37,사당5동,312,총신대입구,99
S37,대방동,313,구로,113
S37,신대방1동,314,구로,113
S37,신대방2동,315,구로,113
S37,흑석동,316,신용산,63
S37,노량진1동,317,신용산,63
S37,사당2동,318,총신대입구,99
S37,보라매동,319,신용산,63
S37,청림동,320,총신대입구,99
S37,행운동,321,총신대입구,99
S37,낙성대동,322,총신대입구,99
S37,중앙동,323,총신대입구,99
S37,인헌동,324,총신대입구,99
S37,남현동,325,총신대입구,99
S37,서원동,326,총신대입구,99
S37,신원동,327,구로,113
S37,서림동,328,총신대입구,99
S37,신사동,329,구로,113
S37,신림동,330,구로,113
S37,난향동,331,구로,113
S37,조원동,332,구로,113
S37,대학동,333,총신대입구,99
S37,은천동,334,총신대입구,99
S37,성현동,335,총신대입구,99
S37,청룡동,336,총신대입구,99
S37,난곡동,337,구로,113
S37,삼성동,338,구로,113
S37,미성동,339,구로,113
S37,서초1동,340,총신대입구,99
S37,서초2동,341,총신대입구,99
S37,서초3동,342,총신대입구,99
S37,서초4동,343,총신대입구,99
S37,잠원동,344,총신대입구,99
S37,반포본동,345,총신대입구,99
S37,반포1동,346,총신대입구,99
S37,반포2동,347,총신대입구,99
S37,반포3동,348,동대입구,27
S37,반포4동,349,총신대입구,99
S37,방배본동,350,총신대입구,99
S37,방배1동,351,총신대입구,99
S37,방배2동,352,총신대입구,99
S37,방배3동,353,총신대입구,99
S37,방배4동,354,총신대입구,99
S37,양재1동,355,총신대입구,99
S37,양재2동,356,수서,52
S37,내곡동,357,수서,52
S37,신사동,358,동대입구,27
S37,개포3동,359,수서,52
S37,논현1동,360,총신대입구,99
S37,논현2동,361,총신대입구,99
S37,삼성1동,362,수서,52
S37,삼성2동,363,수서,52
S37,대치1동,364,수서,52
S37,대치4동,365,수서,52
S37,역삼1동,366,총신대입구,99
S37,역삼2동,367,수서,52
S37,도곡1동,368,수서,52
S37,도곡2동,369,수서,52
S37,개포1동,370,수서,52
S37,개포4동,371,수서,52
S37,일원본동,372,수서,52
S37,일원1동,373,수서,52
S37,수서동,374,수서,52
S37,세곡동,375,수서,52
S37,압구정동,376,신답,56
S37,청담동,377,구의,9
S37,대치2동,378,수서,52
S37,개포2동,379,수서,52
S37,풍납1동,380,구의,9
S37,풍납2동,381,구의,9
S37,거여1동,382,수서,52
S37,거여2동,383,수서,52
S37,마천1동,384,수서,52
S37,마천2동,385,수서,52
S37,방이1동,386,수서,52
S37,방이2동,387,수서,52
S37,오륜동,388,수서,52
S37,오금동,389,수서,52
S37,송파1동,390,수서,52
S37,송파2동,391,수서,52
S37,석촌동,392,수서,52
S37,삼전동,393,수서,52
S37,가락본동,394,수서,52
S37,가락1동,395,수서,52
S37,가락2동,396,수서,52
S37,문정1동,397,수서,52
S37,문정2동,398,수서,52
S37,잠실본동,399,수서,52
S37,잠실4동,400,수서,52
S37,잠실6동,401,구의,9
S37,잠실7동,402,수서,52
S37,잠실2동,403,구의,9
S37,잠실3동,404,수서,52
S37,장지동,405,수서,52
S37,위례동,406,수서,52
S37,명일1동,407,구의,9
S37,명일2동,408,구의,9
S37,고덕1동,409,구의,9
S37,고덕2동,410,구의,9
S37,암사2동,411,구의,9
S37,암사3동,412,구의,9
S37,천호1동,413,구의,9
S37,천호3동,414,구의,9
S37,성내1동,415,구의,9
S37,성내2동,416,구의,9
S37,성내3동,417,수서,52
S37,둔촌1동,418,수서,52
S37,둔촌2동,419,수서,52
S37,암사1동,420,구의,9
S37,천호2동,421,구의,9
S37,길동,422,구의,9
S37,강일동,423,구의,9
S37,상일1동,424,구의,9
S37,상일2동,425,구의,9
S41,사직동,0,동대입구,27
S41,삼청동,1,청량리,98
S41,부암동,2,녹번,17
S41,평창동,3,녹번,17
S41,무악동,4,녹번,17
S41,교남동,5,녹번,17
S41,가회동,6,청량리,98
S41,종로1·2·3·4가동,7,동대입구,27
S41,종로5·6가동,8,청량리,98
S41,이화동,9,청량리,98
S41,창신1동,10,청량리,98
S41,창신2동,11,청량리,98
S41,창신3동,12,청량리,98
S41,숭인1동,13,청량리,98
S41,숭인2동,14,청량리,98
S41,청운효자동,15,청량리,98
S41,혜화동,16,청량리,98
S41,소공동,17,동대입구,27
S41,회현동,18,동대입구,27
S41,명동,19,동대입구,27
S41,필동,20,동대입구,27
S41,장충동,21,동대입구,27
S41,광희동,22,동대입구,27
S41,을지로동,23,동대입구,27
S41,신당5동,24,청량리,98
S41,황학동,25,청량리,98
S41,중림동,26,동대입구,27
S41,신당동,27,청량리,98
S41,다산동,28,동대입구,27
S41,약수동,29,동대입구,27
S41,청구동,30,동대입구,27
S41,동화동,31,청량리,98
S41,후암동,32,동대입구,27
S41,용산2가동,33,동대입구,27
S41,남영동,34,동대입구,27
S41,원효로2동,35,구로,113
S41,효창동,36,구로,113
S41,용문동,37,구로,113
S41,이촌1동,38,구로,113
S41,이촌2동,39,구로,113
S41,이태원1동,40,동대입구,27
S41,이태원2동,41,동대입구,27
S41,서빙고동,42,동대입구,27
S41,보광동,43,동대입구,27
S41,청파동,44,동대입구,27
S41,원효로1동,45,동대입구,27
S41,한강로동,46,동대입구,27
S41,한남동,47,동대입구,27
S41,왕십리2동,48,청량리,98
S41,마장동,49,청량리,98
S41,사근동,50,청량리,98
S41,행당1동,51,청량리,98
S41,행당2동,52,청량리,98
S41,응봉동,53,청량리,98
S41,금호1가동,54,청량리,98
S41,금호4가동,55,청량리,98
S41,성수1가1동,56,구의,9
S41,성수1가2동,57,구의,9
S41,성수2가1동,58,구의,9
S41,성수2가3동,59,구의,9
S41,송정동,60,구의,9
S41,용답동,61,청량리,98
S41,왕십리도선동,62,청량리,98
S41,금호2·3가동,63,동대입구,27
S41,옥수동,64,동대입구,27
S41,화양동,65,구의,9
S41,군자동,66,구의,9
S41,중곡1동,67,구의,9
S41,중곡2동,68,구의,9
S41,중곡3동,69,구의,9
S41,중곡4동,70,구의,9
S41,능동,71,구의,9
S41,구의1동,72,구의,9
S41,구의2동,73,구의,9
S41,구의3동,74,구의,9
S41,광장동,75,구의,9
S41,자양1동,76,구의,9
S41,자양2동,77,구의,9
S41,자양3동,78,구의,9
S41,자양4동,79,구의,9
S41,회기동,80,청량리,98
S41,휘경1동,81,청량리,98
S41,휘경2동,82,청량리,98
S41,청량리동,83,청량리,98
S41,용신동,84,청량리,98
S41,제기동,85,청량리,98
S41,전농1동,86,청량리,98
S41,전농2동,87,청량리,98
S41,답십리2동,88,청량리,98
S41,장안1동,89,청량리,98
S41,장안2동,90,청량리,98
S41,이문1동,91,청량리,98
S41,이문2동,92,청량리,98
S41,답십리1동,93,청량리,98
S41,면목2동,94,청량리,98
S41,면목4동,95,구의,9
S41,면목5동,96,청량리,98
S41,면목7동,97,구의,9
S41,상봉1동,98,청량리,98
S41,상봉2동,99,청량리,98
S41,중화1동,100,청량리,98
S41,중화2동,101,청량리,98
S41,묵1동,102,창동,97
S41,묵2동,103,창동,97
S41,망우3동,104,구의,9
S41,신내1동,105,창동,97
S41,신내2동,106,창동,97
S41,면목본동,107,청량리,98
S41,면목3·8동,108,구의,9
S41,망우본동,109,청량리,98
S41,돈암1동,110,청량리,98
S41,돈암2동,111,청량리,98
S41,안암동,112,청량리,98
S41,보문동,113,청량리,98
S41,정릉1동,114,청량리,98
S41,정릉2동,115,청량리,98
S41,정릉3동,116,청량리,98
S41,정릉4동,117,창동,97
S41,길음1동,118,청량리,98
S41,길음2동,119,청량리,98
S41,월곡1동,120,청량리,98
S41,월곡2동,121,청량리,98
S41,장위1동,122,창동,97
S41,장위2동,123,청량리,98
S41,장위3동,124,창동,97
S41,성북동,125,청량리,98
S41,삼선동,126,청량리,98
S41,동선동,127,청량리,98
S41,종암동,128,청량리,98
S41,석관동,129,청량리,98
S41,번1동,130,창동,97
S41,번2동,131,창동,97
S41,번3동,132,창동,97
S41,수유1동,133,창동,97
S41,수유2동,134,창동,97
S41,수유3동,135,창동,97
S41,삼양동,136,창동,97
S41,미아동,137,창동,97
S41,송중동,138,창동,97
S41,송천동,139,창동,97
S41,삼각산동,140,창동,97
S41,우이동,141,창동,97
S41,인수동,142,창동,97
S41,쌍문1동,143,창동,97
S41,쌍문2동,144,창동,97
S41,쌍문3동,145,창동,97
S41,쌍문4동,146,창동,97
S41,방학1동,147,창동,97
S41,방학2동,148,창동,97
S41,방학3동,149,창동,97
S41,창1동,150,창동,97
S41,창2동,151,창동,97
S41,창3동,152,창동,97
S41,창4동,153,창동,97
S41,창5동,154,창동,97
S41,도봉1동,155,창동,97
S41,도봉2동,156,창동,97
S41,월계1동,157,창동,97
S41,월계2동,158,창동,97
S41,월계3동,159,창동,97
S41,공릉2동,160,창동,97
S41,하계1동,161,창동,97
S41,하계2동,162,창동,97
S41,중계본동,163,창동,97
S41,중계1동,164,창동,97
S41,중계4동,165,창동,97
S41,상계1동,166,창동,97
S41,상계2동,167,창동,97
S41,상계5동,168,창동,97
S41,상계8동,169,창동,97
S41,상계9동,170,창동,97
S41,상계10동,171,창동,97
S41,상계3·4동,172,창동,97
S41,상계6·7동,173,창동,97
S41,중계2·3동,174,창동,97
S41,공릉1동,175,창동,97
S41,녹번동,176,녹번,17
S41,불광1동,177,녹번,17
S41,갈현1동,178,녹번,17
S41,갈현2동,179,녹번,17
S41,구산동,180,녹번,17
S41,대조동,181,녹번,17
S41,응암1동,182,녹번,17
S41,응암2동,183,녹번,17
S41,신사1동,184,녹번,17
S41,신사2동,185,녹번,17
S41,증산동,186,녹번,17
S41,수색동,187,녹번,17
S41,진관동,188,녹번,17
S41,불광2동,189,녹번,17
S41,응암3동,190,녹번,17
S41,역촌동,191,녹번,17
S41,천연동,192,녹번,17
S41,홍제1동,193,녹번,17
S41,홍제3동,194,녹번,17
S41,홍제2동,195,녹번,17
S41,홍은1동,196,녹번,17
S41,홍은2동,197,녹번,17
S41,남가좌1동,198,녹번,17
S41,남가좌2동,199,녹번,17
S41,북가좌1동,200,녹번,17
S41,북가좌2동,201,녹번,17
S41,충현동,202,녹번,17
S41,북아현동,203,동대입구,27
S41,신촌동,204,녹번,17
S41,연희동,205,녹번,17
S41,용강동,206,구로,113
S41,대흥동,207,구로,113
S41,염리동,208,구로,113
S41,신수동,209,구로,113
S41,서교동,210,구로,113
S41,합정동,211,구로,113
S41,망원1동,212,구로,113
S41,망원2동,213,구로,113
S41,연남동,214,구로,113
S41,성산1동,215,구로,113
S41,성산2동,216,구로,113
S41,상암동,217,구로,113
S41,도화동,218,구로,113
S41,서강동,219,구로,113
S41,공덕동,220,구로,113
S41,아현동,221,구로,113
S41,목1동,222,양천구청,72
S41,목2동,223,양천구청,72
S41,목3동,224,양천구청,72
S41,목4동,225,양천구청,72
S41,신월1동,226,양천구청,72
S41,신월2동,227,양천구청,72
S41,신월3동,228,양천구청,72
S41,신월4동,229,양천구청,72
S41,신월5동,230,양천구청,72
S41,신월6동,231,양천구청,72
S41,신월7동,232,양천구청,72
S41,신정1동,233,양천구청,72
S41,신정2동,234,양천구청,72
S41,신정3동,235,양천구청,72
S41,신정6동,236,양천구청,72
S41,신정7동,237,양천구청,72
S41,목5동,238,양천구청,72
S41,신정4동,239,양천구청,72
S41,염창동,240,양천구청,72
S41,등촌1동,241,양천구청,72
S41,등촌2동,242,양천구청,72
S41,등촌3동,243,양천구청,72
S41,화곡본동,244,양천구청,72
S41,화곡2동,245,양천구청,72
S41,화곡3동,246,양천구청,72
S41,화곡4동,247,양천구청,72
S41,화곡6동,248,양천구청,72
S41,화곡8동,249,양천구청,72
S41,가양2동,250,양천구청,72
S41,가양3동,251,양천구청,72
S41,발산1동,252,양천구청,72
S41,공항동,253,양천구청,72
S41,방화1동,254,양천구청,72
S41,방화2동,255,양천구청,72
S41,화곡1동,256,양천구청,72
S41,우장산동,257,양천구청,72
S41,가양1동,258,양천구청,72
S41,방화3동,259,양천구청,72
S41,신도림동,260,구로,113
S41,구로1동,261,구로,113
S41,구로3동,262,구로,113
S41,구로4동,263,구로,113
S41,구로5동,264,구로,113
S41,고척1동,265,구로,113
S41,고척2동,266,양천구청,72
S41,개봉2동,267,양천구청,72
S41,개봉3동,268,양천구청,72
S41,오류1동,269,양천구청,72
S41,수궁동,270,양천구청,72
S41,가리봉동,271,구로,113
S41,구로2동,272,구로,113
S41,개봉1동,273,양천구청,72
S41,오류2동,274,양천구청,72
S41,항동,275,양천구청,72
S41,가산동,276,구로,113
S41,독산1동,277,구로,113
S41,독산2동,278,구로,113
S41,독산3동,279,구로,113
S41,독산4동,280,구로,113
S41,시흥1동,281,구로,113
S41,시흥2동,282,구로,113
S41,시흥3동,283,구로,113
S41,시흥4동,284,구로,113
S41,시흥5동,285,구로,113
S41,여의동,286,구로,113
S41,당산1동,287,구로,113
S41,당산2동,288,구로,113
S41,양평1동,289,구로,113
S41,양평2동,290,구로,113
S41,신길1동,291,구로,113
S41,신길3동,292,구로,113
S41,신길4동,293,구로,113
S41,신길5동,294,구로,113
S41,신길6동,295,구로,113
S41,신길7동,296,구로,113
S41,대림1동,297,구로,113
S41,대림2동,298,구로,113
S41,대림3동,299,구로,113
S41,영등포본동,300,구로,113
S41,영등포동,301,구로,113
S41,도림동,302,구로,113
S41,문래동,303,구로,113
S41,노량진2동,304,구로,113
S41,상도1동,305,구로,113
S41,상도2동,306,구로,113
S41,상도3동,307,구로,113
S41,상도4동,308,구로,113
S41,사당1동,309,도곡,22
S41,사당3동,310,구로,113
S41,사당4동,311,도곡,22
S41,사당5동,312,구로,113
S41,대방동,313,구로,113
S41,신대방1동,314,구로,113
S41,신대방2동,315,구로,113
S41,흑석동,316,구로,113
S41,노량진1동,317,구로,113
S41,사당2동,318,도곡,22
S41,보라매동,319,구로,113
S41,청림동,320,구로,113
S41,행운동,321,구로,113
S41,낙성대동,322,구로,113
S41,중앙동,323,구로,113
S41,인헌동,324,구로,113
S41,남현동,325,구로,113
S41,서원동,326,구로,113
S41,신원동,327,구로,113
S41,서림동,328,구로,113
S41,신사동,329,구로,113
S41,신림동,330,구로,113
S41,난향동,331,구로,113
S41,조원동,332,구로,113
S41,대학동,333,구로,113
S41,은천동,334,구로,113
S41,성현동,335,구로,113
S41,청룡동,336,구로,113
S41,난곡동,337,구로,113
S41,삼성동,338,구로,113
S41,미성동,339,구로,113
S41,서초1동,340,도곡,22
S41,서초2동,341,도곡,22
S41,서초3동,342,도곡,22
S41,서초4동,343,도곡,22
S41,잠원동,344,도곡,22
S41,반포본동,345,도곡,22
S41,반포1동,346,도곡,22
S41,반포2동,347,도곡,22
S41,반포3동,348,도곡,22
S41,반포4동,349,도곡,22
S41,방배본동,350,도곡,22
S41,방배1동,351,도곡,22
S41,방배2동,352,도곡,22
S41,방배3동,353,도곡,22
S41,방배4동,354,도곡,22
S41,양재1동,355,도곡,22
S41,양재2동,356,도곡,22
S41,내곡동,357,수서,52
S41,신사동,358,도곡,22
S41,개포3동,359,도곡,22
S41,논현1동,360,도곡,22
S41,논현2동,361,도곡,22
S41,삼성1동,362,도곡,22
S41,삼성2동,363,도곡,22
S41,대치1동,364,도곡,22
S41,대치4동,365,도곡,22
S41,역삼1동,366,도곡,22
S41,역삼2동,367,도곡,22
S41,도곡1동,368,도곡,22
S41,도곡2동,369,도곡,22
S41,개포1동,370,도곡,22
S41,개포4동,371,도곡,22
S41,일원본동,372,수서,52
S41,일원1동,373,수서,52
S41,수서동,374,수서,52
S41,세곡동,375,수서,52
S41,압구정동,376,구의,9
S41,청담동,377,구의,9
S41,대치2동,378,도곡,22
S41,개포2동,379,도곡,22
S41,풍납1동,380,구의,9
S41,풍납2동,381,구의,9
S41,거여1동,382,수서,52
S41,거여2동,383,수서,52
S41,마천1동,384,수서,52
S41,마천2동,385,수서,52
S41,방이1동,386,수서,52
S41,방이2동,387,수서,52
S41,오륜동,388,수서,52
S41,오금동,389,수서,52
S41,송파1동,390,수서,52
S41,송파2동,391,수서,52
S41,석촌동,392,수서,52
S41,삼전동,393,수서,52
S41,가락본동,394,수서,52
S41,가락1동,395,수서,52
S41,가락2동,396,수서,52
S41,문정1동,397,수서,52
S41,문정2동,398,수서,52
S41,잠실본동,399,수서,52
S41,잠실4동,400,구의,9
S41,잠실6동,401,구의,9
S41,잠실7동,402,수서,52
S41,잠실2동,403,구의,9
S41,잠실3동,404,수서,52
S41,장지동,405,수서,52
S41,위례동,406,수서,52
S41,명일1동,407,구의,9
S41,명일2동,408,구의,9
S41,고덕1동,409,구의,9
S41,고덕2동,410,구의,9
S41,암사2동,411,구의,9
S41,암사3동,412,구의,9
S41,천호1동,413,구의,9
S41,천호3동,414,구의,9
S41,성내1동,415,구의,9
S41,성내2동,416,구의,9
S41,성내3동,417,구의,9
S41,둔촌1동,418,구의,9
S41,둔촌2동,419,구의,9
S41,암사1동,420,구의,9
S41,천호2동,421,구의,9
S41,길동,422,구의,9
S41,강일동,423,구의,9
S41,상일1동,424,구의,9
S41,상일2동,425,구의,9
S44,사직동,0,신이문,127
S44,삼청동,1,신이문,127
S44,부암동,2,광운대,112
S44,평창동,3,광운대,112
S44,무악동,4,신이문,127
S44,교남동,5,신이문,127
S44,가회동,6,신이문,127
S44,종로1·2·3·4가동,7,신이문,127
S44,종로5·6가동,8,신이문,127
S44,이화동,9,신이문,127
S44,창신1동,10,신이문,127
S44,창신2동,11,신이문,127
S44,창신3동,12,신이문,127
S44,숭인1동,13,신이문,127
S44,숭인2동,14,신이문,127
S44,청운효자동,15,신이문,127
S44,혜화동,16,신이문,127
S44,소공동,17,신이문,127
S44,회현동,18,서울역,47
S44,명동,19,신이문,127
S44,필동,20,신이문,127
S44,장충동,21,신이문,127
S44,광희동,22,신이문,127
S44,을지로동,23,신이문,127
S44,신당5동,24,용두,80
S44,황학동,25,신이문,127
S44,중림동,26,서울역,47
S44,신당동,27,신이문,127
S44,다산동,28,신이문,127
S44,약수동,29,신이문,127
S44,청구동,30,용두,80
S44,동화동,31,용두,80
S44,후암동,32,서울역,47
S44,용산2가동,33,신이문,127
S44,남영동,34,서울역,47
S44,원효로2동,35,대방,119
S44,효창동,36,서울역,47
S44,용문동,37,대방,119
S44,이촌1동,38,대방,119
S44,이촌2동,39,대방,119
S44,이태원1동,40,신이문,127
S44,이태원2동,41,신이문,127
S44,서빙고동,42,대방,119
S44,보광동,43,용두,80
S44,청파동,44,서울역,47
S44,원효로1동,45,서울역,47
S44,한강로동,46,대방,119
S44,한남동,47,용두,80
S44,왕십리2동,48,용두,80
S44,마장동,49,용답,79
S44,사근동,50,용답,79
S44,행당1동,51,용답,79
S44,행당2동,52,용두,80
S44,응봉동,53,용답,79
S44,금호1가동,54,용두,80
S44,금호4가동,55,용두,80
S44,성수1가1동,56,용답,79
S44,성수1가2동,57,용답,79
S44,성수2가1동,58,용답,79
S44,성수2가3동,59,용답,79
S44,송정동,60,용답,79
S44,용답동,61,용답,79
S44,왕십리도선동,62,용두,80
S44,금호2·3가동,63,용두,80
S44,옥수동,64,용두,80
S44,화양동,65,용답,79
S44,군자동,66,용답,79
S44,중곡1동,67,신이문,127
S44,중곡2동,68,신이문,127
S44,중곡3동,69,신이문,127
S44,중곡4동,70,신이문,127
S44,능동,71,용답,79
S44,구의1동,72,용답,79
S44,구의2동,73,신이문,127
S44,구의3동,74,신이문,127
S44,광장동,75,신이문,127
S44,자양1동,76,용답,79
S44,자양2동,77,용답,79
S44,자양3동,78,용답,79
S44,자양4동,79,용답,79
S44,회기동,80,신이문,127
S44,휘경1동,81,신이문,127
S44,휘경2동,82,신이문,127
S44,청량리동,83,신이문,127
S44,용신동,84,신이문,127
S44,제기동,85,신이문,127
S44,전농1동,86,신이문,127
S44,전농2동,87,신이문,127
S44,답십리2동,88,용답,79
S44,장안1동,89,신이문,127
S44,장안2동,90,신이문,127
S44,이문1동,91,신이문,127
S44,이문2동,92,신이문,127
S44,답십리1동,93,용답,79
S44,면목2동,94,신이문,127
S44,면목4동,95,신이문,127
S44,면목5동,96,신이문,127
S44,면목7동,97,신이문,127
S44,상봉1동,98,신이문,127
S44,상봉2동,99,신이문,127
S44,중화1동,100,신이문,127
S44,중화2동,101,신이문,127
S44,묵1동,102,광운대,112
S44,묵2동,103,신이문,127
S44,망우3동,104,신이문,127
S44,신내1동,105,신이문,127
S44,신내2동,106,광운대,112
S44,면목본동,107,신이문,127
S44,면목3·8동,108,신이문,127
S44,망우본동,109,신이문,127
S44,돈암1동,110,광운대,112
S44,돈암2동,111,광운대,112
S44,안암동,112,신이문,127
S44,보문동,113,신이문,127
S44,정릉1동,114,광운대,112
S44,정릉2동,115,광운대,112
S44,정릉3동,116,광운대,112
S44,정릉4동,117,광운대,112
S44,길음1동,118,광운대,112
S44,길음2동,119,광운대,112
S44,월곡1동,120,광운대,112
S44,월곡2동,121,신이문,127
S44,장위1동,122,광운대,112
S44,장위2동,123,광운대,112
S44,장위3동,124,광운대,112
S44,성북동,125,신이문,127
S44,삼선동,126,신이문,127
S44,동선동,127,광운대,112
S44,종암동,128,신이문,127
S44,석관동,129,신이문,127
S44,번1동,130,창동,97
S44,번2동,131,광운대,112
S44,번3동,132,광운대,112
S44,수유1동,133,창동,97
S44,수유2동,134,창동,97
S44,수유3동,135,창동,97
S44,삼양동,136,창동,97
S44,미아동,137,창동,97
S44,송중동,138,광운대,112
S44,송천동,139,광운대,112
S44,삼각산동,140,광운대,112
S44,우이동,141,창동,97
S44,인수동,142,창동,97
S44,쌍문1동,143,창동,97
S44,쌍문2동,144,창동,97
S44,쌍문3동,145,창동,97
S44,쌍문4동,146,창동,97
S44,방학1동,147,창동,97
S44,방학2동,148,창동,97
S44,방학3동,149,창동,97
S44,창1동,150,창동,97
S44,창2동,151,창동,97
S44,창3동,152,창동,97
S44,창4동,153,창동,97
S44,창5동,154,창동,97
S44,도봉1동,155,도봉산,120
S44,도봉2동,156,도봉산,120
S44,월계1동,157,광운대,112
S44,월계2동,158,광운대,112
S44,월계3동,159,광운대,112
S44,공릉2동,160,광운대,112
S44,하계1동,161,광운대,112
S44,하계2동,162,광운대,112
S44,중계본동,163,창동,97
S44,중계1동,164,창동,97
S44,중계4동,165,창동,97
S44,상계1동,166,도봉산,120
S44,상계2동,167,창동,97
S44,상계5동,168,창동,97
S44,상계8동,169,창동,97
S44,상계9동,170,도봉산,120
S44,상계10동,171,창동,97
S44,상계3·4동,172,창동,97
S44,상계6·7동,173,창동,97
S44,중계2·3동,174,창동,97
S44,공릉1동,175,광운대,112
S44,녹번동,176,광운대,112
S44,불광1동,177,불광,39
S44,갈현1동,178,불광,39
S44,갈현2동,179,불광,39
S44,구산동,180,불광,39
S44,대조동,181,불광,39
S44,응암1동,182,불광,39
S44,응암2동,183,불광,39
S44,신사1동,184,불광,39
S44,신사2동,185,구로,113
S44,증산동,186,구로,113
S44,수색동,187,구로,113
S44,진관동,188,불광,39
S44,불광2동,189,불광,39
S44,응암3동,190,구로,113
S44,역촌동,191,불광,39
S44,천연동,192,신이문,127
S44,홍제1동,193,신이문,127
S44,홍제3동,194,광운대,112
S44,홍제2동,195,서울역,47
S44,홍은1동,196,광운대,112
S44,홍은2동,197,광운대,112
S44,남가좌1동,198,구로,113
S44,남가좌2동,199,구로,113
S44,북가좌1동,200,구로,113
S44,북가좌2동,201,구로,113
S44,충현동,202,서울역,47
S44,북아현동,203,서울역,47
S44,신촌동,204,신이문,127
S44,연희동,205,구로,113
S44,용강동,206,대방,119
S44,대흥동,207,서울역,47
S44,염리동,208,서울역,47
S44,신수동,209,구로,113
S44,서교동,210,구로,113
S44,합정동,211,구로,113
S44,망원1동,212,구로,113
S44,망원2동,213,구로,113
S44,연남동,214,구로,113
S44,성산1동,215,구로,113
S44,성산2동,216,구로,113
S44,상암동,217,구로,113
S44,도화동,218,구로,113
S44,서강동,219,구로,113
S44,공덕동,220,서울역,47
S44,아현동,221,서울역,47
S44,목1동,222,양천구청,72
S44,목2동,223,양천구청,72
S44,목3동,224,양천구청,72
S44,목4동,225,양천구청,72
S44,신월1동,226,신정네거리,64
S44,신월2동,227,신정네거리,64
S44,신월3동,228,양천구청,72
S44,신월4동,229,양천구청,72
S44,신월5동,230,신정네거리,64
S44,신월6동,231,양천구청,72
S44,신월7동,232,양천구청,72
S44,신정1동,233,양천구청,72
S44,신정2동,234,양천구청,72
S44,신정3동,235,양천구청,72
S44,신정6동,236,양천구청,72
S44,신정7동,237,양천구청,72
S44,목5동,238,양천구청,72
S44,신정4동,239,양천구청,72
S44,염창동,240,양천구청,72
S44,등촌1동,241,양천구청,72
S44,등촌2동,242,양천구청,72
S44,등촌3동,243,양천구청,72
S44,화곡본동,244,신정네거리,64
S44,화곡2동,245,양천구청,72
S44,화곡3동,246,신정네거리,64
S44,화곡4동,247,양천구청,72
S44,화곡6동,248,신정네거리,64
S44,화곡8동,249,신정네거리,64
S44,가양2동,250,양천구청,72
S44,가양3동,251,양천구청,72
S44,발산1동,252,양천구청,72
S44,공항동,253,양천구청,72
S44,방화1동,254,신정네거리,64
S44,방화2동,255,양천구청,72
S44,화곡1동,256,신정네거리,64
S44,우장산동,257,양천구청,72
S44,가양1동,258,신정네거리,64
S44,방화3동,259,신정네거리,64
S44,신도림동,260,구로,113
S44,구로1동,261,구로,113
S44,구로3동,262,구로,113
S44,구로4동,263,구로,113
S44,구로5동,264,구로,113
S44,고척1동,265,구로,113
S44,고척2동,266,양천구청,72
S44,개봉2동,267,구로,113
S44,개봉3동,268,구로,113
S44,오류1동,269,양천구청,72
S44,수궁동,270,양천구청,72
S44,가리봉동,271,구로,113
S44,구로2동,272,구로,113
S44,개봉1동,273,양천구청,72
S44,오류2동,274,양천구청,72
S44,항동,275,양천구청,72
S44,가산동,276,구로,113
S44,독산1동,277,독산,122
S44,독산2동,278,독산,122
S44,독산3동,279,구로,113
S44,독산4동,280,구로,113
S44,시흥1동,281,독산,122
S44,시흥2동,282,독산,122
S44,시흥3동,283,독산,122
S44,시흥4동,284,독산,122
S44,시흥5동,285,독산,122
S44,여의동,286,구로,113
S44,당산1동,287,구로,113
S44,당산2동,288,구로,113
S44,양평1동,289,구로,113
S44,양평2동,290,구로,113
S44,신길1동,291,구로,113
S44,신길3동,292,구로,113
S44,신길4동,293,구로,113
S44,신길5동,294,구로,113
S44,신길6동,295,구로,113
S44,신길7동,296,구로,113
S44,대림1동,297,구로,113
S44,대림2동,298,구로,113
S44,대림3동,299,구로,113
S44,영등포본동,300,구로,113
S44,영등포동,301,구로,113
S44,도림동,302,구로,113
S44,문래동,303,구로,113
S44,노량진2동,304,구로,113
S44,상도1동,305,대방,119
S44,상도2동,306,구로,113
S44,상도3동,307,구로,113
S44,상도4동,308,구로,113
S44,사당1동,309,총신대입구,99
S44,사당3동,310,총신대입구,99
S44,사당4동,311,총신대입구,99
S44,사당5동,312,총신대입구,99
S44,대방동,313,대방,119
S44,신대방1동,314,구로,113
S44,신대방2동,315,구로,113
S44,흑석동,316,대방,119
S44,노량진1동,317,대방,119
S44,사당2동,318,총신대입구,99
S44,보라매동,319,구로,113
S44,청림동,320,대방,119
S44,행운동,321,총신대입구,99
S44,낙성대동,322,총신대입구,99
S44,중앙동,323,구로,113
S44,인헌동,324,총신대입구,99
S44,남현동,325,구로,113
S44,서원동,326,구로,113
S44,신원동,327,구로,113
S44,서림동,328,구로,113
S44,신사동,329,구로,113
S44,신림동,330,구로,113
S44,난향동,331,구로,113
S44,조원동,332,구로,113
S44,대학동,333,구로,113
S44,은천동,334,구로,113
S44,성현동,335,구로,113
S44,청룡동,336,구로,113
S44,난곡동,337,구로,113
S44,삼성동,338,구로,113
S44,미성동,339,구로,113
S44,서초1동,340,역삼,73
S44,서초2동,341,역삼,73
S44,서초3동,342,총신대입구,99
S44,서초4동,343,역삼,73
S44,잠원동,344,용답,79
S44,반포본동,345,총신대입구,99
S44,반포1동,346,역삼,73
S44,반포2동,347,총신대입구,99
S44,반포3동,348,용답,79
S44,반포4동,349,총신대입구,99
S44,방배본동,350,총신대입구,99
S44,방배1동,351,총신대입구,99
S44,방배2동,352,총신대입구,99
S44,방배3동,353,총신대입구,99
S44,방배4동,354,총신대입구,99
S44,양재1동,355,도곡,22
S44,양재2동,356,도곡,22
S44,내곡동,357,수서,52
S44,신사동,358,용답,79
S44,개포3동,359,도곡,22
S44,논현1동,360,용답,79
S44,논현2동,361,용답,79
S44,삼성1동,362,용답,79
S44,삼성2동,363,용답,79
S44,대치1동,364,도곡,22
S44,대치4동,365,도곡,22
S44,역삼1동,366,역삼,73
S44,역삼2동,367,역삼,73
S44,도곡1동,368,도곡,22
S44,도곡2동,369,도곡,22
S44,개포1동,370,도곡,22
S44,개포4동,371,도곡,22
S44,일원본동,372,수서,52
S44,일원1동,373,수서,52
S44,수서동,374,수서,52
S44,세곡동,375,수서,52
S44,압구정동,376,용답,79
S44,청담동,377,용답,79
S44,대치2동,378,도곡,22
S44,개포2동,379,수서,52
S44,풍납1동,380,신이문,127
S44,풍납2동,381,신이문,127
S44,거여1동,382,수서,52
S44,거여2동,383,수서,52
S44,마천1동,384,수서,52
S44,마천2동,385,수서,52
S44,방이1동,386,수서,52
S44,방이2동,387,수서,52
S44,오륜동,388,수서,52
S44,오금동,389,수서,52
S44,송파1동,390,수서,52
S44,송파2동,391,수서,52
S44,석촌동,392,수서,52
S44,삼전동,393,수서,52
S44,가락본동,394,수서,52
S44,가락1동,395,수서,52
S44,가락2동,396,수서,52
S44,문정1동,397,수서,52
S44,문정2동,398,수서,52
S44,잠실본동,399,수서,52
S44,잠실4동,400,용답,79
S44,잠실6동,401,용답,79
S44,잠실7동,402,용답,79
S44,잠실2동,403,용답,79
S44,잠실3동,404,용답,79
S44,장지동,405,수서,52
S44,위례동,406,수서,52
S44,명일1동,407,용답,79
S44,명일2동,408,신이문,127
S44,고덕1동,409,용답,79
S44,고덕2동,410,신이문,127
S44,암사2동,411,신이문,127
S44,암사3동,412,신이문,127
S44,천호1동,413,신이문,127
S44,천호3동,414,신이문,127
S44,성내1동,415,신이문,127
S44,성내2동,416,신이문,127
S44,성내3동,417,신이문,127
S44,둔촌1동,418,신이문,127
S44,둔촌2동,419,신이문,127
S44,암사1동,420,신이문,127
S44,천호2동,421,신이문,127
S44,길동,422,용답,79
S44,강일동,423,신이문,127
S44,상일1동,424,신이문,127
S44,상일2동,425,신이문,127
S45,사직동,0,경복궁,4
S45,삼청동,1,안국,68
S45,부암동,2,경복궁,4
S45,평창동,3,불광,39
S45,무악동,4,경복궁,4
S45,교남동,5,경복궁,4
S45,가회동,6,안국,68
S45,종로1·2·3·4가동,7,안국,68
S45,종로5·6가동,8,동대입구,27
S45,이화동,9,안국,68
S45,창신1동,10,동대입구,27
S45,창신2동,11,동대입구,27
S45,창신3동,12,청량리,98
S45,숭인1동,13,청량리,98
S45,숭인2동,14,청량리,98
S45,청운효자동,15,경복궁,4
S45,혜화동,16,안국,68
S45,소공동,17,경복궁,4
S45,회현동,18,숙대입구,54
S45,명동,19,안국,68
S45,필동,20,동대입구,27
S45,장충동,21,숙대입구,54
S45,광희동,22,동대입구,27
S45,을지로동,23,동대입구,27
S45,신당5동,24,동대입구,27
S45,황학동,25,동대입구,27
S45,중림동,26,충정로,101
S45,신당동,27,동대입구,27
S45,다산동,28,동대입구,27
S45,약수동,29,동대입구,27
S45,청구동,30,동대입구,27
S45,동화동,31,동대입구,27
S45,후암동,32,숙대입구,54
S45,용산2가동,33,숙대입구,54
S45,남영동,34,숙대입구,54
S45,원효로2동,35,신용산,63
S45,효창동,36,숙대입구,54
S45,용문동,37,신용산,63
S45,이촌1동,38,신용산,63
S45,이촌2동,39,신용산,63
S45,이태원1동,40,숙대입구,54
S45,이태원2동,41,숙대입구,54
S45,서빙고동,42,신용산,63
S45,보광동,43,압구정,69
S45,청파동,44,숙대입구,54
S45,원효로1동,45,숙대입구,54
S45,한강로동,46,신용산,63
S45,한남동,47,압구정,69
S45,왕십리2동,48,청량리,98
S45,마장동,49,청량리,98
S45,사근동,50,청량리,98
S45,행당1동,51,청량리,98
S45,행당2동,52,청량리,98
S45,응봉동,53,동대입구,27
S45,금호1가동,54,동대입구,27
S45,금호4가동,55,동대입구,27
S45,성수1가1동,56,뚝섬,30
S45,성수1가2동,57,뚝섬,30
S45,성수2가1동,58,뚝섬,30
S45,성수2가3동,59,뚝섬,30
S45,송정동,60,뚝섬,30
S45,용답동,61,청량리,98
S45,왕십리도선동,62,청량리,98
S45,금호2·3가동,63,동대입구,27
S45,옥수동,64,압구정,69
S45,화양동,65,구의,9
S45,군자동,66,구의,9
S45,중곡1동,67,청량리,98
S45,중곡2동,68,구의,9
S45,중곡3동,69,청량리,98
S45,중곡4동,70,구의,9
S45,능동,71,구의,9
S45,구의1동,72,구의,9
S45,구의2동,73,구의,9
S45,구의3동,74,구의,9
S45,광장동,75,구의,9
S45,자양1동,76,구의,9
S45,자양2동,77,구의,9
S45,자양3동,78,구의,9
S45,자양4동,79,뚝섬,30
S45,회기동,80,청량리,98
S45,휘경1동,81,청량리,98
S45,휘경2동,82,석계,124
S45,청량리동,83,청량리,98
S45,용신동,84,청량리,98
S45,제기동,85,청량리,98
S45,전농1동,86,청량리,98
S45,전농2동,87,청량리,98
S45,답십리2동,88,청량리,98
S45,장안1동,89,청량리,98
S45,장안2동,90,청량리,98
S45,이문1동,91,석계,124
S45,이문2동,92,석계,124
S45,답십리1동,93,청량리,98
S45,면목2동,94,석계,124
S45,면목4동,95,청량리,98
S45,면목5동,96,청량리,98
S45,면목7동,97,청량리,98
S45,상봉1동,98,석계,124
S45,상봉2동,99,석계,124
S45,중화1동,100,석계,124
S45,중화2동,101,석계,124
S45,묵1동,102,석계,124
S45,묵2동,103,석계,124
S45,망우3동,104,석계,124
S45,신내1동,105,석계,124
S45,신내2동,106,석계,124
S45,면목본동,107,석계,124
S45,면목3·8동,108,석계,124
S45,망우본동,109,석계,124
S45,돈암1동,110,미아사거리,36
S45,돈암2동,111,미아사거리,36
S45,안암동,112,청량리,98
S45,보문동,113,청량리,98
S45,정릉1동,114,미아사거리,36
S45,정릉2동,115,미아사거리,36
S45,정릉3동,116,미아사거리,36
S45,정릉4동,117,미아사거리,36
S45,길음1동,118,미아사거리,36
S45,길음2동,119,미아사거리,36
S45,월곡1동,120,미아사거리,36
S45,월곡2동,121,석계,124
S45,장위1동,122,광운대,112
S45,장위2동,123,석계,124
S45,장위3동,124,광운대,112
S45,성북동,125,안국,68
S45,삼선동,126,청량리,98
S45,동선동,127,청량리,98
S45,종암동,128,청량리,98
S45,석관동,129,석계,124
S45,번1동,130,창동,97
S45,번2동,131,광운대,112
S45,번3동,132,광운대,112
S45,수유1동,133,미아사거리,36
S45,수유2동,134,창동,97
S45,수유3동,135,창동,97
S45,삼양동,136,미아사거리,36
S45,미아동,137,미아사거리,36
S45,송중동,138,미아사거리,36
S45,송천동,139,미아사거리,36
S45,삼각산동,140,미아사거리,36
S45,우이동,141,창동,97
S45,인수동,142,창동,97
S45,쌍문1동,143,창동,97
S45,쌍문2동,144,창동,97
S45,쌍문3동,145,창동,97
S45,쌍문4동,146,창동,97
S45,방학1동,147,창동,97
S45,방학2동,148,창동,97
S45,방학3동,149,창동,97
S45,창1동,150,창동,97
S45,창2동,151,창동,97
S45,창3동,152,창동,97
S45,창4동,153,창동,97
S45,창5동,154,창동,97
S45,도봉1동,155,도봉산,120
S45,도봉2동,156,도봉산,120
S45,월계1동,157,광운대,112
S45,월계2동,158,광운대,112
S45,월계3동,159,석계,124
S45,공릉2동,160,석계,124
S45,하계1동,161,광운대,112
S45,하계2동,162,광운대,112
S45,중계본동,163,창동,97
S45,중계1동,164,창동,97
S45,중계4동,165,창동,97
S45,상계1동,166,도봉산,120
S45,상계2동,167,창동,97
S45,상계5동,168,창동,97
S45,상계8동,169,창동,97
S45,상계9동,170,도봉산,120
S45,상계10동,171,창동,97
S45,상계3·4동,172,창동,97
S45,상계6·7동,173,창동,97
S45,중계2·3동,174,창동,97
S45,공릉1동,175,석계,124
S45,녹번동,176,불광,39
S45,불광1동,177,불광,39
S45,갈현1동,178,불광,39
S45,갈현2동,179,불광,39
S45,구산동,180,불광,39
S45,대조동,181,불광,39
S45,응암1동,182,녹번,17
S45,응암2동,183,녹번,17
S45,신사1동,184,녹번,17
S45,신사2동,185,녹번,17
S45,증산동,186,녹번,17
S45,수색동,187,녹번,17
S45,진관동,188,불광,39
S45,불광2동,189,불광,39
S45,응암3동,190,녹번,17
S45,역촌동,191,불광,39
S45,천연동,192,경복궁,4
S45,홍제1동,193,녹번,17
S45,홍제3동,194,녹번,17
S45,홍제2동,195,녹번,17
S45,홍은1동,196,녹번,17
S45,홍은2동,197,녹번,17
S45,남가좌1동,198,녹번,17
S45,남가좌2동,199,녹번,17
S45,북가좌1동,200,녹번,17
S45,북가좌2동,201,녹번,17
S45,충현동,202,충정로,101
S45,북아현동,203,충정로,101
S45,신촌동,204,경복궁,4
S45,연희동,205,녹번,17
S45,용강동,206,숙대입구,54
S45,대흥동,207,충정로,101
S45,염리동,208,숙대입구,54
S45,신수동,209,숙대입구,54
S45,서교동,210,충정로,101
S45,합정동,211,구로,113
S45,망원1동,212,구로,113
S45,망원2동,213,녹번,17
S45,연남동,214,충정로,101
S45,성산1동,215,녹번,17
S45,성산2동,216,녹번,17
S45,상암동,217,녹번,17
S45,도화동,218,신용산,63
S45,서강동,219,충정로,101
S45,공덕동,220,숙대입구,54
S45,아현동,221,충정로,101
S45,목1동,222,양천구청,72
S45,목2동,223,양천구청,72
S45,목3동,224,양천구청,72
S45,목4동,225,양천구청,72
S45,신월1동,226,양천구청,72
S45,신월2동,227,양천구청,72
S45,신월3동,228,양천구청,72
S45,신월4동,229,양천구청,72
S45,신월5동,230,양천구청,72
S45,신월6동,231,양천구청,72
S45,신월7동,232,양천구청,72
S45,신정1동,233,양천구청,72
S45,신정2동,234,양천구청,72
S45,신정3동,235,양천구청,72
S45,신정6동,236,양천구청,72
S45,신정7동,237,양천구청,72
S45,목5동,238,양천구청,72
S45,신정4동,239,양천구청,72
S45,염창동,240,양천구청,72
S45,등촌1동,241,양천구청,72
S45,등촌2동,242,양천구청,72
S45,등촌3동,243,양천구청,72
S45,화곡본동,244,양천구청,72
S45,화곡2동,245,양천구청,72
S45,화곡3동,246,양천구청,72
S45,화곡4동,247,양천구청,72
S45,화곡6동,248,양천구청,72
S45,화곡8동,249,양천구청,72
S45,가양2동,250,양천구청,72
S45,가양3동,251,양천구청,72
S45,발산1동,252,양천구청,72
S45,공항동,253,양천구청,72
S45,방화1동,254,양천구청,72
S45,방화2동,255,양천구청,72
S45,화곡1동,256,양천구청,72
S45,우장산동,257,양천구청,72
S45,가양1동,258,양천구청,72
S45,방화3동,259,양천구청,72
S45,신도림동,260,구로,113
S45,구로1동,261,구로,113
S45,구로3동,262,구로,113
S45,구로4동,263,구로,113
S45,구로5동,264,구로,113
S45,고척1동,265,구로,113
S45,고척2동,266,양천구청,72
S45,개봉2동,267,양천구청,72
S45,개봉3동,268,양천구청,72
S45,오류1동,269,양천구청,72
S45,수궁동,270,양천구청,72
S45,가리봉동,271,구로,113
S45,구로2동,272,구로,113
S45,개봉1동,273,양천구청,72
S45,오류2동,274,양천구청,72
S45,항동,275,양천구청,72
S45,가산동,276,구로,113
S45,독산1동,277,구로,113
S45,독산2동,278,구로,113
S45,독산3동,279,구로,113
S45,독산4동,280,구로,113
S45,시흥1동,281,구로,113
S45,시흥2동,282,구로,113
S45,시흥3동,283,구로,113
S45,시흥4동,284,구로,113
S45,시흥5동,285,구로,113
S45,여의동,286,구로,113
S45,당산1동,287,구로,113
S45,당산2동,288,구로,113
S45,양평1동,289,구로,113
S45,양평2동,290,구로,113
S45,신길1동,291,구로,113
S45,신길3동,292,구로,113
S45,신길4동,293,구로,113
S45,신길5동,294,구로,113
S45,신길6동,295,구로,113
S45,신길7동,296,구로,113
S45,대림1동,297,구로,113
S45,대림2동,298,구로,113
S45,대림3동,299,구로,113
S45,영등포본동,300,구로,113
S45,영등포동,301,구로,113
S45,도림동,302,구로,113
S45,문래동,303,구로,113
S45,노량진2동,304,신용산,63
S45,상도1동,305,총신대입구,99
S45,상도2동,306,신용산,63
S45,상도3동,307,구로,113
S45,상도4동,308,신용산,63
S45,사당1동,309,총신대입구,99
S45,사당3동,310,총신대입구,99
S45,사당4동,311,총신대입구,99
S45,사당5동,312,총신대입구,99
S45,대방동,313,구로,113
S45,신대방1동,314,구로,113
S45,신대방2동,315,구로,113
S45,흑석동,316,신용산,63
S45,노량진1동,317,신용산,63
S45,사당2동,318,총신대입구,99
S45,보라매동,319,신용산,63
S45,청림동,320,총신대입구,99
S45,행운동,321,총신대입구,99
S45,낙성대동,322,총신대입구,99
S45,중앙동,323,총신대입구,99
S45,인헌동,324,총신대입구,99
S45,남현동,325,총신대입구,99
S45,서원동,326,총신대입구,99
S45,신원동,327,구로,113
S45,서림동,328,총신대입구,99
S45,신사동,329,구로,113
S45,신림동,330,구로,113
S45,난향동,331,구로,113
S45,조원동,332,구로,113
S45,대학동,333,총신대입구,99
S45,은천동,334,총신대입구,99
S45,성현동,335,총신대입구,99
S45,청룡동,336,총신대입구,99
S45,난곡동,337,구로,113
S45,삼성동,338,구로,113
S45,미성동,339,구로,113
S45,서초1동,340,도곡,22
S45,서초2동,341,도곡,22
S45,서초3동,342,총신대입구,99
S45,서초4동,343,압구정,69
S45,잠원동,344,압구정,69
S45,반포본동,345,총신대입구,99
S45,반포1동,346,압구정,69
S45,반포2동,347,총신대입구,99
S45,반포3동,348,압구정,69
S45,반포4동,349,총신대입구,99
S45,방배본동,350,총신대입구,99
S45,방배1동,351,총신대입구,99
S45,방배2동,352,총신대입구,99
S45,방배3동,353,총신대입구,99
S45,방배4동,354,총신대입구,99
S45,양재1동,355,도곡,22
S45,양재2동,356,도곡,22
S45,내곡동,357,수서,52
S45,신사동,358,압구정,69
S45,개포3동,359,도곡,22
S45,논현1동,360,압구정,69
S45,논현2동,361,압구정,69
S45,삼성1동,362,도곡,22
S45,삼성2동,363,도곡,22
S45,대치1동,364,도곡,22
S45,대치4동,365,도곡,22
S45,역삼1동,366,압구정,69
S45,역삼2동,367,도곡,22
S45,도곡1동,368,도곡,22
S45,도곡2동,369,도곡,22
S45,개포1동,370,도곡,22
S45,개포4동,371,도곡,22
S45,일원본동,372,수서,52
S45,일원1동,373,수서,52
S45,수서동,374,수서,52
S45,세곡동,375,수서,52
S45,압구정동,376,압구정,69
S45,청담동,377,압구정,69
S45,대치2동,378,도곡,22
S45,개포2동,379,도곡,22
S45,풍납1동,380,구의,9
S45,풍납2동,381,구의,9
S45,거여1동,382,수서,52
S45,거여2동,383,수서,52
S45,마천1동,384,수서,52
S45,마천2동,385,수서,52
S45,방이1동,386,수서,52
S45,방이2동,387,수서,52
S45,오륜동,388,수서,52
S45,오금동,389,수서,52
S45,송파1동,390,수서,52
S45,송파2동,391,수서,52
S45,석촌동,392,수서,52
S45,삼전동,393,수서,52
S45,가락본동,394,수서,52
S45,가락1동,395,수서,52
S45,가락2동,396,수서,52
S45,문정1동,397,수서,52
S45,문정2동,398,수서,52
S45,잠실본동,399,수서,52
S45,잠실4동,400,구의,9
S45,잠실6동,401,구의,9
S45,잠실7동,402,도곡,22
S45,잠실2동,403,구의,9
S45,잠실3동,404,수서,52
S45,장지동,405,수서,52
S45,위례동,406,수서,52
S45,명일1동,407,구의,9
S45,명일2동,408,구의,9
S45,고덕1동,409,구의,9
S45,고덕2동,410,구의,9
S45,암사2동,411,구의,9
S45,암사3동,412,구의,9
S45,천호1동,413,구의,9
S45,천호3동,414,구의,9
S45,성내1동,415,구의,9
S45,성내2동,416,구의,9
S45,성내3동,417,수서,52
S45,둔촌1동,418,수서,52
S45,둔촌2동,419,수서,52
S45,암사1동,420,구의,9
S45,천호2동,421,구의,9
S45,길동,422,구의,9
S45,강일동,423,구의,9
S45,상일1동,424,구의,9
S45,상일2동,425,구의,9
S47,사직동,0,석계,124
S47,삼청동,1,석계,124
S47,부암동,2,석계,124
S47,평창동,3,창동,97
S47,무악동,4,서울역,47
S47,교남동,5,서울역,47
S47,가회동,6,석계,124
S47,종로1·2·3·4가동,7,신설동,62
S47,종로5·6가동,8,신설동,62
S47,이화동,9,석계,124
S47,창신1동,10,신설동,62
S47,창신2동,11,석계,124
S47,창신3동,12,석계,124
S47,숭인1동,13,신설동,62
S47,숭인2동,14,신설동,62
S47,청운효자동,15,석계,124
S47,혜화동,16,석계,124
S47,소공동,17,서울역,47
S47,회현동,18,서울역,47
S47,명동,19,서울역,47
S47,필동,20,신설동,62
S47,장충동,21,서울역,47
S47,광희동,22,신설동,62
S47,을지로동,23,신설동,62
S47,신당5동,24,신설동,62
S47,황학동,25,신설동,62
S47,중림동,26,서울역,47
S47,신당동,27,신설동,62
S47,다산동,28,신설동,62
S47,약수동,29,신설동,62
S47,청구동,30,신설동,62
S47,동화동,31,신설동,62
S47,후암동,32,서울역,47
S47,용산2가동,33,서울역,47
S47,남영동,34,서울역,47
S47,원효로2동,35,서울역,47
S47,효창동,36,서울역,47
S47,용문동,37,서울역,47
S47,이촌1동,38,대방,119
S47,이촌2동,39,대방,119
S47,이태원1동,40,신설동,62
S47,이태원2동,41,서울역,47
S47,서빙고동,42,총신대입구,99
S47,보광동,43,석계,124
S47,청파동,44,서울역,47
S47,원효로1동,45,서울역,47
S47,한강로동,46,서울역,47
S47,한남동,47,석계,124
S47,왕십리2동,48,신이문,127
S47,마장동,49,용답,79
S47,사근동,50,용답,79
S47,행당1동,51,용답,79
S47,행당2동,52,신이문,127
S47,응봉동,53,용답,79
S47,금호1가동,54,석계,124
S47,금호4가동,55,신이문,127
S47,성수1가1동,56,용답,79
S47,성수1가2동,57,용답,79
S47,성수2가1동,58,용답,79
S47,성수2가3동,59,용답,79
S47,송정동,60,용답,79
S47,용답동,61,용답,79
S47,왕십리도선동,62,석계,124
S47,금호2·3가동,63,신설동,62
S47,옥수동,64,석계,124
S47,화양동,65,용답,79
S47,군자동,66,용답,79
S47,중곡1동,67,신이문,127
S47,중곡2동,68,신이문,127
S47,중곡3동,69,신이문,127
S47,중곡4동,70,신이문,127
S47,능동,71,용답,79
S47,구의1동,72,신이문,127
S47,구의2동,73,신이문,127
S47,구의3동,74,신이문,127
S47,광장동,75,신이문,127
S47,자양1동,76,용답,79
S47,자양2동,77,용답,79
S47,자양3동,78,용답,79
S47,자양4동,79,용답,79
S47,회기동,80,석계,124
S47,휘경1동,81,신이문,127
S47,휘경2동,82,신이문,127
S47,청량리동,83,신이문,127
S47,용신동,84,석계,124
S47,제기동,85,석계,124
S47,전농1동,86,신이문,127
S47,전농2동,87,신이문,127
S47,답십리2동,88,용답,79
S47,장안1동,89,신이문,127
S47,장안2동,90,신이문,127
S47,이문1동,91,석계,124
S47,이문2동,92,석계,124
S47,답십리1동,93,용답,79
S47,면목2동,94,석계,124
S47,면목4동,95,신이문,127
S47,면목5동,96,석계,124
S47,면목7동,97,신이문,127
S47,상봉1동,98,석계,124
S47,상봉2동,99,석계,124
S47,중화1동,100,석계,124
S47,중화2동,101,석계,124
S47,묵1동,102,석계,124
S47,묵2동,103,석계,124
S47,망우3동,104,석계,124
S47,신내1동,105,석계,124
S47,신내2동,106,석계,124
S47,면목본동,107,석계,124
S47,면목3·8동,108,석계,124
S47,망우본동,109,석계,124
S47,돈암1동,110,석계,124
S47,돈암2동,111,석계,124
S47,안암동,112,석계,124
S47,보문동,113,석계,124
S47,정릉1동,114,석계,124
S47,정릉2동,115,석계,124
S47,정릉3동,116,석계,124
S47,정릉4동,117,창동,97
S47,길음1동,118,석계,124
S47,길음2동,119,석계,124
S47,월곡1동,120,석계,124
S47,월곡2동,121,석계,124
S47,장위1동,122,석계,124
S47,장위2동,123,석계,124
S47,장위3동,124,석계,124
S47,성북동,125,석계,124
S47,삼선동,126,석계,124
S47,동선동,127,석계,124
S47,종암동,128,석계,124
S47,석관동,129,석계,124
S47,번1동,130,창동,97
S47,번2동,131,창동,97
S47,번3동,132,석계,124
S47,수유1동,133,창동,97
S47,수유2동,134,창동,97
S47,수유3동,135,창동,97
S47,삼양동,136,창동,97
S47,미아동,137,창동,97
S47,송중동,138,석계,124
S47,송천동,139,창동,97
S47,삼각산동,140,창동,97
S47,우이동,141,창동,97
S47,인수동,142,창동,97
S47,쌍문1동,143,창동,97
S47,쌍문2동,144,창동,97
S47,쌍문3동,145,창동,97
S47,쌍문4동,146,창동,97
S47,방학1동,147,창동,97
S47,방학2동,148,창동,97
S47,방학3동,149,창동,97
S47,창1동,150,창동,97
S47,창2동,151,창동,97
S47,창3동,152,창동,97
S47,창4동,153,창동,97
S47,창5동,154,창동,97
S47,도봉1동,155,창동,97
S47,도봉2동,156,창동,97
S47,월계1동,157,석계,124
S47,월계2동,158,창동,97
S47,월계3동,159,석계,124
S47,공릉2동,160,석계,124
S47,하계1동,161,창동,97
S47,하계2동,162,창동,97
S47,중계본동,163,창동,97
S47,중계1동,164,창동,97
S47,중계4동,165,창동,97
S47,상계1동,166,창동,97
S47,상계2동,167,창동,97
S47,상계5동,168,창동,97
S47,상계8동,169,창동,97
S47,상계9동,170,창동,97
S47,상계10동,171,창동,97
S47,상계3·4동,172,창동,97
S47,상계6·7동,173,창동,97
S47,중계2·3동,174,창동,97
S47,공릉1동,175,석계,124
S47,녹번동,176,불광,39
S47,불광1동,177,불광,39
S47,갈현1동,178,불광,39
S47,갈현2동,179,불광,39
S47,구산동,180,불광,39
S47,대조동,181,불광,39
S47,응암1동,182,불광,39
S47,응암2동,183,불광,39
S47,신사1동,184,불광,39
S47,신사2동,185,불광,39
S47,증산동,186,불광,39
S47,수색동,187,불광,39
S47,진관동,188,불광,39
S47,불광2동,189,불광,39
S47,응암3동,190,불광,39
S47,역촌동,191,불광,39
S47,천연동,192,서울역,47
S47,홍제1동,193,서울역,47
S47,홍제3동,194,석계,124
S47,홍제2동,195,서울역,47
S47,홍은1동,196,석계,124
S47,홍은2동,197,석계,124
S47,남가좌1동,198,충정로,101
S47,남가좌2동,199,충정로,101
S47,북가좌1동,200,충정로,101
S47,북가좌2동,201,충정로,101
S47,충현동,202,충정로,101
S47,북아현동,203,충정로,101
S47,신촌동,204,충정로,101
S47,연희동,205,충정로,101
S47,용강동,206,서울역,47
S47,대흥동,207,충정로,101
S47,염리동,208,서울역,47
S47,신수동,209,충정로,101
S47,서교동,210,충정로,101
S47,합정동,211,구로,113
S47,망원1동,212,구로,113
S47,망원2동,213,구로,113
S47,연남동,214,충정로,101
S47,성산1동,215,충정로,101
S47,성산2동,216,양천구청,72
S47,상암동,217,양천구청,72
S47,도화동,218,서울역,47
S47,서강동,219,대방,119
S47,공덕동,220,서울역,47
S47,아현동,221,충정로,101
S47,목1동,222,양천구청,72
S47,목2동,223,양천구청,72
S47,목3동,224,양천구청,72
S47,목4동,225,양천구청,72
S47,신월1동,226,신정네거리,64
S47,신월2동,227,신정네거리,64
S47,신월3동,228,양천구청,72
S47,신월4동,229,양천구청,72
S47,신월5동,230,신정네거리,64
S47,신월6동,231,양천구청,72
S47,신월7동,232,양천구청,72
S47,신정1동,233,양천구청,72
S47,신정2동,234,양천구청,72
S47,신정3동,235,양천구청,72
S47,신정6동,236,양천구청,72
S47,신정7동,237,양천구청,72
S47,목5동,238,양천구청,72
S47,신정4동,239,양천구청,72
S47,염창동,240,양천구청,72
S47,등촌1동,241,양천구청,72
S47,등촌2동,242,양천구청,72
S47,등촌3동,243,양천구청,72
S47,화곡본동,244,신정네거리,64
S47,화곡2동,245,양천구청,72
S47,화곡3동,246,신정네거리,64
S47,화곡4동,247,양천구청,72
S47,화곡6동,248,신정네거리,64
S47,화곡8동,249,신정네거리,64
S47,가양2동,250,양천구청,72
S47,가양3동,251,양천구청,72
S47,발산1동,252,양천구청,72
S47,공항동,253,양천구청,72
S47,방화1동,254,신정네거리,64
S47,방화2동,255,양천구청,72
S47,화곡1동,256,신정네거리,64
S47,우장산동,257,신정네거리,64
S47,가양1동,258,신정네거리,64
S47,방화3동,259,신정네거리,64
S47,신도림동,260,구로,113
S47,구로1동,261,구로,113
S47,구로3동,262,구로,113
S47,구로4동,263,구로,113
S47,구로5동,264,구로,113
S47,고척1동,265,양천구청,72
S47,고척2동,266,양천구청,72
S47,개봉2동,267,양천구청,72
S47,개봉3동,268,양천구청,72
S47,오류1동,269,양천구청,72
S47,수궁동,270,양천구청,72
S47,가리봉동,271,구로,113
S47,구로2동,272,구로,113
S47,개봉1동,273,양천구청,72
S47,오류2동,274,양천구청,72
S47,항동,275,양천구청,72
S47,가산동,276,구로,113
S47,독산1동,277,독산,122
S47,독산2동,278,독산,122
S47,독산3동,279,독산,122
S47,독산4동,280,독산,122
S47,시흥1동,281,독산,122
S47,시흥2동,282,독산,122
S47,시흥3동,283,독산,122
S47,시흥4동,284,독산,122
S47,시흥5동,285,독산,122
S47,여의동,286,대방,119
S47,당산1동,287,구로,113
S47,당산2동,288,구로,113
S47,양평1동,289,양천구청,72
S47,양평2동,290,양천구청,72
S47,신길1동,291,대방,119
S47,신길3동,292,구로,113
S47,신길4동,293,구로,113
S47,신길5동,294,구로,113
S47,신길6동,295,구로,113
S47,신길7동,296,대방,119
S47,대림1동,297,구로,113
S47,대림2동,298,구로,113
S47,대림3동,299,구로,113
S47,영등포본동,300,구로,113
S47,영등포동,301,구로,113
S47,도림동,302,구로,113
S47,문래동,303,구로,113
S47,노량진2동,304,대방,119
S47,상도1동,305,대방,119
S47,상도2동,306,대방,119
S47,상도3동,307,대방,119
S47,상도4동,308,대방,119
S47,사당1동,309,총신대입구,99
S47,사당3동,310,총신대입구,99
S47,사당4동,311,총신대입구,99
S47,사당5동,312,총신대입구,99
S47,대방동,313,대방,119
S47,신대방1동,314,구로,113
S47,신대방2동,315,대방,119
S47,흑석동,316,대방,119
S47,노량진1동,317,대방,119
S47,사당2동,318,총신대입구,99
S47,보라매동,319,대방,119
S47,청림동,320,총신대입구,99
S47,행운동,321,총신대입구,99
S47,낙성대동,322,총신대입구,99
S47,중앙동,323,총신대입구,99
S47,인헌동,324,총신대입구,99
S47,남현동,325,총신대입구,99
S47,서원동,326,구로,113
S47,신원동,327,구로,113
S47,서림동,328,구로,113
S47,신사동,329,구로,113
S47,신림동,330,구로,113
S47,난향동,331,구로,113
S47,조원동,332,구로,113
S47,대학동,333,구로,113
S47,은천동,334,구로,113
S47,성현동,335,총신대입구,99
S47,청룡동,336,총신대입구,99
S47,난곡동,337,구로,113
S47,삼성동,338,독산,122
S47,미성동,339,구로,113
S47,서초1동,340,교대,7
S47,서초2동,341,교대,7
S47,서초3동,342,총신대입구,99
S47,서초4동,343,교대,7
S47,잠원동,344,용답,79
S47,반포본동,345,총신대입구,99
S47,반포1동,346,교대,7
S47,반포2동,347,총신대입구,99
S47,반포3동,348,용답,79
S47,반포4동,349,총신대입구,99
S47,방배본동,350,총신대입구,99
S47,방배1동,351,총신대입구,99
S47,방배2동,352,총신대입구,99
S47,방배3동,353,총신대입구,99
S47,방배4동,354,총신대입구,99
S47,양재1동,355,교대,7
S47,양재2동,356,수서,52
S47,내곡동,357,수서,52
S47,신사동,358,용답,79
S47,개포3동,359,수서,52
S47,논현1동,360,용답,79
S47,논현2동,361,용답,79
S47,삼성1동,362,용답,79
S47,삼성2동,363,용답,79
S47,대치1동,364,수서,52
S47,대치4동,365,수서,52
S47,역삼1동,366,교대,7
S47,역삼2동,367,도곡,22
S47,도곡1동,368,도곡,22
S47,도곡2동,369,도곡,22
S47,개포1동,370,수서,52
S47,개포4동,371,수서,52
S47,일원본동,372,수서,52
S47,일원1동,373,수서,52
S47,수서동,374,수서,52
S47,세곡동,375,수서,52
S47,압구정동,376,용답,79
S47,청담동,377,용답,79
S47,대치2동,378,수서,52
S47,개포2동,379,수서,52
S47,풍납1동,380,신이문,127
S47,풍납2동,381,신이문,127
S47,거여1동,382,수서,52
S47,거여2동,383,수서,52
S47,마천1동,384,수서,52
S47,마천2동,385,수서,52
S47,방이1동,386,수서,52
S47,방이2동,387,수서,52
S47,오륜동,388,수서,52
S47,오금동,389,수서,52
S47,송파1동,390,수서,52
S47,송파2동,391,수서,52
S47,석촌동,392,수서,52
S47,삼전동,393,수서,52
S47,가락본동,394,수서,52
S47,가락1동,395,수서,52
S47,가락2동,396,수서,52
S47,문정1동,397,수서,52
S47,문정2동,398,수서,52
S47,잠실본동,399,수서,52
S47,잠실4동,400,수서,52
S47,잠실6동,401,신이문,127
S47,잠실7동,402,수서,52
S47,잠실2동,403,용답,79
S47,잠실3동,404,수서,52
S47,장지동,405,수서,52
S47,위례동,406,수서,52
S47,명일1동,407,신이문,127
S47,명일2동,408,신이문,127
S47,고덕1동,409,신이문,127
S47,고덕2동,410,신이문,127
S47,암사2동,411,신이문,127
S47,암사3동,412,신이문,127
S47,천호1동,413,신이문,127
S47,천호3동,414,신이문,127
S47,성내1동,415,신이문,127
S47,성내2동,416,신이문,127
S47,성내3동,417,신이문,127
S47,둔촌1동,418,신이문,127
S47,둔촌2동,419,신이문,127
S47,암사1동,420,신이문,127
S47,천호2동,421,신이문,127
S47,길동,422,신이문,127
S47,강일동,423,신이문,127
S47,상일1동,424,신이문,127
S47,상일2동,425,신이문,127
SMAX,사직동,0,신이문,127
SMAX,삼청동,1,광운대,112
SMAX,부암동,2,창동,97
SMAX,평창동,3,창동,97
SMAX,무악동,4,신설동,62
SMAX,교남동,5,신설동,62
SMAX,가회동,6,광운대,112
SMAX,종로1·2·3·4가동,7,신설동,62
SMAX,종로5·6가동,8,신설동,62
SMAX,이화동,9,광운대,112
SMAX,창신1동,10,신이문,127
SMAX,창신2동,11,신이문,127
SMAX,창신3동,12,신이문,127
SMAX,숭인1동,13,신이문,127
SMAX,숭인2동,14,신설동,62
SMAX,청운효자동,15,광운대,112
SMAX,혜화동,16,광운대,112
SMAX,소공동,17,신설동,62
SMAX,회현동,18,신이문,127
SMAX,명동,19,신설동,62
SMAX,필동,20,신설동,62
SMAX,장충동,21,신설동,62
SMAX,광희동,22,신설동,62
SMAX,을지로동,23,신설동,62
SMAX,신당5동,24,용두,80
SMAX,황학동,25,신설동,62
SMAX,중림동,26,서울역,47
SMAX,신당동,27,신설동,62
SMAX,다산동,28,신설동,62
SMAX,약수동,29,신설동,62
SMAX,청구동,30,용두,80
SMAX,동화동,31,용두,80
SMAX,후암동,32,서울역,47
SMAX,용산2가동,33,신설동,62
SMAX,남영동,34,서울역,47
SMAX,원효로2동,35,대방,119
SMAX,효창동,36,서울역,47
SMAX,용문동,37,서울역,47
SMAX,이촌1동,38,대방,119
SMAX,이촌2동,39,대방,119
SMAX,이태원1동,40,신설동,62
SMAX,이태원2동,41,신설동,62
SMAX,서빙고동,42,용두,80
SMAX,보광동,43,용두,80
SMAX,청파동,44,서울역,47
SMAX,원효로1동,45,서울역,47
SMAX,한강로동,46,서울역,47
SMAX,한남동,47,용두,80
SMAX,왕십리2동,48,용두,80
SMAX,마장동,49,신답,56
SMAX,사근동,50,신답,56
SMAX,행당1동,51,용답,79
SMAX,행당2동,52,용두,80
SMAX,응봉동,53,용답,79
SMAX,금호1가동,54,용두,80
SMAX,금호4가동,55,용두,80
SMAX,성수1가1동,56,신답,56
SMAX,성수1가2동,57,신답,56
SMAX,성수2가1동,58,용답,79
SMAX,성수2가3동,59,용답,79
SMAX,송정동,60,용답,79
SMAX,용답동,61,용답,79
SMAX,왕십리도선동,62,용두,80
SMAX,금호2·3가동,63,용두,80
SMAX,옥수동,64,용두,80
SMAX,화양동,65,용답,79
SMAX,군자동,66,용답,79
SMAX,중곡1동,67,신이문,127
SMAX,중곡2동,68,신이문,127
SMAX,중곡3동,69,신이문,127
SMAX,중곡4동,70,신이문,127
SMAX,능동,71,용답,79
SMAX,구의1동,72,용답,79
SMAX,구의2동,73,신이문,127
SMAX,구의3동,74,용답,79
SMAX,광장동,75,용답,79
SMAX,자양1동,76,용답,79
SMAX,자양2동,77,용답,79
SMAX,자양3동,78,용답,79
SMAX,자양4동,79,용답,79
SMAX,회기동,80,신이문,127
SMAX,휘경1동,81,신이문,127
SMAX,휘경2동,82,신이문,127
SMAX,청량리동,83,신이문,127
SMAX,용신동,84,신이문,127
SMAX,제기동,85,신이문,127
SMAX,전농1동,86,신이문,127
SMAX,전농2동,87,신이문,127
SMAX,답십리2동,88,용답,79
SMAX,장안1동,89,신이문,127
SMAX,장안2동,90,신이문,127
SMAX,이문1동,91,신이문,127
SMAX,이문2동,92,신이문,127
SMAX,답십리1동,93,용답,79
SMAX,면목2동,94,신이문,127
SMAX,면목4동,95,신이문,127
SMAX,면목5동,96,신이문,127
SMAX,면목7동,97,신이문,127
SMAX,상봉1동,98,신이문,127
SMAX,상봉2동,99,신이문,127
SMAX,중화1동,100,신이문,127
SMAX,중화2동,101,신이문,127
SMAX,묵1동,102,광운대,112
SMAX,묵2동,103,광운대,112
SMAX,망우3동,104,신이문,127
SMAX,신내1동,105,상계,44
SMAX,신내2동,106,상계,44
SMAX,면목본동,107,신이문,127
SMAX,면목3·8동,108,신이문,127
SMAX,망우본동,109,신이문,127
SMAX,돈암1동,110,광운대,112
SMAX,돈암2동,111,광운대,112
SMAX,안암동,112,신이문,127
SMAX,보문동,113,신이문,127
SMAX,정릉1동,114,광운대,112
SMAX,정릉2동,115,광운대,112
SMAX,정릉3동,116,창동,97
SMAX,정릉4동,117,창동,97
SMAX,길음1동,118,광운대,112
SMAX,길음2동,119,광운대,112
SMAX,월곡1동,120,광운대,112
SMAX,월곡2동,121,광운대,112
SMAX,장위1동,122,광운대,112
SMAX,장위2동,123,광운대,112
SMAX,장위3동,124,광운대,112
SMAX,성북동,125,광운대,112
SMAX,삼선동,126,광운대,112
SMAX,동선동,127,광운대,112
SMAX,종암동,128,광운대,112
SMAX,석관동,129,신이문,127
SMAX,번1동,130,창동,97
SMAX,번2동,131,노원,16
SMAX,번3동,132,광운대,112
SMAX,수유1동,133,창동,97
SMAX,수유2동,134,창동,97
SMAX,수유3동,135,창동,97
SMAX,삼양동,136,창동,97
SMAX,미아동,137,노원,16
SMAX,송중동,138,광운대,112
SMAX,송천동,139,광운대,112
SMAX,삼각산동,140,창동,97
SMAX,우이동,141,노원,16
SMAX,인수동,142,창동,97
SMAX,쌍문1동,143,창동,97
SMAX,쌍문2동,144,창동,97
SMAX,쌍문3동,145,창동,97
SMAX,쌍문4동,146,창동,97
SMAX,방학1동,147,노원,16
SMAX,방학2동,148,노원,16
SMAX,방학3동,149,노원,16
SMAX,창1동,150,노원,16
SMAX,창2동,151,노원,16
SMAX,창3동,152,노원,16
SMAX,창4동,153,노원,16
SMAX,창5동,154,창동,97
SMAX,도봉1동,155,상계,44
SMAX,도봉2동,156,상계,44
SMAX,월계1동,157,광운대,112
SMAX,월계2동,158,노원,16
SMAX,월계3동,159,노원,16
SMAX,공릉2동,160,상계,44
SMAX,하계1동,161,상계,44
SMAX,하계2동,162,노원,16
SMAX,중계본동,163,상계,44
SMAX,중계1동,164,상계,44
SMAX,중계4동,165,상계,44
SMAX,상계1동,166,상계,44
SMAX,상계2동,167,노원,16
SMAX,상계5동,168,상계,44
SMAX,상계8동,169,상계,44
SMAX,상계9동,170,상계,44
SMAX,상계10동,171,노원,16
SMAX,상계3·4동,172,상계,44
SMAX,상계6·7동,173,노원,16
SMAX,중계2·3동,174,노원,16
SMAX,공릉1동,175,노원,16
SMAX,녹번동,176,창동,97
SMAX,불광1동,177,창동,97
SMAX,갈현1동,178,불광,39
SMAX,갈현2동,179,불광,39
SMAX,구산동,180,불광,39
SMAX,대조동,181,불광,39
SMAX,응암1동,182,녹번,17
SMAX,응암2동,183,녹번,17
SMAX,신사1동,184,녹번,17
SMAX,신사2동,185,녹번,17
SMAX,증산동,186,녹번,17
SMAX,수색동,187,양천구청,72
SMAX,진관동,188,창동,97
SMAX,불광2동,189,창동,97
SMAX,응암3동,190,녹번,17
SMAX,역촌동,191,창동,97
SMAX,천연동,192,신설동,62
SMAX,홍제1동,193,광운대,112
SMAX,홍제3동,194,창동,97
SMAX,홍제2동,195,신설동,62
SMAX,홍은1동,196,창동,97
SMAX,홍은2동,197,광운대,112
SMAX,남가좌1동,198,광운대,112
SMAX,남가좌2동,199,광운대,112
SMAX,북가좌1동,200,양천구청,72
SMAX,북가좌2동,201,광운대,112
SMAX,충현동,202,신설동,62
SMAX,북아현동,203,신이문,127
SMAX,신촌동,204,신설동,62
SMAX,연희동,205,광운대,112
SMAX,용강동,206,구로,113
SMAX,대흥동,207,아현,67
SMAX,염리동,208,서울역,47
SMAX,신수동,209,구로,113
SMAX,서교동,210,구로,113
SMAX,합정동,211,구로,113
SMAX,망원1동,212,구로,113
SMAX,망원2동,213,구로,113
SMAX,연남동,214,구로,113
SMAX,성산1동,215,구로,113
SMAX,성산2동,216,양천구청,72
SMAX,상암동,217,양천구청,72
SMAX,도화동,218,대방,119
SMAX,서강동,219,구로,113
SMAX,공덕동,220,서울역,47
SMAX,아현동,221,충정로,101
SMAX,목1동,222,양천구청,72
SMAX,목2동,223,양천구청,72
SMAX,목3동,224,양천구청,72
SMAX,목4동,225,양천구청,72
SMAX,신월1동,226,개봉,111
SMAX,신월2동,227,신정네거리,64
SMAX,신월3동,228,개봉,111
SMAX,신월4동,229,개봉,111
SMAX,신월5동,230,개봉,111
SMAX,신월6동,231,개봉,111
SMAX,신월7동,232,개봉,111
SMAX,신정1동,233,양천구청,72
SMAX,신정2동,234,양천구청,72
SMAX,신정3동,235,개봉,111
SMAX,신정6동,236,양천구청,72
SMAX,신정7동,237,양천구청,72
SMAX,목5동,238,양천구청,72
SMAX,신정4동,239,양천구청,72
SMAX,염창동,240,양천구청,72
SMAX,등촌1동,241,양천구청,72
SMAX,등촌2동,242,양천구청,72
SMAX,등촌3동,243,양천구청,72
SMAX,화곡본동,244,신정네거리,64
SMAX,화곡2동,245,양천구청,72
SMAX,화곡3동,246,신정네거리,64
SMAX,화곡4동,247,양천구청,72
SMAX,화곡6동,248,신정네거리,64
SMAX,화곡8동,249,신정네거리,64
SMAX,가양2동,250,양천구청,72
SMAX,가양3동,251,양천구청,72
SMAX,발산1동,252,개봉,111
SMAX,공항동,253,개봉,111
SMAX,방화1동,254,개봉,111
SMAX,방화2동,255,개봉,111
SMAX,화곡1동,256,신정네거리,64
SMAX,우장산동,257,신정네거리,64
SMAX,가양1동,258,양천구청,72
SMAX,방화3동,259,개봉,111
SMAX,신도림동,260,구로,113
SMAX,구로1동,261,개봉,111
SMAX,구로3동,262,구로,113
SMAX,구로4동,263,구로,113
SMAX,구로5동,264,구로,113
SMAX,고척1동,265,개봉,111
SMAX,고척2동,266,개봉,111
SMAX,개봉2동,267,개봉,111
SMAX,개봉3동,268,개봉,111
SMAX,오류1동,269,개봉,111
SMAX,수궁동,270,개봉,111
SMAX,가리봉동,271,개봉,111
SMAX,구로2동,272,구로,113
SMAX,개봉1동,273,개봉,111
SMAX,오류2동,274,개봉,111
SMAX,항동,275,개봉,111
SMAX,가산동,276,독산,122
SMAX,독산1동,277,독산,122
SMAX,독산2동,278,독산,122
SMAX,독산3동,279,독산,122
SMAX,독산4동,280,독산,122
SMAX,시흥1동,281,독산,122
SMAX,시흥2동,282,독산,122
SMAX,시흥3동,283,독산,122
SMAX,시흥4동,284,독산,122
SMAX,시흥5동,285,독산,122
SMAX,여의동,286,구로,113
SMAX,당산1동,287,구로,113
SMAX,당산2동,288,구로,113
SMAX,양평1동,289,구로,113
SMAX,양평2동,290,구로,113
SMAX,신길1동,291,구로,113
SMAX,신길3동,292,구로,113
SMAX,신길4동,293,구로,113
SMAX,신길5동,294,구로,113
SMAX,신길6동,295,구로,113
SMAX,신길7동,296,구로,113
SMAX,대림1동,297,구로,113
SMAX,대림2동,298,구로,113
SMAX,대림3동,299,구로,113
SMAX,영등포본동,300,구로,113
SMAX,영등포동,301,구로,113
SMAX,도림동,302,구로,113
SMAX,문래동,303,구로,113
SMAX,노량진2동,304,구로,113
SMAX,상도1동,305,대방,119
SMAX,상도2동,306,구로,113
SMAX,상도3동,307,구로,113
SMAX,상도4동,308,구로,113
SMAX,사당1동,309,총신대입구,99
SMAX,사당3동,310,총신대입구,99
SMAX,사당4동,311,총신대입구,99
SMAX,사당5동,312,총신대입구,99
SMAX,대방동,313,대방,119
SMAX,신대방1동,314,구로,113
SMAX,신대방2동,315,구로,113
SMAX,흑석동,316,대방,119
SMAX,노량진1동,317,대방,119
SMAX,사당2동,318,총신대입구,99
SMAX,보라매동,319,구로,113
SMAX,청림동,320,총신대입구,99
SMAX,행운동,321,총신대입구,99
SMAX,낙성대동,322,총신대입구,99
SMAX,중앙동,323,독산,122
SMAX,인헌동,324,총신대입구,99
SMAX,남현동,325,독산,122
SMAX,서원동,326,독산,122
SMAX,신원동,327,독산,122
SMAX,서림동,328,독산,122
SMAX,신사동,329,구로,113
SMAX,신림동,330,구로,113
SMAX,난향동,331,독산,122
SMAX,조원동,332,독산,122
SMAX,대학동,333,독산,122
SMAX,은천동,334,독산,122
SMAX,성현동,335,구로,113
SMAX,청룡동,336,독산,122
SMAX,난곡동,337,독산,122
SMAX,삼성동,338,독산,122
SMAX,미성동,339,독산,122
SMAX,서초1동,340,서초,48
SMAX,서초2동,341,매봉,31
SMAX,서초3동,342,서초,48
SMAX,서초4동,343,서초,48
SMAX,잠원동,344,용두,80
SMAX,반포본동,345,총신대입구,99
SMAX,반포1동,346,용두,80
SMAX,반포2동,347,서초,48
SMAX,반포3동,348,신답,56
SMAX,반포4동,349,서초,48
SMAX,방배본동,350,총신대입구,99
SMAX,방배1동,351,서초,48
SMAX,방배2동,352,총신대입구,99
SMAX,방배3동,353,총신대입구,99
SMAX,방배4동,354,총신대입구,99
SMAX,양재1동,355,매봉,31
SMAX,양재2동,356,수서,52
SMAX,내곡동,357,수서,52
SMAX,신사동,358,용두,80
SMAX,개포3동,359,수서,52
SMAX,논현1동,360,용두,80
SMAX,논현2동,361,용두,80
SMAX,삼성1동,362,용답,79
SMAX,삼성2동,363,용답,79
SMAX,대치1동,364,수서,52
SMAX,대치4동,365,수서,52
SMAX,역삼1동,366,용두,80
SMAX,역삼2동,367,매봉,31
SMAX,도곡1동,368,매봉,31
SMAX,도곡2동,369,매봉,31
SMAX,개포1동,370,수서,52
SMAX,개포4동,371,수서,52
SMAX,일원본동,372,수서,52
SMAX,일원1동,373,수서,52
SMAX,수서동,374,수서,52
SMAX,세곡동,375,수서,52
SMAX,압구정동,376,용두,80
SMAX,청담동,377,용답,79
SMAX,대치2동,378,수서,52
SMAX,개포2동,379,수서,52
SMAX,풍납1동,380,신이문,127
SMAX,풍납2동,381,신이문,127
SMAX,거여1동,382,경찰병원,5
SMAX,거여2동,383,경찰병원,5
SMAX,마천1동,384,경찰병원,5
SMAX,마천2동,385,경찰병원,5
SMAX,방이1동,386,오금,76
SMAX,방이2동,387,가락시장,0
SMAX,오륜동,388,오금,76
SMAX,오금동,389,오금,76
SMAX,송파1동,390,가락시장,0
SMAX,송파2동,391,가락시장,0
SMAX,석촌동,392,가락시장,0
SMAX,삼전동,393,수서,52
SMAX,가락본동,394,경찰병원,5
SMAX,가락1동,395,수서,52
SMAX,가락2동,396,경찰병원,5
SMAX,문정1동,397,가락시장,0
SMAX,문정2동,398,가락시장,0
SMAX,잠실본동,399,수서,52
SMAX,잠실4동,400,가락시장,0
SMAX,잠실6동,401,가락시장,0
SMAX,잠실7동,402,수서,52
SMAX,잠실2동,403,용답,79
SMAX,잠실3동,404,수서,52
SMAX,장지동,405,가락시장,0
SMAX,위례동,406,경찰병원,5
SMAX,명일1동,407,신이문,127
SMAX,명일2동,408,용답,79
SMAX,고덕1동,409,신이문,127
SMAX,고덕2동,410,신이문,127
SMAX,암사2동,411,신이문,127
SMAX,암사3동,412,신이문,127
SMAX,천호1동,413,신이문,127
SMAX,천호3동,414,용답,79
SMAX,성내1동,415,용답,79
SMAX,성내2동,416,신이문,127
SMAX,성내3동,417,오금,76
SMAX,둔촌1동,418,오금,76
SMAX,둔촌2동,419,오금,76
SMAX,암사1동,420,신이문,127
SMAX,천호2동,421,신이문,127
SMAX,길동,422,신이문,127
SMAX,강일동,423,신이문,127
SMAX,상일1동,424,용답,79
SMAX,상일2동,425,신이문,127
S39,사직동,0,서울역,47
S39,삼청동,1,신설동,62
S39,부암동,2,신설동,62
S39,평창동,3,신설동,62
S39,무악동,4,서울역,47
S39,교남동,5,서울역,47
S39,가회동,6,신설동,62
S39,종로1·2·3·4가동,7,신설동,62
S39,종로5·6가동,8,신설동,62
S39,이화동,9,신설동,62
S39,창신1동,10,신설동,62
S39,창신2동,11,신설동,62
S39,창신3동,12,신설동,62
S39,숭인1동,13,신설동,62
S39,숭인2동,14,신설동,62
S39,청운효자동,15,신설동,62
S39,혜화동,16,신설동,62
S39,소공동,17,서울역,47
S39,회현동,18,서울역,47
S39,명동,19,서울역,47
S39,필동,20,신설동,62
S39,장충동,21,서울역,47
S39,광희동,22,신설동,62
S39,을지로동,23,신설동,62
S39,신당5동,24,신설동,62
S39,황학동,25,신설동,62
S39,중림동,26,서울역,47
S39,신당동,27,신설동,62
S39,다산동,28,신설동,62
S39,약수동,29,신설동,62
S39,청구동,30,신설동,62
S39,동화동,31,신설동,62
S39,후암동,32,서울역,47
S39,용산2가동,33,서울역,47
S39,남영동,34,서울역,47
S39,원효로2동,35,신용산,63
S39,효창동,36,서울역,47
S39,용문동,37,신용산,63
S39,이촌1동,38,신용산,63
S39,이촌2동,39,신용산,63
S39,이태원1동,40,신용산,63
S39,이태원2동,41,서울역,47
S39,서빙고동,42,신용산,63
S39,보광동,43,신용산,63
S39,청파동,44,서울역,47
S39,원효로1동,45,신용산,63
S39,한강로동,46,신용산,63
S39,한남동,47,신설동,62
S39,왕십리2동,48,신답,56
S39,마장동,49,신답,56
S39,사근동,50,신답,56
S39,행당1동,51,신답,56
S39,행당2동,52,신답,56
S39,응봉동,53,신답,56
S39,금호1가동,54,신설동,62
S39,금호4가동,55,신설동,62
S39,성수1가1동,56,신답,56
S39,성수1가2동,57,신답,56
S39,성수2가1동,58,신답,56
S39,성수2가3동,59,신답,56
S39,송정동,60,신답,56
S39,용답동,61,신답,56
S39,왕십리도선동,62,신답,56
S39,금호2·3가동,63,신설동,62
S39,옥수동,64,신설동,62
S39,화양동,65,구의,9
S39,군자동,66,신답,56
S39,중곡1동,67,신답,56
S39,중곡2동,68,신답,56
S39,중곡3동,69,신답,56
S39,중곡4동,70,신답,56
S39,능동,71,신답,56
S39,구의1동,72,구의,9
S39,구의2동,73,신답,56
S39,구의3동,74,구의,9
S39,광장동,75,구의,9
S39,자양1동,76,구의,9
S39,자양2동,77,구의,9
S39,자양3동,78,구의,9
S39,자양4동,79,신답,56
S39,회기동,80,신이문,127
S39,휘경1동,81,신이문,127
S39,휘경2동,82,신이문,127
S39,청량리동,83,신답,56
S39,용신동,84,신설동,62
S39,제기동,85,신답,56
S39,전농1동,86,신답,56
S39,전농2동,87,신답,56
S39,답십리2동,88,신답,56
S39,장안1동,89,신답,56
S39,장안2동,90,신답,56
S39,이문1동,91,신이문,127
S39,이문2동,92,신이문,127
S39,답십리1동,93,신답,56
S39,면목2동,94,신이문,127
S39,면목4동,95,신답,56
S39,면목5동,96,신이문,127
S39,면목7동,97,신이문,127
S39,상봉1동,98,신이문,127
S39,상봉2동,99,신이문,127
S39,중화1동,100,신이문,127
S39,중화2동,101,신이문,127
S39,묵1동,102,신이문,127
S39,묵2동,103,신이문,127
S39,망우3동,104,신이문,127
S39,신내1동,105,신이문,127
S39,신내2동,106,신이문,127
S39,면목본동,107,신이문,127
S39,면목3·8동,108,신이문,127
S39,망우본동,109,신이문,127
S39,돈암1동,110,신설동,62
S39,돈암2동,111,신설동,62
S39,안암동,112,신설동,62
S39,보문동,113,신설동,62
S39,정릉1동,114,신설동,62
S39,정릉2동,115,신설동,62
S39,정릉3동,116,신설동,62
S39,정릉4동,117,신설동,62
S39,길음1동,118,신설동,62
S39,길음2동,119,신이문,127
S39,월곡1동,120,신이문,127
S39,월곡2동,121,신이문,127
S39,장위1동,122,신이문,127
S39,장위2동,123,신이문,127
S39,장위3동,124,신이문,127
S39,성북동,125,신설동,62
S39,삼선동,126,신설동,62
S39,동선동,127,신설동,62
S39,종암동,128,신답,56
S39,석관동,129,신이문,127
S39,번1동,130,창동,97
S39,번2동,131,창동,97
S39,번3동,132,신이문,127
S39,수유1동,133,창동,97
S39,수유2동,134,창동,97
S39,수유3동,135,창동,97
S39,삼양동,136,창동,97
S39,미아동,137,창동,97
S39,송중동,138,신이문,127
S39,송천동,139,신이문,127
S39,삼각산동,140,창동,97
S39,우이동,141,창동,97
S39,인수동,142,창동,97
S39,쌍문1동,143,창동,97
S39,쌍문2동,144,창동,97
S39,쌍문3동,145,창동,97
S39,쌍문4동,146,창동,97
S39,방학1동,147,창동,97
S39,방학2동,148,창동,97
S39,방학3동,149,창동,97
S39,창1동,150,창동,97
S39,창2동,151,창동,97
S39,창3동,152,창동,97
S39,창4동,153,창동,97
S39,창5동,154,창동,97
S39,도봉1동,155,창동,97
S39,도봉2동,156,창동,97
S39,월계1동,157,신이문,127
S39,월계2동,158,창동,97
S39,월계3동,159,신이문,127
S39,공릉2동,160,신이문,127
S39,하계1동,161,창동,97
S39,하계2동,162,창동,97
S39,중계본동,163,창동,97
S39,중계1동,164,창동,97
S39,중계4동,165,창동,97
S39,상계1동,166,창동,97
S39,상계2동,167,창동,97
S39,상계5동,168,창동,97
S39,상계8동,169,창동,97
S39,상계9동,170,창동,97
S39,상계10동,171,창동,97
S39,상계3·4동,172,창동,97
S39,상계6·7동,173,창동,97
S39,중계2·3동,174,창동,97
S39,공릉1동,175,신이문,127
S39,녹번동,176,불광,39
S39,불광1동,177,불광,39
S39,갈현1동,178,불광,39
S39,갈현2동,179,불광,39
S39,구산동,180,불광,39
S39,대조동,181,불광,39
S39,응암1동,182,불광,39
S39,응암2동,183,불광,39
S39,신사1동,184,불광,39
S39,신사2동,185,불광,39
S39,증산동,186,구로,113
S39,수색동,187,구로,113
S39,진관동,188,불광,39
S39,불광2동,189,불광,39
S39,응암3동,190,불광,39
S39,역촌동,191,불광,39
S39,천연동,192,서울역,47
S39,홍제1동,193,서울역,47
S39,홍제3동,194,서울역,47
S39,홍제2동,195,서울역,47
S39,홍은1동,196,서울역,47
S39,홍은2동,197,서울역,47
S39,남가좌1동,198,충정로,101
S39,남가좌2동,199,충정로,101
S39,북가좌1동,200,구로,113
S39,북가좌2동,201,불광,39
S39,충현동,202,충정로,101
S39,북아현동,203,충정로,101
S39,신촌동,204,서울역,47
S39,연희동,205,충정로,101
S39,용강동,206,대방,119
S39,대흥동,207,충정로,101
S39,염리동,208,서울역,47
S39,신수동,209,대방,119
S39,서교동,210,구로,113
S39,합정동,211,구로,113
S39,망원1동,212,구로,113
S39,망원2동,213,구로,113
S39,연남동,214,구로,113
S39,성산1동,215,구로,113
S39,성산2동,216,구로,113
S39,상암동,217,구로,113
S39,도화동,218,신용산,63
S39,서강동,219,대방,119
S39,공덕동,220,서울역,47
S39,아현동,221,충정로,101
S39,목1동,222,양천구청,72
S39,목2동,223,양천구청,72
S39,목3동,224,양천구청,72
S39,목4동,225,양천구청,72
S39,신월1동,226,양천구청,72
S39,신월2동,227,양천구청,72
S39,신월3동,228,양천구청,72
S39,신월4동,229,양천구청,72
S39,신월5동,230,양천구청,72
S39,신월6동,231,양천구청,72
S39,신월7동,232,양천구청,72
S39,신정1동,233,양천구청,72
S39,신정2동,234,양천구청,72
S39,신정3동,235,양천구청,72
S39,신정6동,236,양천구청,72
S39,신정7동,237,양천구청,72
S39,목5동,238,양천구청,72
S39,신정4동,239,양천구청,72
S39,염창동,240,양천구청,72
S39,등촌1동,241,양천구청,72
S39,등촌2동,242,양천구청,72
S39,등촌3동,243,양천구청,72
S39,화곡본동,244,양천구청,72
S39,화곡2동,245,양천구청,72
S39,화곡3동,246,양천구청,72
S39,화곡4동,247,양천구청,72
S39,화곡6동,248,양천구청,72
S39,화곡8동,249,양천구청,72
S39,가양2동,250,양천구청,72
S39,가양3동,251,양천구청,72
S39,발산1동,252,양천구청,72
S39,공항동,253,양천구청,72
S39,방화1동,254,양천구청,72
S39,방화2동,255,양천구청,72
S39,화곡1동,256,양천구청,72
S39,우장산동,257,양천구청,72
S39,가양1동,258,양천구청,72
S39,방화3동,259,양천구청,72
S39,신도림동,260,구로,113
S39,구로1동,261,구로,113
S39,구로3동,262,독산,122
S39,구로4동,263,구로,113
S39,구로5동,264,구로,113
S39,고척1동,265,구로,113
S39,고척2동,266,양천구청,72
S39,개봉2동,267,구로,113
S39,개봉3동,268,구로,113
S39,오류1동,269,양천구청,72
S39,수궁동,270,양천구청,72
S39,가리봉동,271,독산,122
S39,구로2동,272,구로,113
S39,개봉1동,273,양천구청,72
S39,오류2동,274,양천구청,72
S39,항동,275,양천구청,72
S39,가산동,276,독산,122
S39,독산1동,277,독산,122
S39,독산2동,278,독산,122
S39,독산3동,279,독산,122
S39,독산4동,280,독산,122
S39,시흥1동,281,독산,122
S39,시흥2동,282,독산,122
S39,시흥3동,283,독산,122
S39,시흥4동,284,독산,122
S39,시흥5동,285,독산,122
S39,여의동,286,대방,119
S39,당산1동,287,구로,113
S39,당산2동,288,구로,113
S39,양평1동,289,구로,113
S39,양평2동,290,구로,113
S39,신길1동,291,대방,119
S39,신길3동,292,구로,113
S39,신길4동,293,구로,113
S39,신길5동,294,구로,113
S39,신길6동,295,구로,113
S39,신길7동,296,대방,119
S39,대림1동,297,구로,113
S39,대림2동,298,구로,113
S39,대림3동,299,구로,113
S39,영등포본동,300,구로,113
S39,영등포동,301,구로,113
S39,도림동,302,구로,113
S39,문래동,303,구로,113
S39,노량진2동,304,대방,119
S39,상도1동,305,대방,119
S39,상도2동,306,대방,119
S39,상도3동,307,대방,119
S39,상도4동,308,대방,119
S39,사당1동,309,총신대입구,99
S39,사당3동,310,총신대입구,99
S39,사당4동,311,총신대입구,99
S39,사당5동,312,총신대입구,99
S39,대방동,313,대방,119
S39,신대방1동,314,독산,122
S39,신대방2동,315,구로,113
S39,흑석동,316,대방,119
S39,노량진1동,317,대방,119
S39,사당2동,318,총신대입구,99
S39,보라매동,319,독산,122
S39,청림동,320,총신대입구,99
S39,행운동,321,총신대입구,99
S39,낙성대동,322,총신대입구,99
S39,중앙동,323,독산,122
S39,인헌동,324,총신대입구,99
S39,남현동,325,독산,122
S39,서원동,326,독산,122
S39,신원동,327,독산,122
S39,서림동,328,독산,122
S39,신사동,329,독산,122
S39,신림동,330,독산,122
S39,난향동,331,독산,122
S39,조원동,332,독산,122
S39,대학동,333,독산,122
S39,은천동,334,독산,122
S39,성현동,335,독산,122
S39,청룡동,336,독산,122
S39,난곡동,337,독산,122
S39,삼성동,338,독산,122
S39,미성동,339,독산,122
S39,서초1동,340,교대,7
S39,서초2동,341,교대,7
S39,서초3동,342,교대,7
S39,서초4동,343,교대,7
S39,잠원동,344,신답,56
S39,반포본동,345,총신대입구,99
S39,반포1동,346,교대,7
S39,반포2동,347,총신대입구,99
S39,반포3동,348,신답,56
S39,반포4동,349,총신대입구,99
S39,방배본동,350,총신대입구,99
S39,방배1동,351,총신대입구,99
S39,방배2동,352,총신대입구,99
S39,방배3동,353,총신대입구,99
S39,방배4동,354,총신대입구,99
S39,양재1동,355,교대,7
S39,양재2동,356,수서,52
S39,내곡동,357,수서,52
S39,신사동,358,신답,56
S39,개포3동,359,수서,52
S39,논현1동,360,교대,7
S39,논현2동,361,신답,56
S39,삼성1동,362,수서,52
S39,삼성2동,363,수서,52
S39,대치1동,364,수서,52
S39,대치4동,365,수서,52
S39,역삼1동,366,교대,7
S39,역삼2동,367,수서,52
S39,도곡1동,368,수서,52
S39,도곡2동,369,수서,52
S39,개포1동,370,수서,52
S39,개포4동,371,수서,52
S39,일원본동,372,수서,52
S39,일원1동,373,수서,52
S39,수서동,374,수서,52
S39,세곡동,375,수서,52
S39,압구정동,376,신답,56
S39,청담동,377,신답,56
S39,대치2동,378,수서,52
S39,개포2동,379,수서,52
S39,풍납1동,380,구의,9
S39,풍납2동,381,수서,52
S39,거여1동,382,가락시장,0
S39,거여2동,383,가락시장,0
S39,마천1동,384,가락시장,0
S39,마천2동,385,가락시장,0
S39,방이1동,386,가락시장,0
S39,방이2동,387,수서,52
S39,오륜동,388,오금,76
S39,오금동,389,오금,76
S39,송파1동,390,수서,52
S39,송파2동,391,가락시장,0
S39,석촌동,392,수서,52
S39,삼전동,393,수서,52
S39,가락본동,394,가락시장,0
S39,가락1동,395,수서,52
S39,가락2동,396,가락시장,0
S39,문정1동,397,가락시장,0
S39,문정2동,398,수서,52
S39,잠실본동,399,수서,52
S39,잠실4동,400,수서,52
S39,잠실6동,401,수서,52
S39,잠실7동,402,수서,52
S39,잠실2동,403,수서,52
S39,잠실3동,404,수서,52
S39,장지동,405,가락시장,0
S39,위례동,406,가락시장,0
S39,명일1동,407,가락시장,0
S39,명일2동,408,오금,76
S39,고덕1동,409,가락시장,0
S39,고덕2동,410,오금,76
S39,암사2동,411,구의,9
S39,암사3동,412,가락시장,0
S39,천호1동,413,오금,76
S39,천호3동,414,오금,76
S39,성내1동,415,가락시장,0
S39,성내2동,416,가락시장,0
S39,성내3동,417,가락시장,0
S39,둔촌1동,418,오금,76
S39,둔촌2동,419,오금,76
S39,암사1동,420,가락시장,0
S39,천호2동,421,구의,9
S39,길동,422,오금,76
S39,강일동,423,오금,76
S39,상일1동,424,오금,76
S39,상일2동,425,오금,76
S40,사직동,0,신설동,62
S40,삼청동,1,신설동,62
S40,부암동,2,신설동,62
S40,평창동,3,신설동,62
S40,무악동,4,서울역,47
S40,교남동,5,서울역,47
S40,가회동,6,신설동,62
S40,종로1·2·3·4가동,7,신설동,62
S40,종로5·6가동,8,신설동,62
S40,이화동,9,신설동,62
S40,창신1동,10,신설동,62
S40,창신2동,11,신설동,62
S40,창신3동,12,신설동,62
S40,숭인1동,13,신설동,62
S40,숭인2동,14,신설동,62
S40,청운효자동,15,신설동,62
S40,혜화동,16,신설동,62
S40,소공동,17,서울역,47
S40,회현동,18,서울역,47
S40,명동,19,신설동,62
S40,필동,20,신설동,62
S40,장충동,21,서울역,47
S40,광희동,22,신설동,62
S40,을지로동,23,신설동,62
S40,신당5동,24,용두,80
S40,황학동,25,신설동,62
S40,중림동,26,충정로,101
S40,신당동,27,신설동,62
S40,다산동,28,신설동,62
S40,약수동,29,신설동,62
S40,청구동,30,용두,80
S40,동화동,31,용두,80
S40,후암동,32,서울역,47
S40,용산2가동,33,서울역,47
S40,남영동,34,서울역,47
S40,원효로2동,35,대방,119
S40,효창동,36,서울역,47
S40,용문동,37,서울역,47
S40,이촌1동,38,대방,119
S40,이촌2동,39,대방,119
S40,이태원1동,40,신설동,62
S40,이태원2동,41,신설동,62
S40,서빙고동,42,총신대입구,99
S40,보광동,43,용두,80
S40,청파동,44,서울역,47
S40,원효로1동,45,서울역,47
S40,한강로동,46,서울역,47
S40,한남동,47,용두,80
S40,왕십리2동,48,용두,80
S40,마장동,49,용두,80
S40,사근동,50,용두,80
S40,행당1동,51,용두,80
S40,행당2동,52,용두,80
S40,응봉동,53,용두,80
S40,금호1가동,54,용두,80
S40,금호4가동,55,용두,80
S40,성수1가1동,56,용두,80
S40,성수1가2동,57,용두,80
S40,성수2가1동,58,용두,80
S40,성수2가3동,59,용답,79
S40,송정동,60,용답,79
S40,용답동,61,용답,79
S40,왕십리도선동,62,용두,80
S40,금호2·3가동,63,용두,80
S40,옥수동,64,용두,80
S40,화양동,65,용답,79
S40,군자동,66,용답,79
S40,중곡1동,67,용답,79
S40,중곡2동,68,용답,79
S40,중곡3동,69,용답,79
S40,중곡4동,70,용답,79
S40,능동,71,용답,79
S40,구의1동,72,용답,79
S40,구의2동,73,용답,79
S40,구의3동,74,용답,79
S40,광장동,75,용답,79
S40,자양1동,76,용답,79
S40,자양2동,77,용답,79
S40,자양3동,78,용답,79
S40,자양4동,79,용답,79
S40,회기동,80,신이문,127
S40,휘경1동,81,신이문,127
S40,휘경2동,82,신이문,127
S40,청량리동,83,용두,80
S40,용신동,84,용두,80
S40,제기동,85,용두,80
S40,전농1동,86,용두,80
S40,전농2동,87,용답,79
S40,답십리2동,88,용답,79
S40,장안1동,89,용답,79
S40,장안2동,90,용답,79
S40,이문1동,91,신이문,127
S40,이문2동,92,신이문,127
S40,답십리1동,93,용답,79
S40,면목2동,94,신이문,127
S40,면목4동,95,용답,79
S40,면목5동,96,신이문,127
S40,면목7동,97,신이문,127
S40,상봉1동,98,신이문,127
S40,상봉2동,99,신이문,127
S40,중화1동,100,신이문,127
S40,중화2동,101,신이문,127
S40,묵1동,102,광운대,112
S40,묵2동,103,신이문,127
S40,망우3동,104,신이문,127
S40,신내1동,105,신이문,127
S40,신내2동,106,광운대,112
S40,면목본동,107,신이문,127
S40,면목3·8동,108,신이문,127
S40,망우본동,109,신이문,127
S40,돈암1동,110,신설동,62
S40,돈암2동,111,신설동,62
S40,안암동,112,용두,80
S40,보문동,113,신설동,62
S40,정릉1동,114,신설동,62
S40,정릉2동,115,신설동,62
S40,정릉3동,116,신설동,62
S40,정릉4동,117,신설동,62
S40,길음1동,118,광운대,112
S40,길음2동,119,광운대,112
S40,월곡1동,120,광운대,112
S40,월곡2동,121,신이문,127
S40,장위1동,122,광운대,112
S40,장위2동,123,광운대,112
S40,장위3동,124,광운대,112
S40,성북동,125,신설동,62
S40,삼선동,126,신설동,62
S40,동선동,127,신설동,62
S40,종암동,128,용두,80
S40,석관동,129,신이문,127
S40,번1동,130,창동,97
S40,번2동,131,광운대,112
S40,번3동,132,광운대,112
S40,수유1동,133,창동,97
S40,수유2동,134,창동,97
S40,수유3동,135,창동,97
S40,삼양동,136,창동,97
S40,미아동,137,창동,97
S40,송중동,138,광운대,112
S40,송천동,139,광운대,112
S40,삼각산동,140,광운대,112
S40,우이동,141,창동,97
S40,인수동,142,창동,97
S40,쌍문1동,143,창동,97
S40,쌍문2동,144,창동,97
S40,쌍문3동,145,창동,97
S40,쌍문4동,146,창동,97
S40,방학1동,147,창동,97
S40,방학2동,148,창동,97
S40,방학3동,149,창동,97
S40,창1동,150,창동,97
S40,창2동,151,창동,97
S40,창3동,152,창동,97
S40,창4동,153,창동,97
S40,창5동,154,창동,97
S40,도봉1동,155,도봉산,120
S40,도봉2동,156,도봉산,120
S40,월계1동,157,광운대,112
S40,월계2동,158,광운대,112
S40,월계3동,159,광운대,112
S40,공릉2동,160,광운대,112
S40,하계1동,161,광운대,112
S40,하계2동,162,광운대,112
S40,중계본동,163,창동,97
S40,중계1동,164,창동,97
S40,중계4동,165,창동,97
S40,상계1동,166,도봉산,120
S40,상계2동,167,창동,97
S40,상계5동,168,창동,97
S40,상계8동,169,창동,97
S40,상계9동,170,도봉산,120
S40,상계10동,171,창동,97
S40,상계3·4동,172,창동,97
S40,상계6·7동,173,창동,97
S40,중계2·3동,174,창동,97
S40,공릉1동,175,광운대,112
S40,녹번동,176,불광,39
S40,불광1동,177,불광,39
S40,갈현1동,178,불광,39
S40,갈현2동,179,불광,39
S40,구산동,180,불광,39
S40,대조동,181,불광,39
S40,응암1동,182,불광,39
S40,응암2동,183,충정로,101
S40,신사1동,184,불광,39
S40,신사2동,185,구로,113
S40,증산동,186,구로,113
S40,수색동,187,구로,113
S40,진관동,188,불광,39
S40,불광2동,189,불광,39
S40,응암3동,190,구로,113
S40,역촌동,191,불광,39
S40,천연동,192,충정로,101
S40,홍제1동,193,서울역,47
S40,홍제3동,194,충정로,101
S40,홍제2동,195,서울역,47
S40,홍은1동,196,서울역,47
S40,홍은2동,197,충정로,101
S40,남가좌1동,198,구로,113
S40,남가좌2동,199,충정로,101
S40,북가좌1동,200,구로,113
S40,북가좌2동,201,구로,113
S40,충현동,202,충정로,101
S40,북아현동,203,충정로,101
S40,신촌동,204,충정로,101
S40,연희동,205,충정로,101
S40,용강동,206,대방,119
S40,대흥동,207,충정로,101
S40,염리동,208,충정로,101
S40,신수동,209,구로,113
S40,서교동,210,구로,113
S40,합정동,211,구로,113
S40,망원1동,212,구로,113
S40,망원2동,213,구로,113
S40,연남동,214,구로,113
S40,성산1동,215,구로,113
S40,성산2동,216,구로,113
S40,상암동,217,구로,113
S40,도화동,218,대방,119
S40,서강동,219,구로,113
S40,공덕동,220,서울역,47
S40,아현동,221,충정로,101
S40,목1동,222,구로,113
S40,목2동,223,양천구청,72
S40,목3동,224,양천구청,72
S40,목4동,225,양천구청,72
S40,신월1동,226,양천구청,72
S40,신월2동,227,양천구청,72
S40,신월3동,228,양천구청,72
S40,신월4동,229,양천구청,72
S40,신월5동,230,양천구청,72
S40,신월6동,231,양천구청,72
S40,신월7동,232,양천구청,72
S40,신정1동,233,양천구청,72
S40,신정2동,234,구로,113
S40,신정3동,235,양천구청,72
S40,신정6동,236,양천구청,72
S40,신정7동,237,구로,113
S40,목5동,238,구로,113
S40,신정4동,239,양천구청,72
S40,염창동,240,양천구청,72
S40,등촌1동,241,구로,113
S40,등촌2동,242,양천구청,72
S40,등촌3동,243,양천구청,72
S40,화곡본동,244,양천구청,72
S40,화곡2동,245,양천구청,72
S40,화곡3동,246,양천구청,72
S40,화곡4동,247,양천구청,72
S40,화곡6동,248,양천구청,72
S40,화곡8동,249,양천구청,72
S40,가양2동,250,양천구청,72
S40,가양3동,251,구로,113
S40,발산1동,252,양천구청,72
S40,공항동,253,양천구청,72
S40,방화1동,254,양천구청,72
S40,방화2동,255,양천구청,72
S40,화곡1동,256,양천구청,72
S40,우장산동,257,양천구청,72
S40,가양1동,258,양천구청,72
S40,방화3동,259,양천구청,72
S40,신도림동,260,구로,113
S40,구로1동,261,구로,113
S40,구로3동,262,독산,122
S40,구로4동,263,구로,113
S40,구로5동,264,구로,113
S40,고척1동,265,구로,113
S40,고척2동,266,양천구청,72
S40,개봉2동,267,구로,113
S40,개봉3동,268,구로,113
S40,오류1동,269,구로,113
S40,수궁동,270,구로,113
S40,가리봉동,271,독산,122
S40,구로2동,272,구로,113
S40,개봉1동,273,구로,113
S40,오류2동,274,구로,113
S40,항동,275,구로,113
S40,가산동,276,독산,122
S40,독산1동,277,독산,122
S40,독산2동,278,독산,122
S40,독산3동,279,독산,122
S40,독산4동,280,독산,122
S40,시흥1동,281,독산,122
S40,시흥2동,282,독산,122
S40,시흥3동,283,독산,122
S40,시흥4동,284,독산,122
S40,시흥5동,285,독산,122
S40,여의동,286,대방,119
S40,당산1동,287,구로,113
S40,당산2동,288,구로,113
S40,양평1동,289,구로,113
S40,양평2동,290,구로,113
S40,신길1동,291,구로,113
S40,신길3동,292,구로,113
S40,신길4동,293,구로,113
S40,신길5동,294,구로,113
S40,신길6동,295,구로,113
S40,신길7동,296,구로,113
S40,대림1동,297,구로,113
S40,대림2동,298,구로,113
S40,대림3동,299,구로,113
S40,영등포본동,300,구로,113
S40,영등포동,301,구로,113
S40,도림동,302,구로,113
S40,문래동,303,구로,113
S40,노량진2동,304,구로,113
S40,상도1동,305,대방,119
S40,상도2동,306,대방,119
S40,상도3동,307,구로,113
S40,상도4동,308,구로,113
S40,사당1동,309,총신대입구,99
S40,사당3동,310,총신대입구,99
S40,사당4동,311,총신대입구,99
S40,사당5동,312,총신대입구,99
S40,대방동,313,대방,119
S40,신대방1동,314,독산,122
S40,신대방2동,315,구로,113
S40,흑석동,316,대방,119
S40,노량진1동,317,대방,119
S40,사당2동,318,총신대입구,99
S40,보라매동,319,독산,122
S40,청림동,320,독산,122
S40,행운동,321,총신대입구,99
S40,낙성대동,322,총신대입구,99
S40,중앙동,323,독산,122
S40,인헌동,324,총신대입구,99
S40,남현동,325,독산,122
S40,서원동,326,독산,122
S40,신원동,327,독산,122
S40,서림동,328,독산,122
S40,신사동,329,독산,122
S40,신림동,330,독산,122
S40,난향동,331,독산,122
S40,조원동,332,독산,122
S40,대학동,333,독산,122
S40,은천동,334,독산,122
S40,성현동,335,독산,122
S40,청룡동,336,독산,122
S40,난곡동,337,독산,122
S40,삼성동,338,독산,122
S40,미성동,339,독산,122
S40,서초1동,340,교대,7
S40,서초2동,341,교대,7
S40,서초3동,342,총신대입구,99
S40,서초4동,343,교대,7
S40,잠원동,344,용두,80
S40,반포본동,345,총신대입구,99
S40,반포1동,346,교대,7
S40,반포2동,347,총신대입구,99
S40,반포3동,348,용두,80
S40,반포4동,349,총신대입구,99
S40,방배본동,350,총신대입구,99
S40,방배1동,351,총신대입구,99
S40,방배2동,352,총신대입구,99
S40,방배3동,353,총신대입구,99
S40,방배4동,354,총신대입구,99
S40,양재1동,355,교대,7
S40,양재2동,356,수서,52
S40,내곡동,357,수서,52
S40,신사동,358,용두,80
S40,개포3동,359,수서,52
S40,논현1동,360,용두,80
S40,논현2동,361,용두,80
S40,삼성1동,362,수서,52
S40,삼성2동,363,용두,80
S40,대치1동,364,수서,52
S40,대치4동,365,수서,52
S40,역삼1동,366,교대,7
S40,역삼2동,367,수서,52
S40,도곡1동,368,수서,52
S40,도곡2동,369,수서,52
S40,개포1동,370,수서,52
S40,개포4동,371,수서,52
S40,일원본동,372,수서,52
S40,일원1동,373,수서,52
S40,수서동,374,수서,52
S40,세곡동,375,수서,52
S40,압구정동,376,용두,80
S40,청담동,377,용답,79
S40,대치2동,378,수서,52
S40,개포2동,379,수서,52
S40,풍납1동,380,용답,79
S40,풍납2동,381,가락시장,0
S40,거여1동,382,경찰병원,5
S40,거여2동,383,경찰병원,5
S40,마천1동,384,경찰병원,5
S40,마천2동,385,경찰병원,5
S40,방이1동,386,경찰병원,5
S40,방이2동,387,가락시장,0
S40,오륜동,388,경찰병원,5
S40,오금동,389,오금,76
S40,송파1동,390,가락시장,0
S40,송파2동,391,가락시장,0
S40,석촌동,392,가락시장,0
S40,삼전동,393,수서,52
S40,가락본동,394,경찰병원,5
S40,가락1동,395,수서,52
S40,가락2동,396,경찰병원,5
S40,문정1동,397,가락시장,0
S40,문정2동,398,수서,52
S40,잠실본동,399,수서,52
S40,잠실4동,400,가락시장,0
S40,잠실6동,401,가락시장,0
S40,잠실7동,402,수서,52
S40,잠실2동,403,가락시장,0
S40,잠실3동,404,수서,52
S40,장지동,405,가락시장,0
S40,위례동,406,가락시장,0
S40,명일1동,407,오금,76
S40,명일2동,408,경찰병원,5
S40,고덕1동,409,용답,79
S40,고덕2동,410,오금,76
S40,암사2동,411,용답,79
S40,암사3동,412,용답,79
S40,천호1동,413,용답,79
S40,천호3동,414,용답,79
S40,성내1동,415,경찰병원,5
S40,성내2동,416,경찰병원,5
S40,성내3동,417,경찰병원,5
S40,둔촌1동,418,경찰병원,5
S40,둔촌2동,419,오금,76
S40,암사1동,420,용답,79
S40,천호2동,421,용답,79
S40,길동,422,오금,76
S40,강일동,423,오금,76
S40,상일1동,424,오금,76
S40,상일2동,425,경찰병원,5
S38,사직동,0,서울역,47
S38,삼청동,1,서울역,47
S38,부암동,2,서울역,47
S38,평창동,3,불광,39
S38,무악동,4,서울역,47
S38,교남동,5,서울역,47
S38,가회동,6,용두,80
S38,종로1·2·3·4가동,7,용두,80
S38,종로5·6가동,8,용두,80
S38,이화동,9,용두,80
S38,창신1동,10,용두,80
S38,창신2동,11,용두,80
S38,창신3동,12,용두,80
S38,숭인1동,13,용두,80
S38,숭인2동,14,용두,80
S38,청운효자동,15,서울역,47
S38,혜화동,16,용두,80
S38,소공동,17,서울역,47
S38,회현동,18,서울역,47
S38,명동,19,서울역,47
S38,필동,20,서울역,47
S38,장충동,21,서울역,47
S38,광희동,22,용두,80
S38,을지로동,23,용두,80
S38,신당5동,24,용두,80
S38,황학동,25,용두,80
S38,중림동,26,서울역,47
S38,신당동,27,용두,80
S38,다산동,28,용두,80
S38,약수동,29,용두,80
S38,청구동,30,용두,80
S38,동화동,31,용두,80
S38,후암동,32,서울역,47
S38,용산2가동,33,서울역,47
S38,남영동,34,서울역,47
S38,원효로2동,35,신용산,63
S38,효창동,36,서울역,47
S38,용문동,37,신용산,63
S38,이촌1동,38,신용산,63
S38,이촌2동,39,신용산,63
S38,이태원1동,40,서울역,47
S38,이태원2동,41,서울역,47
S38,서빙고동,42,신용산,63
S38,보광동,43,서울역,47
S38,청파동,44,서울역,47
S38,원효로1동,45,서울역,47
S38,한강로동,46,신용산,63
S38,한남동,47,용두,80
S38,왕십리2동,48,용두,80
S38,마장동,49,용두,80
S38,사근동,50,용두,80
S38,행당1동,51,용두,80
S38,행당2동,52,용두,80
S38,응봉동,53,용두,80
S38,금호1가동,54,용두,80
S38,금호4가동,55,용두,80
S38,성수1가1동,56,용두,80
S38,성수1가2동,57,용두,80
S38,성수2가1동,58,구의,9
S38,성수2가3동,59,용두,80
S38,송정동,60,용두,80
S38,용답동,61,용두,80
S38,왕십리도선동,62,용두,80
S38,금호2·3가동,63,용두,80
S38,옥수동,64,용두,80
S38,화양동,65,구의,9
S38,군자동,66,용두,80
S38,중곡1동,67,용두,80
S38,중곡2동,68,구의,9
S38,중곡3동,69,신이문,127
S38,중곡4동,70,구의,9
S38,능동,71,구의,9
S38,구의1동,72,구의,9
S38,구의2동,73,구의,9
S38,구의3동,74,구의,9
S38,광장동,75,구의,9
S38,자양1동,76,구의,9
S38,자양2동,77,구의,9
S38,자양3동,78,구의,9
S38,자양4동,79,구의,9
S38,회기동,80,신이문,127
S38,휘경1동,81,신이문,127
S38,휘경2동,82,신이문,127
S38,청량리동,83,용두,80
S38,용신동,84,용두,80
S38,제기동,85,용두,80
S38,전농1동,86,용두,80
S38,전농2동,87,용두,80
S38,답십리2동,88,용두,80
S38,장안1동,89,용두,80
S38,장안2동,90,신이문,127
S38,이문1동,91,신이문,127
S38,이문2동,92,신이문,127
S38,답십리1동,93,용두,80
S38,면목2동,94,신이문,127
S38,면목4동,95,신이문,127
S38,면목5동,96,신이문,127
S38,면목7동,97,신이문,127
S38,상봉1동,98,신이문,127
S38,상봉2동,99,신이문,127
S38,중화1동,100,신이문,127
S38,중화2동,101,신이문,127
S38,묵1동,102,신이문,127
S38,묵2동,103,신이문,127
S38,망우3동,104,신이문,127
S38,신내1동,105,신이문,127
S38,신내2동,106,신이문,127
S38,면목본동,107,신이문,127
S38,면목3·8동,108,신이문,127
S38,망우본동,109,신이문,127
S38,돈암1동,110,용두,80
S38,돈암2동,111,용두,80
S38,안암동,112,용두,80
S38,보문동,113,용두,80
S38,정릉1동,114,용두,80
S38,정릉2동,115,용두,80
S38,정릉3동,116,용두,80
S38,정릉4동,117,용두,80
S38,길음1동,118,용두,80
S38,길음2동,119,용두,80
S38,월곡1동,120,신이문,127
S38,월곡2동,121,신이문,127
S38,장위1동,122,신이문,127
S38,장위2동,123,신이문,127
S38,장위3동,124,신이문,127
S38,성북동,125,용두,80
S38,삼선동,126,용두,80
S38,동선동,127,용두,80
S38,종암동,128,용두,80
S38,석관동,129,신이문,127
S38,번1동,130,창동,97
S38,번2동,131,창동,97
S38,번3동,132,신이문,127
S38,수유1동,133,창동,97
S38,수유2동,134,창동,97
S38,수유3동,135,창동,97
S38,삼양동,136,창동,97
S38,미아동,137,창동,97
S38,송중동,138,신이문,127
S38,송천동,139,신이문,127
S38,삼각산동,140,창동,97
S38,우이동,141,창동,97
S38,인수동,142,창동,97
S38,쌍문1동,143,창동,97
S38,쌍문2동,144,창동,97
S38,쌍문3동,145,창동,97
S38,쌍문4동,146,창동,97
S38,방학1동,147,창동,97
S38,방학2동,148,창동,97
S38,방학3동,149,창동,97
S38,창1동,150,창동,97
S38,창2동,151,창동,97
S38,창3동,152,창동,97
S38,창4동,153,창동,97
S38,창5동,154,창동,97
S38,도봉1동,155,창동,97
S38,도봉2동,156,창동,97
S38,월계1동,157,신이문,127
S38,월계2동,158,창동,97
S38,월계3동,159,신이문,127
S38,공릉2동,160,신이문,127
S38,하계1동,161,창동,97
S38,하계2동,162,창동,97
S38,중계본동,163,창동,97
S38,중계1동,164,창동,97
S38,중계4동,165,창동,97
S38,상계1동,166,창동,97
S38,상계2동,167,창동,97
S38,상계5동,168,창동,97
S38,상계8동,169,창동,97
S38,상계9동,170,창동,97
S38,상계10동,171,창동,97
S38,상계3·4동,172,창동,97
S38,상계6·7동,173,창동,97
S38,중계2·3동,174,창동,97
S38,공릉1동,175,신이문,127
S38,녹번동,176,불광,39
S38,불광1동,177,불광,39
S38,갈현1동,178,불광,39
S38,갈현2동,179,불광,39
S38,구산동,180,불광,39
S38,대조동,181,불광,39
S38,응암1동,182,녹번,17
S38,응암2동,183,녹번,17
S38,신사1동,184,녹번,17
S38,신사2동,185,녹번,17
S38,증산동,186,녹번,17
S38,수색동,187,녹번,17
S38,진관동,188,불광,39
S38,불광2동,189,불광,39
S38,응암3동,190,녹번,17
S38,역촌동,191,불광,39
S38,천연동,192,서울역,47
S38,홍제1동,193,녹번,17
S38,홍제3동,194,녹번,17
S38,홍제2동,195,녹번,17
S38,홍은1동,196,녹번,17
S38,홍은2동,197,녹번,17
S38,남가좌1동,198,녹번,17
S38,남가좌2동,199,녹번,17
S38,북가좌1동,200,녹번,17
S38,북가좌2동,201,녹번,17
S38,충현동,202,서울역,47
S38,북아현동,203,서울역,47
S38,신촌동,204,서울역,47
S38,연희동,205,녹번,17
S38,용강동,206,서울역,47
S38,대흥동,207,서울역,47
S38,염리동,208,서울역,47
S38,신수동,209,서울역,47
S38,서교동,210,구로,113
S38,합정동,211,구로,113
S38,망원1동,212,구로,113
S38,망원2동,213,구로,113
S38,연남동,214,서울역,47
S38,성산1동,215,구로,113
S38,성산2동,216,구로,113
S38,상암동,217,구로,113
S38,도화동,218,서울역,47
S38,서강동,219,서울역,47
S38,공덕동,220,서울역,47
S38,아현동,221,서울역,47
S38,목1동,222,양천구청,72
S38,목2동,223,양천구청,72
S38,목3동,224,양천구청,72
S38,목4동,225,양천구청,72
S38,신월1동,226,양천구청,72
S38,신월2동,227,양천구청,72
S38,신월3동,228,양천구청,72
S38,신월4동,229,양천구청,72
S38,신월5동,230,양천구청,72
S38,신월6동,231,양천구청,72
S38,신월7동,232,양천구청,72
S38,신정1동,233,양천구청,72
S38,신정2동,234,양천구청,72
S38,신정3동,235,양천구청,72
S38,신정6동,236,양천구청,72
S38,신정7동,237,양천구청,72
S38,목5동,238,양천구청,72
S38,신정4동,239,양천구청,72
S38,염창동,240,양천구청,72
S38,등촌1동,241,양천구청,72
S38,등촌2동,242,양천구청,72
S38,등촌3동,243,양천구청,72
S38,화곡본동,244,양천구청,72
S38,화곡2동,245,양천구청,72
S38,화곡3동,246,양천구청,72
S38,화곡4동,247,양천구청,72
S38,화곡6동,248,양천구청,72
S38,화곡8동,249,양천구청,72
S38,가양2동,250,양천구청,72
S38,가양3동,251,양천구청,72
S38,발산1동,252,양천구청,72
S38,공항동,253,양천구청,72
S38,방화1동,254,양천구청,72
S38,방화2동,255,양천구청,72
S38,화곡1동,256,양천구청,72
S38,우장산동,257,양천구청,72
S38,가양1동,258,양천구청,72
S38,방화3동,259,양천구청,72
S38,신도림동,260,구로,113
S38,구로1동,261,구로,113
S38,구로3동,262,독산,122
S38,구로4동,263,구로,113
S38,구로5동,264,구로,113
S38,고척1동,265,구로,113
S38,고척2동,266,양천구청,72
S38,개봉2동,267,양천구청,72
S38,개봉3동,268,양천구청,72
S38,오류1동,269,양천구청,72
S38,수궁동,270,양천구청,72
S38,가리봉동,271,독산,122
S38,구로2동,272,구로,113
S38,개봉1동,273,양천구청,72
S38,오류2동,274,양천구청,72
S38,항동,275,양천구청,72
S38,가산동,276,독산,122
S38,독산1동,277,독산,122
S38,독산2동,278,독산,122
S38,독산3동,279,독산,122
S38,독산4동,280,독산,122
S38,시흥1동,281,독산,122
S38,시흥2동,282,독산,122
S38,시흥3동,283,독산,122
S38,시흥4동,284,독산,122
S38,시흥5동,285,독산,122
S38,여의동,286,구로,113
S38,당산1동,287,구로,113
S38,당산2동,288,구로,113
S38,양평1동,289,구로,113
S38,양평2동,290,구로,113
S38,신길1동,291,구로,113
S38,신길3동,292,구로,113
S38,신길4동,293,구로,113
S38,신길5동,294,구로,113
S38,신길6동,295,구로,113
S38,신길7동,296,구로,113
S38,대림1동,297,구로,113
S38,대림2동,298,구로,113
S38,대림3동,299,구로,113
S38,영등포본동,300,구로,113
S38,영등포동,301,구로,113
S38,도림동,302,구로,113
S38,문래동,303,구로,113
S38,노량진2동,304,구로,113
S38,상도1동,305,총신대입구,99
S38,상도2동,306,구로,113
S38,상도3동,307,구로,113
S38,상도4동,308,구로,113
S38,사당1동,309,총신대입구,99
S38,사당3동,310,총신대입구,99
S38,사당4동,311,총신대입구,99
S38,사당5동,312,총신대입구,99
S38,대방동,313,구로,113
S38,신대방1동,314,독산,122
S38,신대방2동,315,구로,113
S38,흑석동,316,신용산,63
S38,노량진1동,317,신용산,63
S38,사당2동,318,총신대입구,99
S38,보라매동,319,독산,122
S38,청림동,320,총신대입구,99
S38,행운동,321,총신대입구,99
S38,낙성대동,322,총신대입구,99
S38,중앙동,323,독산,122
S38,인헌동,324,총신대입구,99
S38,남현동,325,독산,122
S38,서원동,326,독산,122
S38,신원동,327,독산,122
S38,서림동,328,독산,122
S38,신사동,329,독산,122
S38,신림동,330,독산,122
S38,난향동,331,독산,122
S38,조원동,332,독산,122
S38,대학동,333,독산,122
S38,은천동,334,독산,122
S38,성현동,335,총신대입구,99
S38,청룡동,336,독산,122
S38,난곡동,337,독산,122
S38,삼성동,338,독산,122
S38,미성동,339,독산,122
S38,서초1동,340,총신대입구,99
S38,서초2동,341,도곡,22
S38,서초3동,342,총신대입구,99
S38,서초4동,343,총신대입구,99
S38,잠원동,344,용두,80
S38,반포본동,345,총신대입구,99
S38,반포1동,346,총신대입구,99
S38,반포2동,347,총신대입구,99
S38,반포3동,348,용두,80
S38,반포4동,349,총신대입구,99
S38,방배본동,350,총신대입구,99
S38,방배1동,351,총신대입구,99
S38,방배2동,352,총신대입구,99
S38,방배3동,353,총신대입구,99
S38,방배4동,354,총신대입구,99
S38,양재1동,355,도곡,22
S38,양재2동,356,도곡,22
S38,내곡동,357,가락시장,0
S38,신사동,358,용두,80
S38,개포3동,359,도곡,22
S38,논현1동,360,용두,80
S38,논현2동,361,용두,80
S38,삼성1동,362,구의,9
S38,삼성2동,363,도곡,22
S38,대치1동,364,도곡,22
S38,대치4동,365,도곡,22
S38,역삼1동,366,도곡,22
S38,역삼2동,367,도곡,22
S38,도곡1동,368,도곡,22
S38,도곡2동,369,도곡,22
S38,개포1동,370,도곡,22
S38,개포4동,371,도곡,22
S38,일원본동,372,가락시장,0
S38,일원1동,373,가락시장,0
S38,수서동,374,가락시장,0
S38,세곡동,375,가락시장,0
S38,압구정동,376,용두,80
S38,청담동,377,구의,9
S38,대치2동,378,도곡,22
S38,개포2동,379,도곡,22
S38,풍납1동,380,구의,9
S38,풍납2동,381,가락시장,0
S38,거여1동,382,오금,76
S38,거여2동,383,오금,76
S38,마천1동,384,오금,76
S38,마천2동,385,오금,76
S38,방이1동,386,오금,76
S38,방이2동,387,오금,76
S38,오륜동,388,오금,76
S38,오금동,389,오금,76
S38,송파1동,390,가락시장,0
S38,송파2동,391,가락시장,0
S38,석촌동,392,가락시장,0
S38,삼전동,393,가락시장,0
S38,가락본동,394,가락시장,0
S38,가락1동,395,가락시장,0
S38,가락2동,396,가락시장,0
S38,문정1동,397,가락시장,0
S38,문정2동,398,가락시장,0
S38,잠실본동,399,가락시장,0
S38,잠실4동,400,가락시장,0
S38,잠실6동,401,가락시장,0
S38,잠실7동,402,가락시장,0
S38,잠실2동,403,구의,9
S38,잠실3동,404,가락시장,0
S38,장지동,405,가락시장,0
S38,위례동,406,가락시장,0
S38,명일1동,407,오금,76
S38,명일2동,408,오금,76
S38,고덕1동,409,구의,9
S38,고덕2동,410,오금,76
S38,암사2동,411,구의,9
S38,암사3동,412,구의,9
S38,천호1동,413,구의,9
S38,천호3동,414,구의,9
S38,성내1동,415,오금,76
S38,성내2동,416,구의,9
S38,성내3동,417,오금,76
S38,둔촌1동,418,오금,76
S38,둔촌2동,419,오금,76
S38,암사1동,420,구의,9
S38,천호2동,421,구의,9
S38,길동,422,오금,76
S38,강일동,423,오금,76
S38,상일1동,424,오금,76
S38,상일2동,425,오금,76
S42,사직동,0,충정로,101
S42,삼청동,1,을지로4가,82
S42,부암동,2,충정로,101
S42,평창동,3,불광,39
S42,무악동,4,충정로,101
S42,교남동,5,충정로,101
S42,가회동,6,을지로4가,82
S42,종로1·2·3·4가동,7,을지로4가,82
S42,종로5·6가동,8,청량리,98
S42,이화동,9,을지로4가,82
S42,창신1동,10,청량리,98
S42,창신2동,11,청량리,98
S42,창신3동,12,청량리,98
S42,숭인1동,13,청량리,98
S42,숭인2동,14,청량리,98
S42,청운효자동,15,충정로,101
S42,혜화동,16,청량리,98
S42,소공동,17,충정로,101
S42,회현동,18,충정로,101
S42,명동,19,을지로4가,82
S42,필동,20,을지로4가,82
S42,장충동,21,신용산,63
S42,광희동,22,을지로4가,82
S42,을지로동,23,을지로4가,82
S42,신당5동,24,청량리,98
S42,황학동,25,청량리,98
S42,중림동,26,충정로,101
S42,신당동,27,청량리,98
S42,다산동,28,을지로4가,82
S42,약수동,29,청량리,98
S42,청구동,30,청량리,98
S42,동화동,31,청량리,98
S42,후암동,32,충정로,101
S42,용산2가동,33,신용산,63
S42,남영동,34,신용산,63
S42,원효로2동,35,신용산,63
S42,효창동,36,신용산,63
S42,용문동,37,신용산,63
S42,이촌1동,38,신용산,63
S42,이촌2동,39,신용산,63
S42,이태원1동,40,신용산,63
S42,이태원2동,41,신용산,63
S42,서빙고동,42,신용산,63
S42,보광동,43,신용산,63
S42,청파동,44,충정로,101
S42,원효로1동,45,신용산,63
S42,한강로동,46,신용산,63
S42,한남동,47,용답,79
S42,왕십리2동,48,청량리,98
S42,마장동,49,용답,79
S42,사근동,50,용답,79
S42,행당1동,51,용답,79
S42,행당2동,52,청량리,98
S42,응봉동,53,용답,79
S42,금호1가동,54,청량리,98
S42,금호4가동,55,용답,79
S42,성수1가1동,56,용답,79
S42,성수1가2동,57,용답,79
S42,성수2가1동,58,용답,79
S42,성수2가3동,59,용답,79
S42,송정동,60,용답,79
S42,용답동,61,용답,79
S42,왕십리도선동,62,청량리,98
S42,금호2·3가동,63,용답,79
S42,옥수동,64,용답,79
S42,화양동,65,용답,79
S42,군자동,66,용답,79
S42,중곡1동,67,용답,79
S42,중곡2동,68,용답,79
S42,중곡3동,69,용답,79
S42,중곡4동,70,용답,79
S42,능동,71,용답,79
S42,구의1동,72,용답,79
S42,구의2동,73,용답,79
S42,구의3동,74,용답,79
S42,광장동,75,용답,79
S42,자양1동,76,용답,79
S42,자양2동,77,용답,79
S42,자양3동,78,용답,79
S42,자양4동,79,용답,79
S42,회기동,80,신이문,127
S42,휘경1동,81,신이문,127
S42,휘경2동,82,신이문,127
S42,청량리동,83,청량리,98
S42,용신동,84,청량리,98
S42,제기동,85,청량리,98
S42,전농1동,86,청량리,98
S42,전농2동,87,용답,79
S42,답십리2동,88,용답,79
S42,장안1동,89,용답,79
S42,장안2동,90,용답,79
S42,이문1동,91,신이문,127
S42,이문2동,92,신이문,127
S42,답십리1동,93,용답,79
S42,면목2동,94,신이문,127
S42,면목4동,95,용답,79
S42,면목5동,96,신이문,127
S42,면목7동,97,신이문,127
S42,상봉1동,98,신이문,127
S42,상봉2동,99,신이문,127
S42,중화1동,100,신이문,127
S42,중화2동,101,신이문,127
S42,묵1동,102,신이문,127
S42,묵2동,103,신이문,127
S42,망우3동,104,신이문,127
S42,신내1동,105,신이문,127
S42,신내2동,106,신이문,127
S42,면목본동,107,신이문,127
S42,면목3·8동,108,신이문,127
S42,망우본동,109,신이문,127
S42,돈암1동,110,청량리,98
S42,돈암2동,111,청량리,98
S42,안암동,112,청량리,98
S42,보문동,113,청량리,98
S42,정릉1동,114,청량리,98
S42,정릉2동,115,청량리,98
S42,정릉3동,116,청량리,98
S42,정릉4동,117,창동,97
S42,길음1동,118,청량리,98
S42,길음2동,119,신이문,127
S42,월곡1동,120,신이문,127
S42,월곡2동,121,신이문,127
S42,장위1동,122,신이문,127
S42,장위2동,123,신이문,127
S42,장위3동,124,신이문,127
S42,성북동,125,청량리,98
S42,삼선동,126,청량리,98
S42,동선동,127,청량리,98
S42,종암동,128,청량리,98
S42,석관동,129,신이문,127
S42,번1동,130,창동,97
S42,번2동,131,창동,97
S42,번3동,132,신이문,127
S42,수유1동,133,창동,97
S42,수유2동,134,창동,97
S42,수유3동,135,창동,97
S42,삼양동,136,창동,97
S42,미아동,137,창동,97
S42,송중동,138,신이문,127
S42,송천동,139,신이문,127
S42,삼각산동,140,창동,97
S42,우이동,141,창동,97
S42,인수동,142,창동,97
S42,쌍문1동,143,창동,97
S42,쌍문2동,144,창동,97
S42,쌍문3동,145,창동,97
S42,쌍문4동,146,창동,97
S42,방학1동,147,창동,97
S42,방학2동,148,창동,97
S42,방학3동,149,창동,97
S42,창1동,150,창동,97
S42,창2동,151,창동,97
S42,창3동,152,창동,97
S42,창4동,153,창동,97
S42,창5동,154,창동,97
S42,도봉1동,155,창동,97
S42,도봉2동,156,창동,97
S42,월계1동,157,신이문,127
S42,월계2동,158,창동,97
S42,월계3동,159,신이문,127
S42,공릉2동,160,신이문,127
S42,하계1동,161,창동,97
S42,하계2동,162,창동,97
S42,중계본동,163,창동,97
S42,중계1동,164,창동,97
S42,중계4동,165,창동,97
S42,상계1동,166,창동,97
S42,상계2동,167,창동,97
S42,상계5동,168,창동,97
S42,상계8동,169,창동,97
S42,상계9동,170,창동,97
S42,상계10동,171,창동,97
S42,상계3·4동,172,창동,97
S42,상계6·7동,173,창동,97
S42,중계2·3동,174,창동,97
S42,공릉1동,175,신이문,127
S42,녹번동,176,불광,39
S42,불광1동,177,불광,39
S42,갈현1동,178,불광,39
S42,갈현2동,179,불광,39
S42,구산동,180,불광,39
S42,대조동,181,불광,39
S42,응암1동,182,녹번,17
S42,응암2동,183,녹번,17
S42,신사1동,184,녹번,17
S42,신사2동,185,녹번,17
S42,증산동,186,녹번,17
S42,수색동,187,녹번,17
S42,진관동,188,불광,39
S42,불광2동,189,불광,39
S42,응암3동,190,녹번,17
S42,역촌동,191,불광,39
S42,천연동,192,충정로,101
S42,홍제1동,193,녹번,17
S42,홍제3동,194,녹번,17
S42,홍제2동,195,녹번,17
S42,홍은1동,196,녹번,17
S42,홍은2동,197,녹번,17
S42,남가좌1동,198,녹번,17
S42,남가좌2동,199,녹번,17
S42,북가좌1동,200,녹번,17
S42,북가좌2동,201,녹번,17
S42,충현동,202,충정로,101
S42,북아현동,203,충정로,101
S42,신촌동,204,충정로,101
S42,연희동,205,녹번,17
S42,용강동,206,충정로,101
S42,대흥동,207,충정로,101
S42,염리동,208,충정로,101
S42,신수동,209,충정로,101
S42,서교동,210,구로,113
S42,합정동,211,구로,113
S42,망원1동,212,구로,113
S42,망원2동,213,구로,113
S42,연남동,214,충정로,101
S42,성산1동,215,구로,113
S42,성산2동,216,구로,113
S42,상암동,217,구로,113
S42,도화동,218,신용산,63
S42,서강동,219,충정로,101
S42,공덕동,220,충정로,101
S42,아현동,221,충정로,101
S42,목1동,222,양천구청,72
S42,목2동,223,양천구청,72
S42,목3동,224,양천구청,72
S42,목4동,225,양천구청,72
S42,신월1동,226,양천구청,72
S42,신월2동,227,양천구청,72
S42,신월3동,228,양천구청,72
S42,신월4동,229,양천구청,72
S42,신월5동,230,양천구청,72
S42,신월6동,231,양천구청,72
S42,신월7동,232,양천구청,72
S42,신정1동,233,양천구청,72
S42,신정2동,234,양천구청,72
S42,신정3동,235,양천구청,72
S42,신정6동,236,양천구청,72
S42,신정7동,237,양천구청,72
S42,목5동,238,양천구청,72
S42,신정4동,239,양천구청,72
S42,염창동,240,양천구청,72
S42,등촌1동,241,양천구청,72
S42,등촌2동,242,양천구청,72
S42,등촌3동,243,양천구청,72
S42,화곡본동,244,양천구청,72
S42,화곡2동,245,양천구청,72
S42,화곡3동,246,양천구청,72
S42,화곡4동,247,양천구청,72
S42,화곡6동,248,양천구청,72
S42,화곡8동,249,양천구청,72
S42,가양2동,250,양천구청,72
S42,가양3동,251,양천구청,72
S42,발산1동,252,양천구청,72
S42,공항동,253,양천구청,72
S42,방화1동,254,양천구청,72
S42,방화2동,255,양천구청,72
S42,화곡1동,256,양천구청,72
S42,우장산동,257,양천구청,72
S42,가양1동,258,양천구청,72
S42,방화3동,259,양천구청,72
S42,신도림동,260,구로,113
S42,구로1동,261,구로,113
S42,구로3동,262,구로,113
S42,구로4동,263,구로,113
S42,구로5동,264,구로,113
S42,고척1동,265,구로,113
S42,고척2동,266,양천구청,72
S42,개봉2동,267,양천구청,72
S42,개봉3동,268,양천구청,72
S42,오류1동,269,양천구청,72
S42,수궁동,270,양천구청,72
S42,가리봉동,271,구로,113
S42,구로2동,272,구로,113
S42,개봉1동,273,양천구청,72
S42,오류2동,274,양천구청,72
S42,항동,275,양천구청,72
S42,가산동,276,구로,113
S42,독산1동,277,구로,113
S42,독산2동,278,구로,113
S42,독산3동,279,구로,113
S42,독산4동,280,구로,113
S42,시흥1동,281,구로,113
S42,시흥2동,282,구로,113
S42,시흥3동,283,구로,113
S42,시흥4동,284,구로,113
S42,시흥5동,285,구로,113
S42,여의동,286,구로,113
S42,당산1동,287,구로,113
S42,당산2동,288,구로,113
S42,양평1동,289,구로,113
S42,양평2동,290,구로,113
S42,신길1동,291,구로,113
S42,신길3동,292,구로,113
S42,신길4동,293,구로,113
S42,신길5동,294,구로,113
S42,신길6동,295,구로,113
S42,신길7동,296,구로,113
S42,대림1동,297,구로,113
S42,대림2동,298,구로,113
S42,대림3동,299,구로,113
S42,영등포본동,300,구로,113
S42,영등포동,301,구로,113
S42,도림동,302,구로,113
S42,문래동,303,구로,113
S42,노량진2동,304,구로,113
S42,상도1동,305,총신대입구,99
S42,상도2동,306,구로,113
S42,상도3동,307,구로,113
S42,상도4동,308,구로,113
S42,사당1동,309,총신대입구,99
S42,사당3동,310,총신대입구,99
S42,사당4동,311,총신대입구,99
S42,사당5동,312,총신대입구,99
S42,대방동,313,구로,113
S42,신대방1동,314,구로,113
S42,신대방2동,315,구로,113
S42,흑석동,316,신용산,63
S42,노량진1동,317,신용산,63
S42,사당2동,318,총신대입구,99
S42,보라매동,319,구로,113
S42,청림동,320,총신대입구,99
S42,행운동,321,총신대입구,99
S42,낙성대동,322,총신대입구,99
S42,중앙동,323,총신대입구,99
S42,인헌동,324,총신대입구,99
S42,남현동,325,총신대입구,99
S42,서원동,326,구로,113
S42,신원동,327,구로,113
S42,서림동,328,구로,113
S42,신사동,329,구로,113
S42,신림동,330,구로,113
S42,난향동,331,구로,113
S42,조원동,332,구로,113
S42,대학동,333,구로,113
S42,은천동,334,구로,113
S42,성현동,335,총신대입구,99
S42,청룡동,336,총신대입구,99
S42,난곡동,337,구로,113
S42,삼성동,338,구로,113
S42,미성동,339,구로,113
S42,서초1동,340,교대,7
S42,서초2동,341,교대,7
S42,서초3동,342,교대,7
S42,서초4동,343,교대,7
S42,잠원동,344,교대,7
S42,반포본동,345,총신대입구,99
S42,반포1동,346,교대,7
S42,반포2동,347,총신대입구,99
S42,반포3동,348,용답,79
S42,반포4동,349,교대,7
S42,방배본동,350,총신대입구,99
S42,방배1동,351,총신대입구,99
S42,방배2동,352,총신대입구,99
S42,방배3동,353,총신대입구,99
S42,방배4동,354,총신대입구,99
S42,양재1동,355,교대,7
S42,양재2동,356,수서,52
S42,내곡동,357,수서,52
S42,신사동,358,교대,7
S42,개포3동,359,수서,52
S42,논현1동,360,교대,7
S42,논현2동,361,교대,7
S42,삼성1동,362,수서,52
S42,삼성2동,363,수서,52
S42,대치1동,364,수서,52
S42,대치4동,365,수서,52
S42,역삼1동,366,교대,7
S42,역삼2동,367,교대,7
S42,도곡1동,368,교대,7
S42,도곡2동,369,수서,52
S42,개포1동,370,수서,52
S42,개포4동,371,수서,52
S42,일원본동,372,수서,52
S42,일원1동,373,수서,52
S42,수서동,374,수서,52
S42,세곡동,375,수서,52
S42,압구정동,376,용답,79
S42,청담동,377,용답,79
S42,대치2동,378,수서,52
S42,개포2동,379,수서,52
S42,풍납1동,380,용답,79
S42,풍납2동,381,수서,52
S42,거여1동,382,수서,52
S42,거여2동,383,수서,52
S42,마천1동,384,수서,52
S42,마천2동,385,수서,52
S42,방이1동,386,수서,52
S42,방이2동,387,수서,52
S42,오륜동,388,수서,52
S42,오금동,389,수서,52
S42,송파1동,390,수서,52
S42,송파2동,391,수서,52
S42,석촌동,392,수서,52
S42,삼전동,393,수서,52
S42,가락본동,394,수서,52
S42,가락1동,395,수서,52
S42,가락2동,396,수서,52
S42,문정1동,397,수서,52
S42,문정2동,398,수서,52
S42,잠실본동,399,수서,52
S42,잠실4동,400,수서,52
S42,잠실6동,401,수서,52
S42,잠실7동,402,수서,52
S42,잠실2동,403,수서,52
S42,잠실3동,404,수서,52
S42,장지동,405,수서,52
S42,위례동,406,수서,52
S42,명일1동,407,수서,52
S42,명일2동,408,수서,52
S42,고덕1동,409,용답,79
S42,고덕2동,410,용답,79
S42,암사2동,411,용답,79
S42,암사3동,412,용답,79
S42,천호1동,413,용답,79
S42,천호3동,414,용답,79
S42,성내1동,415,수서,52
S42,성내2동,416,수서,52
S42,성내3동,417,수서,52
S42,둔촌1동,418,수서,52
S42,둔촌2동,419,수서,52
S42,암사1동,420,용답,79
S42,천호2동,421,용답,79
S42,길동,422,수서,52
S42,강일동,423,수서,52
S42,상일1동,424,수서,52
S42,상일2동,425,수서,52
S27,사직동,0,신설동,62
S27,삼청동,1,신설동,62
S27,부암동,2,신설동,62
S27,평창동,3,신설동,62
S27,무악동,4,서울역,47
S27,교남동,5,서울역,47
S27,가회동,6,신설동,62
S27,종로1·2·3·4가동,7,신설동,62
S27,종로5·6가동,8,신설동,62
S27,이화동,9,신설동,62
S27,창신1동,10,신설동,62
S27,창신2동,11,신설동,62
S27,창신3동,12,신설동,62
S27,숭인1동,13,신설동,62
S27,숭인2동,14,신설동,62
S27,청운효자동,15,신설동,62
S27,혜화동,16,신설동,62
S27,소공동,17,서울역,47
S27,회현동,18,서울역,47
S27,명동,19,신설동,62
S27,필동,20,신설동,62
S27,장충동,21,서울역,47
S27,광희동,22,신설동,62
S27,을지로동,23,신설동,62
S27,신당5동,24,신설동,62
S27,황학동,25,신설동,62
S27,중림동,26,충정로,101
S27,신당동,27,신설동,62
S27,다산동,28,신설동,62
S27,약수동,29,신설동,62
S27,청구동,30,신설동,62
S27,동화동,31,신설동,62
S27,후암동,32,서울역,47
S27,용산2가동,33,서울역,47
S27,남영동,34,서울역,47
S27,원효로2동,35,신용산,63
S27,효창동,36,서울역,47
S27,용문동,37,신용산,63
S27,이촌1동,38,신용산,63
S27,이촌2동,39,신용산,63
S27,이태원1동,40,신용산,63
S27,이태원2동,41,신설동,62
S27,서빙고동,42,신용산,63
S27,보광동,43,용두,80
S27,청파동,44,서울역,47
S27,원효로1동,45,신용산,63
S27,한강로동,46,신용산,63
S27,한남동,47,용두,80
S27,왕십리2동,48,용두,80
S27,마장동,49,용두,80
S27,사근동,50,용두,80
S27,행당1동,51,용두,80
S27,행당2동,52,용두,80
S27,응봉동,53,용두,80
S27,금호1가동,54,신설동,62
S27,금호4가동,55,용두,80
S27,성수1가1동,56,용두,80
S27,성수1가2동,57,용두,80
S27,성수2가1동,58,용두,80
S27,성수2가3동,59,용답,79
S27,송정동,60,용답,79
S27,용답동,61,용답,79
S27,왕십리도선동,62,용두,80
S27,금호2·3가동,63,신설동,62
S27,옥수동,64,용두,80
S27,화양동,65,용답,79
S27,군자동,66,용답,79
S27,중곡1동,67,용답,79
S27,중곡2동,68,용답,79
S27,중곡3동,69,용답,79
S27,중곡4동,70,용답,79
S27,능동,71,용답,79
S27,구의1동,72,용답,79
S27,구의2동,73,용답,79
S27,구의3동,74,용답,79
S27,광장동,75,용답,79
S27,자양1동,76,용답,79
S27,자양2동,77,용답,79
S27,자양3동,78,용답,79
S27,자양4동,79,용답,79
S27,회기동,80,신이문,127
S27,휘경1동,81,신이문,127
S27,휘경2동,82,신이문,127
S27,청량리동,83,용두,80
S27,용신동,84,용두,80
S27,제기동,85,용두,80
S27,전농1동,86,용두,80
S27,전농2동,87,용답,79
S27,답십리2동,88,용답,79
S27,장안1동,89,용답,79
S27,장안2동,90,용답,79
S27,이문1동,91,신이문,127
S27,이문2동,92,신이문,127
S27,답십리1동,93,용답,79
S27,면목2동,94,신이문,127
S27,면목4동,95,용답,79
S27,면목5동,96,신이문,127
S27,면목7동,97,신이문,127
S27,상봉1동,98,신이문,127
S27,상봉2동,99,신이문,127
S27,중화1동,100,신이문,127
S27,중화2동,101,신이문,127
S27,묵1동,102,신이문,127
S27,묵2동,103,신이문,127
S27,망우3동,104,신이문,127
S27,신내1동,105,신이문,127
S27,신내2동,106,신이문,127
S27,면목본동,107,신이문,127
S27,면목3·8동,108,신이문,127
S27,망우본동,109,신이문,127
S27,돈암1동,110,신설동,62
S27,돈암2동,111,신설동,62
S27,안암동,112,신설동,62
S27,보문동,113,신설동,62
S27,정릉1동,114,신설동,62
S27,정릉2동,115,신설동,62
S27,정릉3동,116,신설동,62
S27,정릉4동,117,신설동,62
S27,길음1동,118,신설동,62
S27,길음2동,119,용두,80
S27,월곡1동,120,신이문,127
S27,월곡2동,121,신이문,127
S27,장위1동,122,신이문,127
S27,장위2동,123,신이문,127
S27,장위3동,124,신이문,127
S27,성북동,125,신설동,62
S27,삼선동,126,신설동,62
S27,동선동,127,신설동,62
S27,종암동,128,용두,80
S27,석관동,129,신이문,127
S27,번1동,130,창동,97
S27,번2동,131,창동,97
S27,번3동,132,신이문,127
S27,수유1동,133,창동,97
S27,수유2동,134,창동,97
S27,수유3동,135,창동,97
S27,삼양동,136,창동,97
S27,미아동,137,창동,97
S27,송중동,138,신이문,127
S27,송천동,139,신이문,127
S27,삼각산동,140,신설동,62
S27,우이동,141,창동,97
S27,인수동,142,창동,97
S27,쌍문1동,143,창동,97
S27,쌍문2동,144,창동,97
S27,쌍문3동,145,창동,97
S27,쌍문4동,146,창동,97
S27,방학1동,147,창동,97
S27,방학2동,148,창동,97
S27,방학3동,149,창동,97
S27,창1동,150,창동,97
S27,창2동,151,창동,97
S27,창3동,152,창동,97
S27,창4동,153,창동,97
S27,창5동,154,창동,97
S27,도봉1동,155,창동,97
S27,도봉2동,156,창동,97
S27,월계1동,157,신이문,127
S27,월계2동,158,창동,97
S27,월계3동,159,신이문,127
S27,공릉2동,160,신이문,127
S27,하계1동,161,창동,97
S27,하계2동,162,창동,97
S27,중계본동,163,창동,97
S27,중계1동,164,창동,97
S27,중계4동,165,창동,97
S27,상계1동,166,창동,97
S27,상계2동,167,창동,97
S27,상계5동,168,창동,97
S27,상계8동,169,창동,97
S27,상계9동,170,창동,97
S27,상계10동,171,창동,97
S27,상계3·4동,172,창동,97
S27,상계6·7동,173,창동,97
S27,중계2·3동,174,창동,97
S27,공릉1동,175,신이문,127
S27,녹번동,176,불광,39
S27,불광1동,177,불광,39
S27,갈현1동,178,불광,39
S27,갈현2동,179,불광,39
S27,구산동,180,불광,39
S27,대조동,181,불광,39
S27,응암1동,182,불광,39
S27,응암2동,183,서울역,47
S27,신사1동,184,불광,39
S27,신사2동,185,구로,113
S27,증산동,186,구로,113
S27,수색동,187,구로,113
S27,진관동,188,불광,39
S27,불광2동,189,불광,39
S27,응암3동,190,서울역,47
S27,역촌동,191,불광,39
S27,천연동,192,서울역,47
S27,홍제1동,193,서울역,47
S27,홍제3동,194,서울역,47
S27,홍제2동,195,서울역,47
S27,홍은1동,196,서울역,47
S27,홍은2동,197,서울역,47
S27,남가좌1동,198,충정로,101
S27,남가좌2동,199,충정로,101
S27,북가좌1동,200,구로,113
S27,북가좌2동,201,충정로,101
S27,충현동,202,충정로,101
S27,북아현동,203,충정로,101
S27,신촌동,204,충정로,101
S27,연희동,205,충정로,101
S27,용강동,206,대방,119
S27,대흥동,207,충정로,101
S27,염리동,208,충정로,101
S27,신수동,209,대방,119
S27,서교동,210,구로,113
S27,합정동,211,구로,113
S27,망원1동,212,구로,113
S27,망원2동,213,구로,113
S27,연남동,214,구로,113
S27,성산1동,215,구로,113
S27,성산2동,216,구로,113
S27,상암동,217,구로,113
S27,도화동,218,신용산,63
S27,서강동,219,구로,113
S27,공덕동,220,서울역,47
S27,아현동,221,충정로,101
S27,목1동,222,양천구청,72
S27,목2동,223,양천구청,72
S27,목3동,224,양천구청,72
S27,목4동,225,양천구청,72
S27,신월1동,226,양천구청,72
S27,신월2동,227,양천구청,72
S27,신월3동,228,양천구청,72
S27,신월4동,229,양천구청,72
S27,신월5동,230,양천구청,72
S27,신월6동,231,양천구청,72
S27,신월7동,232,양천구청,72
S27,신정1동,233,양천구청,72
S27,신정2동,234,양천구청,72
S27,신정3동,235,양천구청,72
S27,신정6동,236,양천구청,72
S27,신정7동,237,양천구청,72
S27,목5동,238,양천구청,72
S27,신정4동,239,양천구청,72
S27,염창동,240,양천구청,72
S27,등촌1동,241,양천구청,72
S27,등촌2동,242,양천구청,72
S27,등촌3동,243,양천구청,72
S27,화곡본동,244,양천구청,72
S27,화곡2동,245,양천구청,72
S27,화곡3동,246,양천구청,72
S27,화곡4동,247,양천구청,72
S27,화곡6동,248,양천구청,72
S27,화곡8동,249,양천구청,72
S27,가양2동,250,양천구청,72
S27,가양3동,251,양천구청,72
S27,발산1동,252,양천구청,72
S27,공항동,253,양천구청,72
S27,방화1동,254,양천구청,72
S27,방화2동,255,양천구청,72
S27,화곡1동,256,양천구청,72
S27,우장산동,257,양천구청,72
S27,가양1동,258,양천구청,72
S27,방화3동,259,양천구청,72
S27,신도림동,260,구로,113
S27,구로1동,261,구로,113
S27,구로3동,262,독산,122
S27,구로4동,263,구로,113
S27,구로5동,264,구로,113
S27,고척1동,265,구로,113
S27,고척2동,266,양천구청,72
S27,개봉2동,267,구로,113
S27,개봉3동,268,구로,113
S27,오류1동,269,양천구청,72
S27,수궁동,270,양천구청,72
S27,가리봉동,271,독산,122
S27,구로2동,272,구로,113
S27,개봉1동,273,양천구청,72
S27,오류2동,274,양천구청,72
S27,항동,275,양천구청,72
S27,가산동,276,독산,122
S27,독산1동,277,독산,122
S27,독산2동,278,독산,122
S27,독산3동,279,독산,122
S27,독산4동,280,독산,122
S27,시흥1동,281,독산,122
S27,시흥2동,282,독산,122
S27,시흥3동,283,독산,122
S27,시흥4동,284,독산,122
S27,시흥5동,285,독산,122
S27,여의동,286,대방,119
S27,당산1동,287,구로,113
S27,당산2동,288,구로,113
S27,양평1동,289,구로,113
S27,양평2동,290,구로,113
S27,신길1동,291,구로,113
S27,신길3동,292,구로,113
S27,신길4동,293,구로,113
S27,신길5동,294,구로,113
S27,신길6동,295,구로,113
S27,신길7동,296,대방,119
S27,대림1동,297,구로,113
S27,대림2동,298,구로,113
S27,대림3동,299,구로,113
S27,영등포본동,300,구로,113
S27,영등포동,301,구로,113
S27,도림동,302,구로,113
S27,문래동,303,구로,113
S27,노량진2동,304,대방,119
S27,상도1동,305,대방,119
S27,상도2동,306,대방,119
S27,상도3동,307,구로,113
S27,상도4동,308,구로,113
S27,사당1동,309,총신대입구,99
S27,사당3동,310,총신대입구,99
S27,사당4동,311,총신대입구,99
S27,사당5동,312,총신대입구,99
S27,대방동,313,대방,119
S27,신대방1동,314,독산,122
S27,신대방2동,315,구로,113
S27,흑석동,316,대방,119
S27,노량진1동,317,대방,119
S27,사당2동,318,총신대입구,99
S27,보라매동,319,독산,122
S27,청림동,320,총신대입구,99
S27,행운동,321,총신대입구,99
S27,낙성대동,322,총신대입구,99
S27,중앙동,323,독산,122
S27,인헌동,324,총신대입구,99
S27,남현동,325,독산,122
S27,서원동,326,독산,122
S27,신원동,327,독산,122
S27,서림동,328,독산,122
S27,신사동,329,독산,122
S27,신림동,330,독산,122
S27,난향동,331,독산,122
S27,조원동,332,독산,122
S27,대학동,333,독산,122
S27,은천동,334,독산,122
S27,성현동,335,독산,122
S27,청룡동,336,독산,122
S27,난곡동,337,독산,122
S27,삼성동,338,독산,122
S27,미성동,339,독산,122
S27,서초1동,340,교대,7
S27,서초2동,341,교대,7
S27,서초3동,342,교대,7
S27,서초4동,343,교대,7
S27,잠원동,344,용두,80
S27,반포본동,345,총신대입구,99
S27,반포1동,346,교대,7
S27,반포2동,347,총신대입구,99
S27,반포3동,348,용두,80
S27,반포4동,349,총신대입구,99
S27,방배본동,350,총신대입구,99
S27,방배1동,351,총신대입구,99
S27,방배2동,352,총신대입구,99
S27,방배3동,353,총신대입구,99
S27,방배4동,354,총신대입구,99
S27,양재1동,355,수서,52
S27,양재2동,356,수서,52
S27,내곡동,357,수서,52
S27,신사동,358,용두,80
S27,개포3동,359,수서,52
S27,논현1동,360,용두,80
S27,논현2동,361,용두,80
S27,삼성1동,362,수서,52
S27,삼성2동,363,수서,52
S27,대치1동,364,수서,52
S27,대치4동,365,수서,52
S27,역삼1동,366,교대,7
S27,역삼2동,367,수서,52
S27,도곡1동,368,수서,52
S27,도곡2동,369,수서,52
S27,개포1동,370,수서,52
S27,개포4동,371,수서,52
S27,일원본동,372,수서,52
S27,일원1동,373,수서,52
S27,수서동,374,수서,52
S27,세곡동,375,수서,52
S27,압구정동,376,용두,80
S27,청담동,377,용답,79
S27,대치2동,378,수서,52
S27,개포2동,379,수서,52
S27,풍납1동,380,용답,79
S27,풍납2동,381,수서,52
S27,거여1동,382,가락시장,0
S27,거여2동,383,가락시장,0
S27,마천1동,384,가락시장,0
S27,마천2동,385,가락시장,0
S27,방이1동,386,가락시장,0
S27,방이2동,387,수서,52
S27,오륜동,388,가락시장,0
S27,오금동,389,오금,76
S27,송파1동,390,가락시장,0
S27,송파2동,391,가락시장,0
S27,석촌동,392,수서,52
S27,삼전동,393,수서,52
S27,가락본동,394,가락시장,0
S27,가락1동,395,수서,52
S27,가락2동,396,가락시장,0
S27,문정1동,397,가락시장,0
S27,문정2동,398,수서,52
S27,잠실본동,399,수서,52
S27,잠실4동,400,수서,52
S27,잠실6동,401,수서,52
S27,잠실7동,402,수서,52
S27,잠실2동,403,수서,52
S27,잠실3동,404,수서,52
S27,장지동,405,가락시장,0
S27,위례동,406,가락시장,0
S27,명일1동,407,가락시장,0
S27,명일2동,408,오금,76
S27,고덕1동,409,가락시장,0
S27,고덕2동,410,오금,76
S27,암사2동,411,용답,79
S27,암사3동,412,용답,79
S27,천호1동,413,가락시장,0
S27,천호3동,414,오금,76
S27,성내1동,415,오금,76
S27,성내2동,416,오금,76
S27,성내3동,417,가락시장,0
S27,둔촌1동,418,오금,76
S27,둔촌2동,419,오금,76
S27,암사1동,420,용답,79
S27,천호2동,421,용답,79
S27,길동,422,오금,76
S27,강일동,423,오금,76
S27,상일1동,424,오금,76
S27,상일2동,425,오금,76
S46,사직동,0,충정로,101
S46,삼청동,1,을지로4가,82
S46,부암동,2,충정로,101
S46,평창동,3,불광,39
S46,무악동,4,충정로,101
S46,교남동,5,충정로,101
S46,가회동,6,을지로4가,82
S46,종로1·2·3·4가동,7,을지로4가,82
S46,종로5·6가동,8,을지로4가,82
S46,이화동,9,을지로4가,82
S46,창신1동,10,청량리,98
S46,창신2동,11,청량리,98
S46,창신3동,12,청량리,98
S46,숭인1동,13,청량리,98
S46,숭인2동,14,청량리,98
S46,청운효자동,15,충정로,101
S46,혜화동,16,청량리,98
S46,소공동,17,충정로,101
S46,회현동,18,충정로,101
S46,명동,19,을지로4가,82
S46,필동,20,을지로4가,82
S46,장충동,21,신용산,63
S46,광희동,22,을지로4가,82
S46,을지로동,23,을지로4가,82
S46,신당5동,24,청량리,98
S46,황학동,25,청량리,98
S46,중림동,26,충정로,101
S46,신당동,27,청량리,98
S46,다산동,28,을지로4가,82
S46,약수동,29,을지로4가,82
S46,청구동,30,을지로4가,82
S46,동화동,31,청량리,98
S46,후암동,32,충정로,101
S46,용산2가동,33,신용산,63
S46,남영동,34,신용산,63
S46,원효로2동,35,신용산,63
S46,효창동,36,신용산,63
S46,용문동,37,신용산,63
S46,이촌1동,38,신용산,63
S46,이촌2동,39,신용산,63
S46,이태원1동,40,신용산,63
S46,이태원2동,41,신용산,63
S46,서빙고동,42,신용산,63
S46,보광동,43,신용산,63
S46,청파동,44,충정로,101
S46,원효로1동,45,신용산,63
S46,한강로동,46,신용산,63
S46,한남동,47,압구정,69
S46,왕십리2동,48,청량리,98
S46,마장동,49,용답,79
S46,사근동,50,용답,79
S46,행당1동,51,용답,79
S46,행당2동,52,청량리,98
S46,응봉동,53,용답,79
S46,금호1가동,54,청량리,98
S46,금호4가동,55,용답,79
S46,성수1가1동,56,용답,79
S46,성수1가2동,57,용답,79
S46,성수2가1동,58,용답,79
S46,성수2가3동,59,용답,79
S46,송정동,60,용답,79
S46,용답동,61,용답,79
S46,왕십리도선동,62,청량리,98
S46,금호2·3가동,63,청량리,98
S46,옥수동,64,용답,79
S46,화양동,65,용답,79
S46,군자동,66,용답,79
S46,중곡1동,67,용답,79
S46,중곡2동,68,용답,79
S46,중곡3동,69,용답,79
S46,중곡4동,70,용답,79
S46,능동,71,용답,79
S46,구의1동,72,용답,79
S46,구의2동,73,용답,79
S46,구의3동,74,용답,79
S46,광장동,75,용답,79
S46,자양1동,76,용답,79
S46,자양2동,77,용답,79
S46,자양3동,78,용답,79
S46,자양4동,79,용답,79
S46,회기동,80,신이문,127
S46,휘경1동,81,신이문,127
S46,휘경2동,82,신이문,127
S46,청량리동,83,청량리,98
S46,용신동,84,청량리,98
S46,제기동,85,청량리,98
S46,전농1동,86,청량리,98
S46,전농2동,87,용답,79
S46,답십리2동,88,용답,79
S46,장안1동,89,용답,79
S46,장안2동,90,용답,79
S46,이문1동,91,신이문,127
S46,이문2동,92,신이문,127
S46,답십리1동,93,용답,79
S46,면목2동,94,신이문,127
S46,면목4동,95,용답,79
S46,면목5동,96,신이문,127
S46,면목7동,97,신이문,127
S46,상봉1동,98,신이문,127
S46,상봉2동,99,신이문,127
S46,중화1동,100,신이문,127
S46,중화2동,101,신이문,127
S46,묵1동,102,신이문,127
S46,묵2동,103,신이문,127
S46,망우3동,104,신이문,127
S46,신내1동,105,신이문,127
S46,신내2동,106,신이문,127
S46,면목본동,107,신이문,127
S46,면목3·8동,108,신이문,127
S46,망우본동,109,신이문,127
S46,돈암1동,110,청량리,98
S46,돈암2동,111,청량리,98
S46,안암동,112,청량리,98
S46,보문동,113,청량리,98
S46,정릉1동,114,청량리,98
S46,정릉2동,115,청량리,98
S46,정릉3동,116,청량리,98
S46,정릉4동,117,창동,97
S46,길음1동,118,청량리,98
S46,길음2동,119,신이문,127
S46,월곡1동,120,신이문,127
S46,월곡2동,121,신이문,127
S46,장위1동,122,신이문,127
S46,장위2동,123,신이문,127
S46,장위3동,124,신이문,127
S46,성북동,125,청량리,98
S46,삼선동,126,청량리,98
S46,동선동,127,청량리,98
S46,종암동,128,청량리,98
S46,석관동,129,신이문,127
S46,번1동,130,창동,97
S46,번2동,131,창동,97
S46,번3동,132,신이문,127
S46,수유1동,133,창동,97
S46,수유2동,134,창동,97
S46,수유3동,135,창동,97
S46,삼양동,136,창동,97
S46,미아동,137,창동,97
S46,송중동,138,신이문,127
S46,송천동,139,신이문,127
S46,삼각산동,140,창동,97
S46,우이동,141,창동,97
S46,인수동,142,창동,97
S46,쌍문1동,143,창동,97
S46,쌍문2동,144,창동,97
S46,쌍문3동,145,창동,97
S46,쌍문4동,146,창동,97
S46,방학1동,147,창동,97
S46,방학2동,148,창동,97
S46,방학3동,149,창동,97
S46,창1동,150,창동,97
S46,창2동,151,창동,97
S46,창3동,152,창동,97
S46,창4동,153,창동,97
S46,창5동,154,창동,97
S46,도봉1동,155,창동,97
S46,도봉2동,156,창동,97
S46,월계1동,157,신이문,127
S46,월계2동,158,창동,97
S46,월계3동,159,신이문,127
S46,공릉2동,160,신이문,127
S46,하계1동,161,창동,97
S46,하계2동,162,창동,97
S46,중계본동,163,창동,97
S46,중계1동,164,창동,97
S46,중계4동,165,창동,97
S46,상계1동,166,창동,97
S46,상계2동,167,창동,97
S46,상계5동,168,창동,97
S46,상계8동,169,창동,97
S46,상계9동,170,창동,97
S46,상계10동,171,창동,97
S46,상계3·4동,172,창동,97
S46,상계6·7동,173,창동,97
S46,중계2·3동,174,창동,97
S46,공릉1동,175,신이문,127
S46,녹번동,176,불광,39
S46,불광1동,177,불광,39
S46,갈현1동,178,불광,39
S46,갈현2동,179,불광,39
S46,구산동,180,불광,39
S46,대조동,181,불광,39
S46,응암1동,182,녹번,17
S46,응암2동,183,녹번,17
S46,신사1동,184,녹번,17
S46,신사2동,185,녹번,17
S46,증산동,186,녹번,17
S46,수색동,187,녹번,17
S46,진관동,188,불광,39
S46,불광2동,189,불광,39
S46,응암3동,190,녹번,17
S46,역촌동,191,불광,39
S46,천연동,192,충정로,101
S46,홍제1동,193,녹번,17
S46,홍제3동,194,녹번,17
S46,홍제2동,195,녹번,17
S46,홍은1동,196,녹번,17
S46,홍은2동,197,녹번,17
S46,남가좌1동,198,녹번,17
S46,남가좌2동,199,녹번,17
S46,북가좌1동,200,녹번,17
S46,북가좌2동,201,녹번,17
S46,충현동,202,충정로,101
S46,북아현동,203,충정로,101
S46,신촌동,204,충정로,101
S46,연희동,205,녹번,17
S46,용강동,206,대방,119
S46,대흥동,207,충정로,101
S46,염리동,208,충정로,101
S46,신수동,209,대방,119
S46,서교동,210,구로,113
S46,합정동,211,구로,113
S46,망원1동,212,구로,113
S46,망원2동,213,구로,113
S46,연남동,214,충정로,101
S46,성산1동,215,충정로,101
S46,성산2동,216,구로,113
S46,상암동,217,구로,113
S46,도화동,218,대방,119
S46,서강동,219,대방,119
S46,공덕동,220,충정로,101
S46,아현동,221,충정로,101
S46,목1동,222,양천구청,72
S46,목2동,223,양천구청,72
S46,목3동,224,양천구청,72
S46,목4동,225,양천구청,72
S46,신월1동,226,양천구청,72
S46,신월2동,227,양천구청,72
S46,신월3동,228,양천구청,72
S46,신월4동,229,양천구청,72
S46,신월5동,230,양천구청,72
S46,신월6동,231,양천구청,72
S46,신월7동,232,양천구청,72
S46,신정1동,233,양천구청,72
S46,신정2동,234,양천구청,72
S46,신정3동,235,양천구청,72
S46,신정6동,236,양천구청,72
S46,신정7동,237,양천구청,72
S46,목5동,238,양천구청,72
S46,신정4동,239,양천구청,72
S46,염창동,240,양천구청,72
S46,등촌1동,241,양천구청,72
S46,등촌2동,242,양천구청,72
S46,등촌3동,243,양천구청,72
S46,화곡본동,244,양천구청,72
S46,화곡2동,245,양천구청,72
S46,화곡3동,246,양천구청,72
S46,화곡4동,247,양천구청,72
S46,화곡6동,248,양천구청,72
S46,화곡8동,249,양천구청,72
S46,가양2동,250,양천구청,72
S46,가양3동,251,양천구청,72
S46,발산1동,252,양천구청,72
S46,공항동,253,양천구청,72
S46,방화1동,254,양천구청,72
S46,방화2동,255,양천구청,72
S46,화곡1동,256,양천구청,72
S46,우장산동,257,양천구청,72
S46,가양1동,258,양천구청,72
S46,방화3동,259,양천구청,72
S46,신도림동,260,구로,113
S46,구로1동,261,구로,113
S46,구로3동,262,구로,113
S46,구로4동,263,구로,113
S46,구로5동,264,구로,113
S46,고척1동,265,구로,113
S46,고척2동,266,양천구청,72
S46,개봉2동,267,양천구청,72
S46,개봉3동,268,양천구청,72
S46,오류1동,269,양천구청,72
S46,수궁동,270,양천구청,72
S46,가리봉동,271,구로,113
S46,구로2동,272,구로,113
S46,개봉1동,273,양천구청,72
S46,오류2동,274,양천구청,72
S46,항동,275,양천구청,72
S46,가산동,276,구로,113
S46,독산1동,277,구로,113
S46,독산2동,278,구로,113
S46,독산3동,279,구로,113
S46,독산4동,280,구로,113
S46,시흥1동,281,구로,113
S46,시흥2동,282,구로,113
S46,시흥3동,283,구로,113
S46,시흥4동,284,구로,113
S46,시흥5동,285,구로,113
S46,여의동,286,대방,119
S46,당산1동,287,구로,113
S46,당산2동,288,구로,113
S46,양평1동,289,구로,113
S46,양평2동,290,구로,113
S46,신길1동,291,대방,119
S46,신길3동,292,구로,113
S46,신길4동,293,구로,113
S46,신길5동,294,구로,113
S46,신길6동,295,구로,113
S46,신길7동,296,대방,119
S46,대림1동,297,구로,113
S46,대림2동,298,구로,113
S46,대림3동,299,구로,113
S46,영등포본동,300,구로,113
S46,영등포동,301,구로,113
S46,도림동,302,구로,113
S46,문래동,303,구로,113
S46,노량진2동,304,대방,119
S46,상도1동,305,대방,119
S46,상도2동,306,대방,119
S46,상도3동,307,대방,119
S46,상도4동,308,대방,119
S46,사당1동,309,총신대입구,99
S46,사당3동,310,총신대입구,99
S46,사당4동,311,총신대입구,99
S46,사당5동,312,총신대입구,99
S46,대방동,313,대방,119
S46,신대방1동,314,구로,113
S46,신대방2동,315,대방,119
S46,흑석동,316,대방,119
S46,노량진1동,317,대방,119
S46,사당2동,318,총신대입구,99
S46,보라매동,319,대방,119
S46,청림동,320,총신대입구,99
S46,행운동,321,총신대입구,99
S46,낙성대동,322,총신대입구,99
S46,중앙동,323,총신대입구,99
S46,인헌동,324,총신대입구,99
S46,남현동,325,총신대입구,99
S46,서원동,326,대방,119
S46,신원동,327,구로,113
S46,서림동,328,구로,113
S46,신사동,329,구로,113
S46,신림동,330,대방,119
S46,난향동,331,구로,113
S46,조원동,332,구로,113
S46,대학동,333,구로,113
S46,은천동,334,대방,119
S46,성현동,335,대방,119
S46,청룡동,336,대방,119
S46,난곡동,337,구로,113
S46,삼성동,338,구로,113
S46,미성동,339,구로,113
S46,서초1동,340,총신대입구,99
S46,서초2동,341,총신대입구,99
S46,서초3동,342,총신대입구,99
S46,서초4동,343,총신대입구,99
S46,잠원동,344,압구정,69
S46,반포본동,345,총신대입구,99
S46,반포1동,346,압구정,69
S46,반포2동,347,총신대입구,99
S46,반포3동,348,압구정,69
S46,반포4동,349,총신대입구,99
S46,방배본동,350,총신대입구,99
S46,방배1동,351,총신대입구,99
S46,방배2동,352,총신대입구,99
S46,방배3동,353,총신대입구,99
S46,방배4동,354,총신대입구,99
S46,양재1동,355,도곡,22
S46,양재2동,356,수서,52
S46,내곡동,357,수서,52
S46,신사동,358,압구정,69
S46,개포3동,359,수서,52
S46,논현1동,360,압구정,69
S46,논현2동,361,압구정,69
S46,삼성1동,362,수서,52
S46,삼성2동,363,수서,52
S46,대치1동,364,수서,52
S46,대치4동,365,수서,52
S46,역삼1동,366,압구정,69
S46,역삼2동,367,도곡,22
S46,도곡1동,368,도곡,22
S46,도곡2동,369,도곡,22
S46,개포1동,370,수서,52
S46,개포4동,371,수서,52
S46,일원본동,372,수서,52
S46,일원1동,373,수서,52
S46,수서동,374,수서,52
S46,세곡동,375,수서,52
S46,압구정동,376,압구정,69
S46,청담동,377,압구정,69
S46,대치2동,378,수서,52
S46,개포2동,379,수서,52
S46,풍납1동,380,용답,79
S46,풍납2동,381,수서,52
S46,거여1동,382,수서,52
S46,거여2동,383,수서,52
S46,마천1동,384,수서,52
S46,마천2동,385,수서,52
S46,방이1동,386,수서,52
S46,방이2동,387,수서,52
S46,오륜동,388,수서,52
S46,오금동,389,수서,52
S46,송파1동,390,수서,52
S46,송파2동,391,수서,52
S46,석촌동,392,수서,52
S46,삼전동,393,수서,52
S46,가락본동,394,수서,52
S46,가락1동,395,수서,52
S46,가락2동,396,수서,52
S46,문정1동,397,수서,52
S46,문정2동,398,수서,52
S46,잠실본동,399,수서,52
S46,잠실4동,400,수서,52
S46,잠실6동,401,수서,52
S46,잠실7동,402,수서,52
S46,잠실2동,403,수서,52
S46,잠실3동,404,수서,52
S46,장지동,405,수서,52
S46,위례동,406,수서,52
S46,명일1동,407,수서,52
S46,명일2동,408,수서,52
S46,고덕1동,409,수서,52
S46,고덕2동,410,수서,52
S46,암사2동,411,용답,79
S46,암사3동,412,용답,79
S46,천호1동,413,용답,79
S46,천호3동,414,용답,79
S46,성내1동,415,수서,52
S46,성내2동,416,수서,52
S46,성내3동,417,수서,52
S46,둔촌1동,418,수서,52
S46,둔촌2동,419,수서,52
S46,암사1동,420,용답,79
S46,천호2동,421,용답,79
S46,길동,422,수서,52
S46,강일동,423,수서,52
S46,상일1동,424,수서,52
S46,상일2동,425,수서,52
S26,사직동,0,서울역,47
S26,삼청동,1,서울역,47
S26,부암동,2,서울역,47
S26,평창동,3,용두,80
S26,무악동,4,서울역,47
S26,교남동,5,서울역,47
S26,가회동,6,용두,80
S26,종로1·2·3·4가동,7,용두,80
S26,종로5·6가동,8,용두,80
S26,이화동,9,용두,80
S26,창신1동,10,용두,80
S26,창신2동,11,용두,80
S26,창신3동,12,용두,80
S26,숭인1동,13,용두,80
S26,숭인2동,14,용두,80
S26,청운효자동,15,서울역,47
S26,혜화동,16,용두,80
S26,소공동,17,서울역,47
S26,회현동,18,서울역,47
S26,명동,19,서울역,47
S26,필동,20,서울역,47
S26,장충동,21,서울역,47
S26,광희동,22,용두,80
S26,을지로동,23,용두,80
S26,신당5동,24,용두,80
S26,황학동,25,용두,80
S26,중림동,26,서울역,47
S26,신당동,27,용두,80
S26,다산동,28,용두,80
S26,약수동,29,용두,80
S26,청구동,30,용두,80
S26,동화동,31,용두,80
S26,후암동,32,서울역,47
S26,용산2가동,33,서울역,47
S26,남영동,34,서울역,47
S26,원효로2동,35,신용산,63
S26,효창동,36,신용산,63
S26,용문동,37,신용산,63
S26,이촌1동,38,신용산,63
S26,이촌2동,39,신용산,63
S26,이태원1동,40,신용산,63
S26,이태원2동,41,서울역,47
S26,서빙고동,42,신용산,63
S26,보광동,43,신용산,63
S26,청파동,44,서울역,47
S26,원효로1동,45,신용산,63
S26,한강로동,46,신용산,63
S26,한남동,47,용두,80
S26,왕십리2동,48,용두,80
S26,마장동,49,용두,80
S26,사근동,50,용두,80
S26,행당1동,51,용두,80
S26,행당2동,52,용두,80
S26,응봉동,53,용두,80
S26,금호1가동,54,용두,80
S26,금호4가동,55,용두,80
S26,성수1가1동,56,용두,80
S26,성수1가2동,57,용두,80
S26,성수2가1동,58,용두,80
S26,성수2가3동,59,용두,80
S26,송정동,60,용두,80
S26,용답동,61,용두,80
S26,왕십리도선동,62,용두,80
S26,금호2·3가동,63,용두,80
S26,옥수동,64,용두,80
S26,화양동,65,구의,9
S26,군자동,66,용두,80
S26,중곡1동,67,용두,80
S26,중곡2동,68,용두,80
S26,중곡3동,69,신이문,127
S26,중곡4동,70,용두,80
S26,능동,71,용두,80
S26,구의1동,72,구의,9
S26,구의2동,73,구의,9
S26,구의3동,74,구의,9
S26,광장동,75,구의,9
S26,자양1동,76,구의,9
S26,자양2동,77,구의,9
S26,자양3동,78,구의,9
S26,자양4동,79,용두,80
S26,회기동,80,신이문,127
S26,휘경1동,81,신이문,127
S26,휘경2동,82,신이문,127
S26,청량리동,83,용두,80
S26,용신동,84,용두,80
S26,제기동,85,용두,80
S26,전농1동,86,용두,80
S26,전농2동,87,용두,80
S26,답십리2동,88,용두,80
S26,장안1동,89,용두,80
S26,장안2동,90,신이문,127
S26,이문1동,91,신이문,127
S26,이문2동,92,신이문,127
S26,답십리1동,93,용두,80
S26,면목2동,94,신이문,127
S26,면목4동,95,신이문,127
S26,면목5동,96,신이문,127
S26,면목7동,97,신이문,127
S26,상봉1동,98,신이문,127
S26,상봉2동,99,신이문,127
S26,중화1동,100,신이문,127
S26,중화2동,101,신이문,127
S26,묵1동,102,신이문,127
S26,묵2동,103,신이문,127
S26,망우3동,104,신이문,127
S26,신내1동,105,신이문,127
S26,신내2동,106,신이문,127
S26,면목본동,107,신이문,127
S26,면목3·8동,108,신이문,127
S26,망우본동,109,신이문,127
S26,돈암1동,110,용두,80
S26,돈암2동,111,용두,80
S26,안암동,112,용두,80
S26,보문동,113,용두,80
S26,정릉1동,114,용두,80
S26,정릉2동,115,용두,80
S26,정릉3동,116,용두,80
S26,정릉4동,117,용두,80
S26,길음1동,118,용두,80
S26,길음2동,119,용두,80
S26,월곡1동,120,신이문,127
S26,월곡2동,121,신이문,127
S26,장위1동,122,신이문,127
S26,장위2동,123,신이문,127
S26,장위3동,124,신이문,127
S26,성북동,125,용두,80
S26,삼선동,126,용두,80
S26,동선동,127,용두,80
S26,종암동,128,용두,80
S26,석관동,129,신이문,127
S26,번1동,130,창동,97
S26,번2동,131,창동,97
S26,번3동,132,신이문,127
S26,수유1동,133,창동,97
S26,수유2동,134,창동,97
S26,수유3동,135,창동,97
S26,삼양동,136,창동,97
S26,미아동,137,창동,97
S26,송중동,138,신이문,127
S26,송천동,139,신이문,127
S26,삼각산동,140,창동,97
S26,우이동,141,창동,97
S26,인수동,142,창동,97
S26,쌍문1동,143,창동,97
S26,쌍문2동,144,창동,97
S26,쌍문3동,145,창동,97
S26,쌍문4동,146,창동,97
S26,방학1동,147,창동,97
S26,방학2동,148,창동,97
S26,방학3동,149,창동,97
S26,창1동,150,창동,97
S26,창2동,151,창동,97
S26,창3동,152,창동,97
S26,창4동,153,창동,97
S26,창5동,154,창동,97
S26,도봉1동,155,창동,97
S26,도봉2동,156,창동,97
S26,월계1동,157,신이문,127
S26,월계2동,158,창동,97
S26,월계3동,159,신이문,127
S26,공릉2동,160,신이문,127
S26,하계1동,161,창동,97
S26,하계2동,162,창동,97
S26,중계본동,163,창동,97
S26,중계1동,164,창동,97
S26,중계4동,165,창동,97
S26,상계1동,166,창동,97
S26,상계2동,167,창동,97
S26,상계5동,168,창동,97
S26,상계8동,169,창동,97
S26,상계9동,170,창동,97
S26,상계10동,171,창동,97
S26,상계3·4동,172,창동,97
S26,상계6·7동,173,창동,97
S26,중계2·3동,174,창동,97
S26,공릉1동,175,신이문,127
S26,녹번동,176,불광,39
S26,불광1동,177,불광,39
S26,갈현1동,178,불광,39
S26,갈현2동,179,불광,39
S26,구산동,180,불광,39
S26,대조동,181,불광,39
S26,응암1동,182,불광,39
S26,응암2동,183,불광,39
S26,신사1동,184,불광,39
S26,신사2동,185,불광,39
S26,증산동,186,불광,39
S26,수색동,187,불광,39
S26,진관동,188,불광,39
S26,불광2동,189,불광,39
S26,응암3동,190,불광,39
S26,역촌동,191,불광,39
S26,천연동,192,서울역,47
S26,홍제1동,193,서울역,47
S26,홍제3동,194,서울역,47
S26,홍제2동,195,서울역,47
S26,홍은1동,196,서울역,47
S26,홍은2동,197,서울역,47
S26,남가좌1동,198,충정로,101
S26,남가좌2동,199,불광,39
S26,북가좌1동,200,불광,39
S26,북가좌2동,201,불광,39
S26,충현동,202,서울역,47
S26,북아현동,203,충정로,101
S26,신촌동,204,서울역,47
S26,연희동,205,충정로,101
S26,용강동,206,신용산,63
S26,대흥동,207,충정로,101
S26,염리동,208,서울역,47
S26,신수동,209,신용산,63
S26,서교동,210,구로,113
S26,합정동,211,구로,113
S26,망원1동,212,구로,113
S26,망원2동,213,구로,113
S26,연남동,214,충정로,101
S26,성산1동,215,구로,113
S26,성산2동,216,구로,113
S26,상암동,217,구로,113
S26,도화동,218,신용산,63
S26,서강동,219,신용산,63
S26,공덕동,220,서울역,47
S26,아현동,221,충정로,101
S26,목1동,222,양천구청,72
S26,목2동,223,양천구청,72
S26,목3동,224,양천구청,72
S26,목4동,225,양천구청,72
S26,신월1동,226,양천구청,72
S26,신월2동,227,양천구청,72
S26,신월3동,228,양천구청,72
S26,신월4동,229,양천구청,72
S26,신월5동,230,양천구청,72
S26,신월6동,231,양천구청,72
S26,신월7동,232,양천구청,72
S26,신정1동,233,양천구청,72
S26,신정2동,234,양천구청,72
S26,신정3동,235,양천구청,72
S26,신정6동,236,양천구청,72
S26,신정7동,237,양천구청,72
S26,목5동,238,양천구청,72
S26,신정4동,239,양천구청,72
S26,염창동,240,양천구청,72
S26,등촌1동,241,양천구청,72
S26,등촌2동,242,양천구청,72
S26,등촌3동,243,양천구청,72
S26,화곡본동,244,양천구청,72
S26,화곡2동,245,양천구청,72
S26,화곡3동,246,양천구청,72
S26,화곡4동,247,양천구청,72
S26,화곡6동,248,양천구청,72
S26,화곡8동,249,양천구청,72
S26,가양2동,250,양천구청,72
S26,가양3동,251,양천구청,72
S26,발산1동,252,양천구청,72
S26,공항동,253,양천구청,72
S26,방화1동,254,양천구청,72
S26,방화2동,255,양천구청,72
S26,화곡1동,256,양천구청,72
S26,우장산동,257,양천구청,72
S26,가양1동,258,양천구청,72
S26,방화3동,259,양천구청,72
S26,신도림동,260,구로,113
S26,구로1동,261,구로,113
S26,구로3동,262,독산,122
S26,구로4동,263,구로,113
S26,구로5동,264,구로,113
S26,고척1동,265,구로,113
S26,고척2동,266,양천구청,72
S26,개봉2동,267,양천구청,72
S26,개봉3동,268,양천구청,72
S26,오류1동,269,양천구청,72
S26,수궁동,270,양천구청,72
S26,가리봉동,271,독산,122
S26,구로2동,272,구로,113
S26,개봉1동,273,양천구청,72
S26,오류2동,274,양천구청,72
S26,항동,275,양천구청,72
S26,가산동,276,독산,122
S26,독산1동,277,독산,122
S26,독산2동,278,독산,122
S26,독산3동,279,독산,122
S26,독산4동,280,독산,122
S26,시흥1동,281,독산,122
S26,시흥2동,282,독산,122
S26,시흥3동,283,독산,122
S26,시흥4동,284,독산,122
S26,시흥5동,285,독산,122
S26,여의동,286,구로,113
S26,당산1동,287,구로,113
S26,당산2동,288,구로,113
S26,양평1동,289,구로,113
S26,양평2동,290,구로,113
S26,신길1동,291,구로,113
S26,신길3동,292,구로,113
S26,신길4동,293,구로,113
S26,신길5동,294,구로,113
S26,신길6동,295,구로,113
S26,신길7동,296,구로,113
S26,대림1동,297,구로,113
S26,대림2동,298,구로,113
S26,대림3동,299,구로,113
S26,영등포본동,300,구로,113
S26,영등포동,301,구로,113
S26,도림동,302,구로,113
S26,문래동,303,구로,113
S26,노량진2동,304,구로,113
S26,상도1동,305,총신대입구,99
S26,상도2동,306,구로,113
S26,상도3동,307,구로,113
S26,상도4동,308,구로,113
S26,사당1동,309,총신대입구,99
S26,사당3동,310,총신대입구,99
S26,사당4동,311,총신대입구,99
S26,사당5동,312,총신대입구,99
S26,대방동,313,구로,113
S26,신대방1동,314,독산,122
S26,신대방2동,315,구로,113
S26,흑석동,316,신용산,63
S26,노량진1동,317,신용산,63
S26,사당2동,318,총신대입구,99
S26,보라매동,319,독산,122
S26,청림동,320,총신대입구,99
S26,행운동,321,총신대입구,99
S26,낙성대동,322,총신대입구,99
S26,중앙동,323,총신대입구,99
S26,인헌동,324,총신대입구,99
S26,남현동,325,총신대입구,99
S26,서원동,326,독산,122
S26,신원동,327,독산,122
S26,서림동,328,독산,122
S26,신사동,329,독산,122
S26,신림동,330,독산,122
S26,난향동,331,독산,122
S26,조원동,332,독산,122
S26,대학동,333,독산,122
S26,은천동,334,독산,122
S26,성현동,335,총신대입구,99
S26,청룡동,336,독산,122
S26,난곡동,337,독산,122
S26,삼성동,338,독산,122
S26,미성동,339,독산,122
S26,서초1동,340,교대,7
S26,서초2동,341,교대,7
S26,서초3동,342,교대,7
S26,서초4동,343,교대,7
S26,잠원동,344,교대,7
S26,반포본동,345,총신대입구,99
S26,반포1동,346,교대,7
S26,반포2동,347,총신대입구,99
S26,반포3동,348,용두,80
S26,반포4동,349,총신대입구,99
S26,방배본동,350,총신대입구,99
S26,방배1동,351,총신대입구,99
S26,방배2동,352,총신대입구,99
S26,방배3동,353,총신대입구,99
S26,방배4동,354,총신대입구,99
S26,양재1동,355,교대,7
S26,양재2동,356,수서,52
S26,내곡동,357,수서,52
S26,신사동,358,용두,80
S26,개포3동,359,수서,52
S26,논현1동,360,교대,7
S26,논현2동,361,용두,80
S26,삼성1동,362,수서,52
S26,삼성2동,363,수서,52
S26,대치1동,364,수서,52
S26,대치4동,365,수서,52
S26,역삼1동,366,교대,7
S26,역삼2동,367,수서,52
S26,도곡1동,368,교대,7
S26,도곡2동,369,수서,52
S26,개포1동,370,수서,52
S26,개포4동,371,수서,52
S26,일원본동,372,수서,52
S26,일원1동,373,수서,52
S26,수서동,374,수서,52
S26,세곡동,375,수서,52
S26,압구정동,376,용두,80
S26,청담동,377,용두,80
S26,대치2동,378,수서,52
S26,개포2동,379,수서,52
S26,풍납1동,380,구의,9
S26,풍납2동,381,수서,52
S26,거여1동,382,수서,52
S26,거여2동,383,수서,52
S26,마천1동,384,수서,52
S26,마천2동,385,오금,76
S26,방이1동,386,오금,76
S26,방이2동,387,수서,52
S26,오륜동,388,오금,76
S26,오금동,389,오금,76
S26,송파1동,390,수서,52
S26,송파2동,391,수서,52
S26,석촌동,392,수서,52
S26,삼전동,393,수서,52
S26,가락본동,394,수서,52
S26,가락1동,395,수서,52
S26,가락2동,396,수서,52
S26,문정1동,397,수서,52
S26,문정2동,398,수서,52
S26,잠실본동,399,수서,52
S26,잠실4동,400,수서,52
S26,잠실6동,401,수서,52
S26,잠실7동,402,수서,52
S26,잠실2동,403,수서,52
S26,잠실3동,404,수서,52
S26,장지동,405,수서,52
S26,위례동,406,수서,52
S26,명일1동,407,오금,76
S26,명일2동,408,오금,76
S26,고덕1동,409,오금,76
S26,고덕2동,410,오금,76
S26,암사2동,411,구의,9
S26,암사3동,412,구의,9
S26,천호1동,413,오금,76
S26,천호3동,414,오금,76
S26,성내1동,415,오금,76
S26,성내2동,416,오금,76
S26,성내3동,417,오금,76
S26,둔촌1동,418,오금,76
S26,둔촌2동,419,오금,76
S26,암사1동,420,구의,9
S26,천호2동,421,구의,9
S26,길동,422,오금,76
S26,강일동,423,오금,76
S26,상일1동,424,오금,76
S26,상일2동,425,오금,76
S28,사직동,0,신설동,62
S28,삼청동,1,신설동,62
S28,부암동,2,신설동,62
S28,평창동,3,광운대,112
S28,무악동,4,충정로,101
S28,교남동,5,신설동,62
S28,가회동,6,신설동,62
S28,종로1·2·3·4가동,7,신설동,62
S28,종로5·6가동,8,신설동,62
S28,이화동,9,신설동,62
S28,창신1동,10,신설동,62
S28,창신2동,11,신설동,62
S28,창신3동,12,신설동,62
S28,숭인1동,13,신설동,62
S28,숭인2동,14,신설동,62
S28,청운효자동,15,신설동,62
S28,혜화동,16,신설동,62
S28,소공동,17,신설동,62
S28,회현동,18,서울역,47
S28,명동,19,신설동,62
S28,필동,20,신설동,62
S28,장충동,21,신설동,62
S28,광희동,22,신설동,62
S28,을지로동,23,신설동,62
S28,신당5동,24,신설동,62
S28,황학동,25,신설동,62
S28,중림동,26,충정로,101
S28,신당동,27,신설동,62
S28,다산동,28,신설동,62
S28,약수동,29,신설동,62
S28,청구동,30,신설동,62
S28,동화동,31,신설동,62
S28,후암동,32,서울역,47
S28,용산2가동,33,신설동,62
S28,남영동,34,서울역,47
S28,원효로2동,35,대방,119
S28,효창동,36,서울역,47
S28,용문동,37,대방,119
S28,이촌1동,38,신용산,63
S28,이촌2동,39,대방,119
S28,이태원1동,40,신설동,62
S28,이태원2동,41,신설동,62
S28,서빙고동,42,신용산,63
S28,보광동,43,용두,80
S28,청파동,44,서울역,47
S28,원효로1동,45,신용산,63
S28,한강로동,46,신용산,63
S28,한남동,47,용두,80
S28,왕십리2동,48,용두,80
S28,마장동,49,용두,80
S28,사근동,50,용답,79
S28,행당1동,51,용두,80
S28,행당2동,52,용두,80
S28,응봉동,53,용두,80
S28,금호1가동,54,용두,80
S28,금호4가동,55,용두,80
S28,성수1가1동,56,용답,79
S28,성수1가2동,57,용답,79
S28,성수2가1동,58,용답,79
S28,성수2가3동,59,용답,79
S28,송정동,60,용답,79
S28,용답동,61,용답,79
S28,왕십리도선동,62,용두,80
S28,금호2·3가동,63,용두,80
S28,옥수동,64,용두,80
S28,화양동,65,용답,79
S28,군자동,66,용답,79
S28,중곡1동,67,용답,79
S28,중곡2동,68,용답,79
S28,중곡3동,69,용답,79
S28,중곡4동,70,용답,79
S28,능동,71,용답,79
S28,구의1동,72,용답,79
S28,구의2동,73,용답,79
S28,구의3동,74,용답,79
S28,광장동,75,용답,79
S28,자양1동,76,용답,79
S28,자양2동,77,용답,79
S28,자양3동,78,용답,79
S28,자양4동,79,용답,79
S28,회기동,80,신이문,127
S28,휘경1동,81,신이문,127
S28,휘경2동,82,신이문,127
S28,청량리동,83,신이문,127
S28,용신동,84,용두,80
S28,제기동,85,용두,80
S28,전농1동,86,용답,79
S28,전농2동,87,용답,79
S28,답십리2동,88,용답,79
S28,장안1동,89,용답,79
S28,장안2동,90,신이문,127
S28,이문1동,91,신이문,127
S28,이문2동,92,신이문,127
S28,답십리1동,93,용답,79
S28,면목2동,94,신이문,127
S28,면목4동,95,용답,79
S28,면목5동,96,신이문,127
S28,면목7동,97,신이문,127
S28,상봉1동,98,신이문,127
S28,상봉2동,99,신이문,127
S28,중화1동,100,신이문,127
S28,중화2동,101,신이문,127
S28,묵1동,102,광운대,112
S28,묵2동,103,신이문,127
S28,망우3동,104,신이문,127
S28,신내1동,105,신이문,127
S28,신내2동,106,광운대,112
S28,면목본동,107,신이문,127
S28,면목3·8동,108,신이문,127
S28,망우본동,109,신이문,127
S28,돈암1동,110,광운대,112
S28,돈암2동,111,신설동,62
S28,안암동,112,신설동,62
S28,보문동,113,신설동,62
S28,정릉1동,114,광운대,112
S28,정릉2동,115,신설동,62
S28,정릉3동,116,광운대,112
S28,정릉4동,117,광운대,112
S28,길음1동,118,광운대,112
S28,길음2동,119,광운대,112
S28,월곡1동,120,광운대,112
S28,월곡2동,121,신이문,127
S28,장위1동,122,광운대,112
S28,장위2동,123,광운대,112
S28,장위3동,124,광운대,112
S28,성북동,125,신설동,62
S28,삼선동,126,신설동,62
S28,동선동,127,신설동,62
S28,종암동,128,용두,80
S28,석관동,129,신이문,127
S28,번1동,130,창동,97
S28,번2동,131,광운대,112
S28,번3동,132,광운대,112
S28,수유1동,133,창동,97
S28,수유2동,134,창동,97
S28,수유3동,135,창동,97
S28,삼양동,136,창동,97
S28,미아동,137,창동,97
S28,송중동,138,광운대,112
S28,송천동,139,광운대,112
S28,삼각산동,140,광운대,112
S28,우이동,141,창동,97
S28,인수동,142,창동,97
S28,쌍문1동,143,창동,97
S28,쌍문2동,144,창동,97
S28,쌍문3동,145,창동,97
S28,쌍문4동,146,창동,97
S28,방학1동,147,창동,97
S28,방학2동,148,창동,97
S28,방학3동,149,창동,97
S28,창1동,150,창동,97
S28,창2동,151,창동,97
S28,창3동,152,창동,97
S28,창4동,153,창동,97
S28,창5동,154,창동,97
S28,도봉1동,155,도봉산,120
S28,도봉2동,156,도봉산,120
S28,월계1동,157,광운대,112
S28,월계2동,158,광운대,112
S28,월계3동,159,광운대,112
S28,공릉2동,160,광운대,112
S28,하계1동,161,광운대,112
S28,하계2동,162,광운대,112
S28,중계본동,163,창동,97
S28,중계1동,164,창동,97
S28,중계4동,165,창동,97
S28,상계1동,166,도봉산,120
S28,상계2동,167,창동,97
S28,상계5동,168,창동,97
S28,상계8동,169,창동,97
S28,상계9동,170,도봉산,120
S28,상계10동,171,창동,97
S28,상계3·4동,172,창동,97
S28,상계6·7동,173,창동,97
S28,중계2·3동,174,창동,97
S28,공릉1동,175,광운대,112
S28,녹번동,176,서울역,47
S28,불광1동,177,불광,39
S28,갈현1동,178,불광,39
S28,갈현2동,179,불광,39
S28,구산동,180,불광,39
S28,대조동,181,불광,39
S28,응암1동,182,서울역,47
S28,응암2동,183,구로,113
S28,신사1동,184,양천구청,72
S28,신사2동,185,구로,113
S28,증산동,186,양천구청,72
S28,수색동,187,구로,113
S28,진관동,188,불광,39
S28,불광2동,189,불광,39
S28,응암3동,190,구로,113
S28,역촌동,191,불광,39
S28,천연동,192,서울역,47
S28,홍제1동,193,서울역,47
S28,홍제3동,194,서울역,47
S28,홍제2동,195,서울역,47
S28,홍은1동,196,신설동,62
S28,홍은2동,197,충정로,101
S28,남가좌1동,198,구로,113
S28,남가좌2동,199,구로,113
S28,북가좌1동,200,구로,113
S28,북가좌2동,201,구로,113
S28,충현동,202,충정로,101
S28,북아현동,203,충정로,101
S28,신촌동,204,충정로,101
S28,연희동,205,구로,113
S28,용강동,206,대방,119
S28,대흥동,207,충정로,101
S28,염리동,208,충정로,101
S28,신수동,209,구로,113
S28,서교동,210,구로,113
S28,합정동,211,구로,113
S28,망원1동,212,구로,113
S28,망원2동,213,구로,113
S28,연남동,214,구로,113
S28,성산1동,215,구로,113
S28,성산2동,216,구로,113
S28,상암동,217,구로,113
S28,도화동,218,구로,113
S28,서강동,219,구로,113
S28,공덕동,220,서울역,47
S28,아현동,221,충정로,101
S28,목1동,222,양천구청,72
S28,목2동,223,양천구청,72
S28,목3동,224,양천구청,72
S28,목4동,225,양천구청,72
S28,신월1동,226,양천구청,72
S28,신월2동,227,양천구청,72
S28,신월3동,228,개봉,111
S28,신월4동,229,양천구청,72
S28,신월5동,230,양천구청,72
S28,신월6동,231,개봉,111
S28,신월7동,232,개봉,111
S28,신정1동,233,양천구청,72
S28,신정2동,234,양천구청,72
S28,신정3동,235,개봉,111
S28,신정6동,236,양천구청,72
S28,신정7동,237,양천구청,72
S28,목5동,238,양천구청,72
S28,신정4동,239,양천구청,72
S28,염창동,240,양천구청,72
S28,등촌1동,241,양천구청,72
S28,등촌2동,242,양천구청,72
S28,등촌3동,243,양천구청,72
S28,화곡본동,244,양천구청,72
S28,화곡2동,245,양천구청,72
S28,화곡3동,246,양천구청,72
S28,화곡4동,247,양천구청,72
S28,화곡6동,248,양천구청,72
S28,화곡8동,249,양천구청,72
S28,가양2동,250,양천구청,72
S28,가양3동,251,양천구청,72
S28,발산1동,252,개봉,111
S28,공항동,253,개봉,111
S28,방화1동,254,양천구청,72
S28,방화2동,255,개봉,111
S28,화곡1동,256,양천구청,72
S28,우장산동,257,양천구청,72
S28,가양1동,258,양천구청,72
S28,방화3동,259,양천구청,72
S28,신도림동,260,구로,113
S28,구로1동,261,구로,113
S28,구로3동,262,독산,122
S28,구로4동,263,구로,113
S28,구로5동,264,구로,113
S28,고척1동,265,개봉,111
S28,고척2동,266,개봉,111
S28,개봉2동,267,개봉,111
S28,개봉3동,268,개봉,111
S28,오류1동,269,개봉,111
S28,수궁동,270,개봉,111
S28,가리봉동,271,독산,122
S28,구로2동,272,구로,113
S28,개봉1동,273,개봉,111
S28,오류2동,274,개봉,111
S28,항동,275,개봉,111
S28,가산동,276,독산,122
S28,독산1동,277,독산,122
S28,독산2동,278,독산,122
S28,독산3동,279,독산,122
S28,독산4동,280,독산,122
S28,시흥1동,281,독산,122
S28,시흥2동,282,독산,122
S28,시흥3동,283,독산,122
S28,시흥4동,284,독산,122
S28,시흥5동,285,독산,122
S28,여의동,286,대방,119
S28,당산1동,287,구로,113
S28,당산2동,288,구로,113
S28,양평1동,289,구로,113
S28,양평2동,290,구로,113
S28,신길1동,291,구로,113
S28,신길3동,292,구로,113
S28,신길4동,293,구로,113
S28,신길5동,294,구로,113
S28,신길6동,295,구로,113
S28,신길7동,296,구로,113
S28,대림1동,297,구로,113
S28,대림2동,298,독산,122
S28,대림3동,299,구로,113
S28,영등포본동,300,구로,113
S28,영등포동,301,구로,113
S28,도림동,302,구로,113
S28,문래동,303,구로,113
S28,노량진2동,304,구로,113
S28,상도1동,305,대방,119
S28,상도2동,306,구로,113
S28,상도3동,307,구로,113
S28,상도4동,308,구로,113
S28,사당1동,309,총신대입구,99
S28,사당3동,310,총신대입구,99
S28,사당4동,311,총신대입구,99
S28,사당5동,312,총신대입구,99
S28,대방동,313,대방,119
S28,신대방1동,314,독산,122
S28,신대방2동,315,구로,113
S28,흑석동,316,대방,119
S28,노량진1동,317,대방,119
S28,사당2동,318,총신대입구,99
S28,보라매동,319,독산,122
S28,청림동,320,독산,122
S28,행운동,321,독산,122
S28,낙성대동,322,독산,122
S28,중앙동,323,독산,122
S28,인헌동,324,총신대입구,99
S28,남현동,325,독산,122
S28,서원동,326,독산,122
S28,신원동,327,독산,122
S28,서림동,328,독산,122
S28,신사동,329,독산,122
S28,신림동,330,독산,122
S28,난향동,331,독산,122
S28,조원동,332,독산,122
S28,대학동,333,독산,122
S28,은천동,334,독산,122
S28,성현동,335,독산,122
S28,청룡동,336,독산,122
S28,난곡동,337,독산,122
S28,삼성동,338,독산,122
S28,미성동,339,독산,122
S28,서초1동,340,교대,7
S28,서초2동,341,교대,7
S28,서초3동,342,교대,7
S28,서초4동,343,교대,7
S28,잠원동,344,용두,80
S28,반포본동,345,총신대입구,99
S28,반포1동,346,교대,7
S28,반포2동,347,총신대입구,99
S28,반포3동,348,용두,80
S28,반포4동,349,총신대입구,99
S28,방배본동,350,총신대입구,99
S28,방배1동,351,총신대입구,99
S28,방배2동,352,총신대입구,99
S28,방배3동,353,총신대입구,99
S28,방배4동,354,총신대입구,99
S28,양재1동,355,수서,52
S28,양재2동,356,수서,52
S28,내곡동,357,수서,52
S28,신사동,358,용두,80
S28,개포3동,359,수서,52
S28,논현1동,360,용두,80
S28,논현2동,361,용두,80
S28,삼성1동,362,수서,52
S28,삼성2동,363,용답,79
S28,대치1동,364,수서,52
S28,대치4동,365,수서,52
S28,역삼1동,366,용두,80
S28,역삼2동,367,수서,52
S28,도곡1동,368,수서,52
S28,도곡2동,369,수서,52
S28,개포1동,370,수서,52
S28,개포4동,371,수서,52
S28,일원본동,372,수서,52
S28,일원1동,373,수서,52
S28,수서동,374,수서,52
S28,세곡동,375,수서,52
S28,압구정동,376,용두,80
S28,청담동,377,용답,79
S28,대치2동,378,수서,52
S28,개포2동,379,수서,52
S28,풍납1동,380,용답,79
S28,풍납2동,381,가락시장,0
S28,거여1동,382,경찰병원,5
S28,거여2동,383,경찰병원,5
S28,마천1동,384,경찰병원,5
S28,마천2동,385,경찰병원,5
S28,방이1동,386,오금,76
S28,방이2동,387,가락시장,0
S28,오륜동,388,경찰병원,5
S28,오금동,389,오금,76
S28,송파1동,390,가락시장,0
S28,송파2동,391,가락시장,0
S28,석촌동,392,가락시장,0
S28,삼전동,393,수서,52
S28,가락본동,394,경찰병원,5
S28,가락1동,395,수서,52
S28,가락2동,396,경찰병원,5
S28,문정1동,397,가락시장,0
S28,문정2동,398,가락시장,0
S28,잠실본동,399,수서,52
S28,잠실4동,400,가락시장,0
S28,잠실6동,401,가락시장,0
S28,잠실7동,402,수서,52
S28,잠실2동,403,가락시장,0
S28,잠실3동,404,수서,52
S28,장지동,405,가락시장,0
S28,위례동,406,경찰병원,5
S28,명일1동,407,용답,79
S28,명일2동,408,경찰병원,5
S28,고덕1동,409,용답,79
S28,고덕2동,410,용답,79
S28,암사2동,411,용답,79
S28,암사3동,412,용답,79
S28,천호1동,413,용답,79
S28,천호3동,414,용답,79
S28,성내1동,415,오금,76
S28,성내2동,416,용답,79
S28,성내3동,417,경찰병원,5
S28,둔촌1동,418,경찰병원,5
S28,둔촌2동,419,오금,76
S28,암사1동,420,용답,79
S28,천호2동,421,용답,79
S28,길동,422,오금,76
S28,강일동,423,오금,76
S28,상일1동,424,오금,76
S28,상일2동,425,경찰병원,5
S43,사직동,0,서울역,47
S43,삼청동,1,신설동,62
S43,부암동,2,서울역,47
S43,평창동,3,신이문,127
S43,무악동,4,서울역,47
S43,교남동,5,서울역,47
S43,가회동,6,신설동,62
S43,종로1·2·3·4가동,7,신설동,62
S43,종로5·6가동,8,신설동,62
S43,이화동,9,신설동,62
S43,창신1동,10,신설동,62
S43,창신2동,11,신설동,62
S43,창신3동,12,신설동,62
S43,숭인1동,13,신설동,62
S43,숭인2동,14,신설동,62
S43,청운효자동,15,서울역,47
S43,혜화동,16,신이문,127
S43,소공동,17,서울역,47
S43,회현동,18,서울역,47
S43,명동,19,서울역,47
S43,필동,20,신설동,62
S43,장충동,21,서울역,47
S43,광희동,22,신설동,62
S43,을지로동,23,신설동,62
S43,신당5동,24,용답,79
S43,황학동,25,신설동,62
S43,중림동,26,서울역,47
S43,신당동,27,신설동,62
S43,다산동,28,신설동,62
S43,약수동,29,신설동,62
S43,청구동,30,신설동,62
S43,동화동,31,신설동,62
S43,후암동,32,서울역,47
S43,용산2가동,33,신용산,63
S43,남영동,34,서울역,47
S43,원효로2동,35,대방,119
S43,효창동,36,대방,119
S43,용문동,37,대방,119
S43,이촌1동,38,신용산,63
S43,이촌2동,39,대방,119
S43,이태원1동,40,신용산,63
S43,이태원2동,41,서울역,47
S43,서빙고동,42,신용산,63
S43,보광동,43,신용산,63
S43,청파동,44,서울역,47
S43,원효로1동,45,신용산,63
S43,한강로동,46,신용산,63
S43,한남동,47,용답,79
S43,왕십리2동,48,용답,79
S43,마장동,49,용답,79
S43,사근동,50,용답,79
S43,행당1동,51,용답,79
S43,행당2동,52,용답,79
S43,응봉동,53,용답,79
S43,금호1가동,54,용답,79
S43,금호4가동,55,용답,79
S43,성수1가1동,56,용답,79
S43,성수1가2동,57,용답,79
S43,성수2가1동,58,용답,79
S43,성수2가3동,59,용답,79
S43,송정동,60,용답,79
S43,용답동,61,용답,79
S43,왕십리도선동,62,용답,79
S43,금호2·3가동,63,용답,79
S43,옥수동,64,용답,79
S43,화양동,65,용답,79
S43,군자동,66,용답,79
S43,중곡1동,67,용답,79
S43,중곡2동,68,용답,79
S43,중곡3동,69,신이문,127
S43,중곡4동,70,용답,79
S43,능동,71,용답,79
S43,구의1동,72,용답,79
S43,구의2동,73,용답,79
S43,구의3동,74,용답,79
S43,광장동,75,용답,79
S43,자양1동,76,용답,79
S43,자양2동,77,용답,79
S43,자양3동,78,용답,79
S43,자양4동,79,용답,79
S43,회기동,80,신이문,127
S43,휘경1동,81,신이문,127
S43,휘경2동,82,신이문,127
S43,청량리동,83,신이문,127
S43,용신동,84,용답,79
S43,제기동,85,신이문,127
S43,전농1동,86,신이문,127
S43,전농2동,87,신이문,127
S43,답십리2동,88,용답,79
S43,장안1동,89,용답,79
S43,장안2동,90,신이문,127
S43,이문1동,91,신이문,127
S43,이문2동,92,신이문,127
S43,답십리1동,93,용답,79
S43,면목2동,94,신이문,127
S43,면목4동,95,신이문,127
S43,면목5동,96,신이문,127
S43,면목7동,97,신이문,127
S43,상봉1동,98,신이문,127
S43,상봉2동,99,신이문,127
S43,중화1동,100,신이문,127
S43,중화2동,101,신이문,127
S43,묵1동,102,신이문,127
S43,묵2동,103,신이문,127
S43,망우3동,104,신이문,127
S43,신내1동,105,신이문,127
S43,신내2동,106,신이문,127
S43,면목본동,107,신이문,127
S43,면목3·8동,108,신이문,127
S43,망우본동,109,신이문,127
S43,돈암1동,110,신이문,127
S43,돈암2동,111,신이문,127
S43,안암동,112,신이문,127
S43,보문동,113,신설동,62
S43,정릉1동,114,신이문,127
S43,정릉2동,115,신이문,127
S43,정릉3동,116,신이문,127
S43,정릉4동,117,창동,97
S43,길음1동,118,신이문,127
S43,길음2동,119,신이문,127
S43,월곡1동,120,신이문,127
S43,월곡2동,121,신이문,127
S43,장위1동,122,신이문,127
S43,장위2동,123,신이문,127
S43,장위3동,124,신이문,127
S43,성북동,125,신이문,127
S43,삼선동,126,신이문,127
S43,동선동,127,신이문,127
S43,종암동,128,신이문,127
S43,석관동,129,신이문,127
S43,번1동,130,창동,97
S43,번2동,131,창동,97
S43,번3동,132,신이문,127
S43,수유1동,133,창동,97
S43,수유2동,134,창동,97
S43,수유3동,135,창동,97
S43,삼양동,136,창동,97
S43,미아동,137,창동,97
S43,송중동,138,신이문,127
S43,송천동,139,신이문,127
S43,삼각산동,140,창동,97
S43,우이동,141,창동,97
S43,인수동,142,창동,97
S43,쌍문1동,143,창동,97
S43,쌍문2동,144,창동,97
S43,쌍문3동,145,창동,97
S43,쌍문4동,146,창동,97
S43,방학1동,147,창동,97
S43,방학2동,148,창동,97
S43,방학3동,149,창동,97
S43,창1동,150,창동,97
S43,창2동,151,창동,97
S43,창3동,152,창동,97
S43,창4동,153,창동,97
S43,창5동,154,창동,97
S43,도봉1동,155,창동,97
S43,도봉2동,156,창동,97
S43,월계1동,157,신이문,127
S43,월계2동,158,창동,97
S43,월계3동,159,신이문,127
S43,공릉2동,160,신이문,127
S43,하계1동,161,창동,97
S43,하계2동,162,창동,97
S43,중계본동,163,창동,97
S43,중계1동,164,창동,97
S43,중계4동,165,창동,97
S43,상계1동,166,창동,97
S43,상계2동,167,창동,97
S43,상계5동,168,창동,97
S43,상계8동,169,창동,97
S43,상계9동,170,창동,97
S43,상계10동,171,창동,97
S43,상계3·4동,172,창동,97
S43,상계6·7동,173,창동,97
S43,중계2·3동,174,창동,97
S43,공릉1동,175,신이문,127
S43,녹번동,176,불광,39
S43,불광1동,177,불광,39
S43,갈현1동,178,불광,39
S43,갈현2동,179,불광,39
S43,구산동,180,불광,39
S43,대조동,181,불광,39
S43,응암1동,182,불광,39
S43,응암2동,183,불광,39
S43,신사1동,184,불광,39
S43,신사2동,185,불광,39
S43,증산동,186,구로,113
S43,수색동,187,구로,113
S43,진관동,188,불광,39
S43,불광2동,189,불광,39
S43,응암3동,190,불광,39
S43,역촌동,191,불광,39
S43,천연동,192,서울역,47
S43,홍제1동,193,서울역,47
S43,홍제3동,194,서울역,47
S43,홍제2동,195,서울역,47
S43,홍은1동,196,불광,39
S43,홍은2동,197,불광,39
S43,남가좌1동,198,구로,113
S43,남가좌2동,199,구로,113
S43,북가좌1동,200,구로,113
S43,북가좌2동,201,구로,113
S43,충현동,202,서울역,47
S43,북아현동,203,서울역,47
S43,신촌동,204,서울역,47
S43,연희동,205,구로,113
S43,용강동,206,대방,119
S43,대흥동,207,대방,119
S43,염리동,208,대방,119
S43,신수동,209,대방,119
S43,서교동,210,구로,113
S43,합정동,211,구로,113
S43,망원1동,212,구로,113
S43,망원2동,213,구로,113
S43,연남동,214,구로,113
S43,성산1동,215,구로,113
S43,성산2동,216,구로,113
S43,상암동,217,구로,113
S43,도화동,218,대방,119
S43,서강동,219,구로,113
S43,공덕동,220,서울역,47
S43,아현동,221,서울역,47
S43,목1동,222,양천구청,72
S43,목2동,223,양천구청,72
S43,목3동,224,양천구청,72
S43,목4동,225,양천구청,72
S43,신월1동,226,양천구청,72
S43,신월2동,227,양천구청,72
S43,신월3동,228,양천구청,72
S43,신월4동,229,양천구청,72
S43,신월5동,230,양천구청,72
S43,신월6동,231,양천구청,72
S43,신월7동,232,양천구청,72
S43,신정1동,233,양천구청,72
S43,신정2동,234,양천구청,72
S43,신정3동,235,양천구청,72
S43,신정6동,236,양천구청,72
S43,신정7동,237,양천구청,72
S43,목5동,238,양천구청,72
S43,신정4동,239,양천구청,72
S43,염창동,240,양천구청,72
S43,등촌1동,241,양천구청,72
S43,등촌2동,242,양천구청,72
S43,등촌3동,243,양천구청,72
S43,화곡본동,244,양천구청,72
S43,화곡2동,245,양천구청,72
S43,화곡3동,246,양천구청,72
S43,화곡4동,247,양천구청,72
S43,화곡6동,248,양천구청,72
S43,화곡8동,249,양천구청,72
S43,가양2동,250,양천구청,72
S43,가양3동,251,양천구청,72
S43,발산1동,252,양천구청,72
S43,공항동,253,양천구청,72
S43,방화1동,254,양천구청,72
S43,방화2동,255,양천구청,72
S43,화곡1동,256,양천구청,72
S43,우장산동,257,양천구청,72
S43,가양1동,258,양천구청,72
S43,방화3동,259,양천구청,72
S43,신도림동,260,구로,113
S43,구로1동,261,구로,113
S43,구로3동,262,구로,113
S43,구로4동,263,구로,113
S43,구로5동,264,구로,113
S43,고척1동,265,구로,113
S43,고척2동,266,양천구청,72
S43,개봉2동,267,구로,113
S43,개봉3동,268,구로,113
S43,오류1동,269,양천구청,72
S43,수궁동,270,양천구청,72
S43,가리봉동,271,구로,113
S43,구로2동,272,구로,113
S43,개봉1동,273,양천구청,72
S43,오류2동,274,양천구청,72
S43,항동,275,양천구청,72
S43,가산동,276,구로,113
S43,독산1동,277,구로,113
S43,독산2동,278,구로,113
S43,독산3동,279,구로,113
S43,독산4동,280,구로,113
S43,시흥1동,281,구로,113
S43,시흥2동,282,구로,113
S43,시흥3동,283,구로,113
S43,시흥4동,284,구로,113
S43,시흥5동,285,구로,113
S43,여의동,286,대방,119
S43,당산1동,287,구로,113
S43,당산2동,288,구로,113
S43,양평1동,289,구로,113
S43,양평2동,290,구로,113
S43,신길1동,291,구로,113
S43,신길3동,292,구로,113
S43,신길4동,293,구로,113
S43,신길5동,294,구로,113
S43,신길6동,295,구로,113
S43,신길7동,296,대방,119
S43,대림1동,297,구로,113
S43,대림2동,298,구로,113
S43,대림3동,299,구로,113
S43,영등포본동,300,구로,113
S43,영등포동,301,구로,113
S43,도림동,302,구로,113
S43,문래동,303,구로,113
S43,노량진2동,304,대방,119
S43,상도1동,305,대방,119
S43,상도2동,306,대방,119
S43,상도3동,307,구로,113
S43,상도4동,308,구로,113
S43,사당1동,309,총신대입구,99
S43,사당3동,310,총신대입구,99
S43,사당4동,311,총신대입구,99
S43,사당5동,312,총신대입구,99
S43,대방동,313,대방,119
S43,신대방1동,314,구로,113
S43,신대방2동,315,구로,113
S43,흑석동,316,대방,119
S43,노량진1동,317,대방,119
S43,사당2동,318,총신대입구,99
S43,보라매동,319,구로,113
S43,청림동,320,대방,119
S43,행운동,321,총신대입구,99
S43,낙성대동,322,총신대입구,99
S43,중앙동,323,구로,113
S43,인헌동,324,총신대입구,99
S43,남현동,325,구로,113
S43,서원동,326,구로,113
S43,신원동,327,구로,113
S43,서림동,328,구로,113
S43,신사동,329,구로,113
S43,신림동,330,구로,113
S43,난향동,331,구로,113
S43,조원동,332,구로,113
S43,대학동,333,구로,113
S43,은천동,334,구로,113
S43,성현동,335,구로,113
S43,청룡동,336,구로,113
S43,난곡동,337,구로,113
S43,삼성동,338,구로,113
S43,미성동,339,구로,113
S43,서초1동,340,역삼,73
S43,서초2동,341,역삼,73
S43,서초3동,342,총신대입구,99
S43,서초4동,343,역삼,73
S43,잠원동,344,압구정,69
S43,반포본동,345,총신대입구,99
S43,반포1동,346,역삼,73
S43,반포2동,347,총신대입구,99
S43,반포3동,348,압구정,69
S43,반포4동,349,총신대입구,99
S43,방배본동,350,총신대입구,99
S43,방배1동,351,총신대입구,99
S43,방배2동,352,총신대입구,99
S43,방배3동,353,총신대입구,99
S43,방배4동,354,총신대입구,99
S43,양재1동,355,도곡,22
S43,양재2동,356,도곡,22
S43,내곡동,357,수서,52
S43,신사동,358,압구정,69
S43,개포3동,359,수서,52
S43,논현1동,360,역삼,73
S43,논현2동,361,압구정,69
S43,삼성1동,362,수서,52
S43,삼성2동,363,역삼,73
S43,대치1동,364,도곡,22
S43,대치4동,365,도곡,22
S43,역삼1동,366,역삼,73
S43,역삼2동,367,역삼,73
S43,도곡1동,368,도곡,22
S43,도곡2동,369,도곡,22
S43,개포1동,370,수서,52
S43,개포4동,371,도곡,22
S43,일원본동,372,수서,52
S43,일원1동,373,수서,52
S43,수서동,374,수서,52
S43,세곡동,375,수서,52
S43,압구정동,376,압구정,69
S43,청담동,377,용답,79
S43,대치2동,378,수서,52
S43,개포2동,379,수서,52
S43,풍납1동,380,용답,79
S43,풍납2동,381,용답,79
S43,거여1동,382,수서,52
S43,거여2동,383,수서,52
S43,마천1동,384,수서,52
S43,마천2동,385,수서,52
S43,방이1동,386,수서,52
S43,방이2동,387,수서,52
S43,오륜동,388,수서,52
S43,오금동,389,수서,52
S43,송파1동,390,수서,52
S43,송파2동,391,수서,52
S43,석촌동,392,수서,52
S43,삼전동,393,수서,52
S43,가락본동,394,수서,52
S43,가락1동,395,수서,52
S43,가락2동,396,수서,52
S43,문정1동,397,수서,52
S43,문정2동,398,수서,52
S43,잠실본동,399,수서,52
S43,잠실4동,400,수서,52
S43,잠실6동,401,수서,52
S43,잠실7동,402,수서,52
S43,잠실2동,403,용답,79
S43,잠실3동,404,수서,52
S43,장지동,405,수서,52
S43,위례동,406,수서,52
S43,명일1동,407,용답,79
S43,명일2동,408,용답,79
S43,고덕1동,409,용답,79
S43,고덕2동,410,용답,79
S43,암사2동,411,용답,79
S43,암사3동,412,용답,79
S43,천호1동,413,용답,79
S43,천호3동,414,용답,79
S43,성내1동,415,용답,79
S43,성내2동,416,용답,79
S43,성내3동,417,수서,52
S43,둔촌1동,418,수서,52
S43,둔촌2동,419,수서,52
S43,암사1동,420,용답,79
S43,천호2동,421,용답,79
S43,길동,422,용답,79
S43,강일동,423,용답,79
S43,상일1동,424,용답,79
S43,상일2동,425,용답,79
S30,사직동,0,충정로,101
S30,삼청동,1,청량리,98
S30,부암동,2,충정로,101
S30,평창동,3,신이문,127
S30,무악동,4,충정로,101
S30,교남동,5,충정로,101
S30,가회동,6,청량리,98
S30,종로1·2·3·4가동,7,청량리,98
S30,종로5·6가동,8,청량리,98
S30,이화동,9,청량리,98
S30,창신1동,10,청량리,98
S30,창신2동,11,청량리,98
S30,창신3동,12,청량리,98
S30,숭인1동,13,청량리,98
S30,숭인2동,14,청량리,98
S30,청운효자동,15,충정로,101
S30,혜화동,16,청량리,98
S30,소공동,17,충정로,101
S30,회현동,18,충정로,101
S30,명동,19,충정로,101
S30,필동,20,용답,79
S30,장충동,21,신용산,63
S30,광희동,22,용답,79
S30,을지로동,23,용답,79
S30,신당5동,24,용답,79
S30,황학동,25,용답,79
S30,중림동,26,충정로,101
S30,신당동,27,용답,79
S30,다산동,28,용답,79
S30,약수동,29,용답,79
S30,청구동,30,용답,79
S30,동화동,31,용답,79
S30,후암동,32,충정로,101
S30,용산2가동,33,신용산,63
S30,남영동,34,신용산,63
S30,원효로2동,35,신용산,63
S30,효창동,36,신용산,63
S30,용문동,37,신용산,63
S30,이촌1동,38,신용산,63
S30,이촌2동,39,신용산,63
S30,이태원1동,40,신용산,63
S30,이태원2동,41,신용산,63
S30,서빙고동,42,신용산,63
S30,보광동,43,신용산,63
S30,청파동,44,신용산,63
S30,원효로1동,45,신용산,63
S30,한강로동,46,신용산,63
S30,한남동,47,용답,79
S30,왕십리2동,48,용답,79
S30,마장동,49,용답,79
S30,사근동,50,용답,79
S30,행당1동,51,용답,79
S30,행당2동,52,용답,79
S30,응봉동,53,용답,79
S30,금호1가동,54,용답,79
S30,금호4가동,55,용답,79
S30,성수1가1동,56,용답,79
S30,성수1가2동,57,용답,79
S30,성수2가1동,58,용답,79
S30,성수2가3동,59,용답,79
S30,송정동,60,용답,79
S30,용답동,61,용답,79
S30,왕십리도선동,62,용답,79
S30,금호2·3가동,63,용답,79
S30,옥수동,64,용답,79
S30,화양동,65,용답,79
S30,군자동,66,용답,79
S30,중곡1동,67,용답,79
S30,중곡2동,68,용답,79
S30,중곡3동,69,용답,79
S30,중곡4동,70,용답,79
S30,능동,71,용답,79
S30,구의1동,72,용답,79
S30,구의2동,73,용답,79
S30,구의3동,74,용답,79
S30,광장동,75,용답,79
S30,자양1동,76,용답,79
S30,자양2동,77,용답,79
S30,자양3동,78,용답,79
S30,자양4동,79,용답,79
S30,회기동,80,신이문,127
S30,휘경1동,81,신이문,127
S30,휘경2동,82,신이문,127
S30,청량리동,83,청량리,98
S30,용신동,84,청량리,98
S30,제기동,85,청량리,98
S30,전농1동,86,청량리,98
S30,전농2동,87,용답,79
S30,답십리2동,88,용답,79
S30,장안1동,89,용답,79
S30,장안2동,90,용답,79
S30,이문1동,91,신이문,127
S30,이문2동,92,신이문,127
S30,답십리1동,93,용답,79
S30,면목2동,94,신이문,127
S30,면목4동,95,용답,79
S30,면목5동,96,신이문,127
S30,면목7동,97,신이문,127
S30,상봉1동,98,신이문,127
S30,상봉2동,99,신이문,127
S30,중화1동,100,신이문,127
S30,중화2동,101,신이문,127
S30,묵1동,102,신이문,127
S30,묵2동,103,신이문,127
S30,망우3동,104,신이문,127
S30,신내1동,105,신이문,127
S30,신내2동,106,신이문,127
S30,면목본동,107,신이문,127
S30,면목3·8동,108,신이문,127
S30,망우본동,109,신이문,127
S30,돈암1동,110,청량리,98
S30,돈암2동,111,청량리,98
S30,안암동,112,청량리,98
S30,보문동,113,청량리,98
S30,정릉1동,114,신이문,127
S30,정릉2동,115,청량리,98
S30,정릉3동,116,신이문,127
S30,정릉4동,117,창동,97
S30,길음1동,118,신이문,127
S30,길음2동,119,신이문,127
S30,월곡1동,120,신이문,127
S30,월곡2동,121,신이문,127
S30,장위1동,122,신이문,127
S30,장위2동,123,신이문,127
S30,장위3동,124,신이문,127
S30,성북동,125,청량리,98
S30,삼선동,126,청량리,98
S30,동선동,127,청량리,98
S30,종암동,128,청량리,98
S30,석관동,129,신이문,127
S30,번1동,130,창동,97
S30,번2동,131,창동,97
S30,번3동,132,신이문,127
S30,수유1동,133,창동,97
S30,수유2동,134,창동,97
S30,수유3동,135,창동,97
S30,삼양동,136,창동,97
S30,미아동,137,창동,97
S30,송중동,138,신이문,127
S30,송천동,139,신이문,127
S30,삼각산동,140,창동,97
S30,우이동,141,창동,97
S30,인수동,142,창동,97
S30,쌍문1동,143,창동,97
S30,쌍문2동,144,창동,97
S30,쌍문3동,145,창동,97
S30,쌍문4동,146,창동,97
S30,방학1동,147,창동,97
S30,방학2동,148,창동,97
S30,방학3동,149,창동,97
S30,창1동,150,창동,97
S30,창2동,151,창동,97
S30,창3동,152,창동,97
S30,창4동,153,창동,97
S30,창5동,154,창동,97
S30,도봉1동,155,창동,97
S30,도봉2동,156,창동,97
S30,월계1동,157,신이문,127
S30,월계2동,158,창동,97
S30,월계3동,159,신이문,127
S30,공릉2동,160,신이문,127
S30,하계1동,161,창동,97
S30,하계2동,162,창동,97
S30,중계본동,163,창동,97
S30,중계1동,164,창동,97
S30,중계4동,165,창동,97
S30,상계1동,166,창동,97
S30,상계2동,167,창동,97
S30,상계5동,168,창동,97
S30,상계8동,169,창동,97
S30,상계9동,170,창동,97
S30,상계10동,171,창동,97
S30,상계3·4동,172,창동,97
S30,상계6·7동,173,창동,97
S30,중계2·3동,174,창동,97
S30,공릉1동,175,신이문,127
S30,녹번동,176,불광,39
S30,불광1동,177,불광,39
S30,갈현1동,178,불광,39
S30,갈현2동,179,불광,39
S30,구산동,180,불광,39
S30,대조동,181,불광,39
S30,응암1동,182,불광,39
S30,응암2동,183,불광,39
S30,신사1동,184,불광,39
S30,신사2동,185,불광,39
S30,증산동,186,양천구청,72
S30,수색동,187,구로,113
S30,진관동,188,불광,39
S30,불광2동,189,불광,39
S30,응암3동,190,불광,39
S30,역촌동,191,불광,39
S30,천연동,192,충정로,101
S30,홍제1동,193,충정로,101
S30,홍제3동,194,충정로,101
S30,홍제2동,195,충정로,101
S30,홍은1동,196,불광,39
S30,홍은2동,197,불광,39
S30,남가좌1동,198,구로,113
S30,남가좌2동,199,구로,113
S30,북가좌1동,200,구로,113
S30,북가좌2동,201,불광,39
S30,충현동,202,충정로,101
S30,북아현동,203,충정로,101
S30,신촌동,204,충정로,101
S30,연희동,205,충정로,101
S30,용강동,206,신용산,63
S30,대흥동,207,충정로,101
S30,염리동,208,충정로,101
S30,신수동,209,구로,113
S30,서교동,210,구로,113
S30,합정동,211,구로,113
S30,망원1동,212,구로,113
S30,망원2동,213,구로,113
S30,연남동,214,구로,113
S30,성산1동,215,구로,113
S30,성산2동,216,구로,113
S30,상암동,217,구로,113
S30,도화동,218,신용산,63
S30,서강동,219,구로,113
S30,공덕동,220,충정로,101
S30,아현동,221,충정로,101
S30,목1동,222,양천구청,72
S30,목2동,223,양천구청,72
S30,목3동,224,양천구청,72
S30,목4동,225,양천구청,72
S30,신월1동,226,양천구청,72
S30,신월2동,227,양천구청,72
S30,신월3동,228,양천구청,72
S30,신월4동,229,양천구청,72
S30,신월5동,230,양천구청,72
S30,신월6동,231,양천구청,72
S30,신월7동,232,양천구청,72
S30,신정1동,233,양천구청,72
S30,신정2동,234,양천구청,72
S30,신정3동,235,양천구청,72
S30,신정6동,236,양천구청,72
S30,신정7동,237,양천구청,72
S30,목5동,238,양천구청,72
S30,신정4동,239,양천구청,72
S30,염창동,240,양천구청,72
S30,등촌1동,241,양천구청,72
S30,등촌2동,242,양천구청,72
S30,등촌3동,243,양천구청,72
S30,화곡본동,244,양천구청,72
S30,화곡2동,245,양천구청,72
S30,화곡3동,246,양천구청,72
S30,화곡4동,247,양천구청,72
S30,화곡6동,248,양천구청,72
S30,화곡8동,249,양천구청,72
S30,가양2동,250,양천구청,72
S30,가양3동,251,양천구청,72
S30,발산1동,252,양천구청,72
S30,공항동,253,양천구청,72
S30,방화1동,254,양천구청,72
S30,방화2동,255,양천구청,72
S30,화곡1동,256,양천구청,72
S30,우장산동,257,양천구청,72
S30,가양1동,258,양천구청,72
S30,방화3동,259,양천구청,72
S30,신도림동,260,구로,113
S30,구로1동,261,구로,113
S30,구로3동,262,구로,113
S30,구로4동,263,구로,113
S30,구로5동,264,구로,113
S30,고척1동,265,구로,113
S30,고척2동,266,양천구청,72
S30,개봉2동,267,양천구청,72
S30,개봉3동,268,양천구청,72
S30,오류1동,269,양천구청,72
S30,수궁동,270,양천구청,72
S30,가리봉동,271,구로,113
S30,구로2동,272,구로,113
S30,개봉1동,273,양천구청,72
S30,오류2동,274,양천구청,72
S30,항동,275,양천구청,72
S30,가산동,276,구로,113
S30,독산1동,277,구로,113
S30,독산2동,278,구로,113
S30,독산3동,279,구로,113
S30,독산4동,280,구로,113
S30,시흥1동,281,구로,113
S30,시흥2동,282,구로,113
S30,시흥3동,283,구로,113
S30,시흥4동,284,구로,113
S30,시흥5동,285,구로,113
S30,여의동,286,구로,113
S30,당산1동,287,구로,113
S30,당산2동,288,구로,113
S30,양평1동,289,구로,113
S30,양평2동,290,구로,113
S30,신길1동,291,구로,113
S30,신길3동,292,구로,113
S30,신길4동,293,구로,113
S30,신길5동,294,구로,113
S30,신길6동,295,구로,113
S30,신길7동,296,구로,113
S30,대림1동,297,구로,113
S30,대림2동,298,구로,113
S30,대림3동,299,구로,113
S30,영등포본동,300,구로,113
S30,영등포동,301,구로,113
S30,도림동,302,구로,113
S30,문래동,303,구로,113
S30,노량진2동,304,구로,113
S30,상도1동,305,총신대입구,99
S30,상도2동,306,구로,113
S30,상도3동,307,구로,113
S30,상도4동,308,구로,113
S30,사당1동,309,총신대입구,99
S30,사당3동,310,총신대입구,99
S30,사당4동,311,총신대입구,99
S30,사당5동,312,총신대입구,99
S30,대방동,313,구로,113
S30,신대방1동,314,구로,113
S30,신대방2동,315,구로,113
S30,흑석동,316,신용산,63
S30,노량진1동,317,신용산,63
S30,사당2동,318,총신대입구,99
S30,보라매동,319,구로,113
S30,청림동,320,총신대입구,99
S30,행운동,321,총신대입구,99
S30,낙성대동,322,총신대입구,99
S30,중앙동,323,총신대입구,99
S30,인헌동,324,총신대입구,99
S30,남현동,325,총신대입구,99
S30,서원동,326,구로,113
S30,신원동,327,구로,113
S30,서림동,328,구로,113
S30,신사동,329,구로,113
S30,신림동,330,구로,113
S30,난향동,331,구로,113
S30,조원동,332,구로,113
S30,대학동,333,구로,113
S30,은천동,334,구로,113
S30,성현동,335,총신대입구,99
S30,청룡동,336,구로,113
S30,난곡동,337,구로,113
S30,삼성동,338,구로,113
S30,미성동,339,구로,113
S30,서초1동,340,교대,7
S30,서초2동,341,교대,7
S30,서초3동,342,교대,7
S30,서초4동,343,교대,7
S30,잠원동,344,교대,7
S30,반포본동,345,총신대입구,99
S30,반포1동,346,교대,7
S30,반포2동,347,총신대입구,99
S30,반포3동,348,용답,79
S30,반포4동,349,교대,7
S30,방배본동,350,총신대입구,99
S30,방배1동,351,총신대입구,99
S30,방배2동,352,총신대입구,99
S30,방배3동,353,총신대입구,99
S30,방배4동,354,총신대입구,99
S30,양재1동,355,교대,7
S30,양재2동,356,수서,52
S30,내곡동,357,수서,52
S30,신사동,358,용답,79
S30,개포3동,359,수서,52
S30,논현1동,360,교대,7
S30,논현2동,361,용답,79
S30,삼성1동,362,수서,52
S30,삼성2동,363,수서,52
S30,대치1동,364,수서,52
S30,대치4동,365,수서,52
S30,역삼1동,366,교대,7
S30,역삼2동,367,수서,52
S30,도곡1동,368,수서,52
S30,도곡2동,369,수서,52
S30,개포1동,370,수서,52
S30,개포4동,371,수서,52
S30,일원본동,372,수서,52
S30,일원1동,373,수서,52
S30,수서동,374,수서,52
S30,세곡동,375,수서,52
S30,압구정동,376,용답,79
S30,청담동,377,용답,79
S30,대치2동,378,수서,52
S30,개포2동,379,수서,52
S30,풍납1동,380,용답,79
S30,풍납2동,381,수서,52
S30,거여1동,382,수서,52
S30,거여2동,383,수서,52
S30,마천1동,384,수서,52
S30,마천2동,385,수서,52
S30,방이1동,386,수서,52
S30,방이2동,387,수서,52
S30,오륜동,388,수서,52
S30,오금동,389,수서,52
S30,송파1동,390,수서,52
S30,송파2동,391,수서,52
S30,석촌동,392,수서,52
S30,삼전동,393,수서,52
S30,가락본동,394,수서,52
S30,가락1동,395,수서,52
S30,가락2동,396,수서,52
S30,문정1동,397,수서,52
S30,문정2동,398,수서,52
S30,잠실본동,399,수서,52
S30,잠실4동,400,수서,52
S30,잠실6동,401,수서,52
S30,잠실7동,402,수서,52
S30,잠실2동,403,수서,52
S30,잠실3동,404,수서,52
S30,장지동,405,수서,52
S30,위례동,406,수서,52
S30,명일1동,407,용답,79
S30,명일2동,408,수서,52
S30,고덕1동,409,용답,79
S30,고덕2동,410,용답,79
S30,암사2동,411,용답,79
S30,암사3동,412,용답,79
S30,천호1동,413,용답,79
S30,천호3동,414,용답,79
S30,성내1동,415,수서,52
S30,성내2동,416,용답,79
S30,성내3동,417,수서,52
S30,둔촌1동,418,수서,52
S30,둔촌2동,419,수서,52
S30,암사1동,420,용답,79
S30,천호2동,421,용답,79
S30,길동,422,수서,52
S30,강일동,423,용답,79
S30,상일1동,424,수서,52
S30,상일2동,425,수서,52
